{
  "Colors": [ [ 0.137254909, 0.13333334, 0.129411772, 1.0 ], [ 0.796078444, 0.184313729, 0.172549024, 1.0 ], [ 0.105882354, 0.5882353, 0.7294118, 1.0 ], [ 0.945098042, 0.745098054, 0.2627451, 1.0 ], [ 0.8862745, 0.9137255, 0.9137255, 1.0 ]
  ],
  "ColorMethod": 4,
  "MaterialIndex": 0,
  "GeneratorType": 9,
  "GeneratorParameters": {
    "type": 2,
    "x": 6,
    "y": 5,
    "z": 5
  },
  "Vertices": null,
  "Faces": null,
  "FaceRoles": null,
  "VertexRoles": null,
  "FaceTags": null,
  "Operations": [
    {
      "operation": 10,
      "param1": 0.499,
      "param1Randomize": false,
      "param2": 0.0,
      "param2Randomize": false,
      "paramColor": [ 0.0, 0.0, 0.0, 1.0 ],
      "disabled": false,
      "filterType": 0,
      "filterParamFloat": 0.0,
      "filterParamInt": 0,
      "filterNot": false
    }
  ]
}
