# Blender 5.1.2
# www.blender.org
mtllib frame_controller_left_body.mtl
o frame_controller_left_body
v -0.016432 -0.004328 0.070388
v -0.015498 -0.008061 0.070745
v -0.014979 -0.009326 0.071168
v -0.014409 -0.010384 0.072010
v -0.013924 -0.011050 0.073550
v -0.013588 -0.011325 0.077275
v -0.013704 -0.011090 0.080433
v -0.014327 -0.009864 0.081852
v -0.014785 -0.008690 0.082313
v -0.015118 -0.007595 0.082468
v -0.015629 -0.004882 0.082548
v -0.016585 -0.004275 0.069115
v -0.015549 -0.008256 0.069467
v -0.014881 -0.009802 0.069973
v -0.014110 -0.011108 0.070876
v -0.013133 -0.012296 0.072899
v -0.012556 -0.012739 0.077748
v -0.013100 -0.012085 0.081494
v -0.013991 -0.010609 0.082898
v -0.014594 -0.009228 0.083428
v -0.015050 -0.007823 0.083662
v -0.015582 -0.004933 0.083860
v -0.015469 -0.004292 0.082447
v -0.016265 -0.003744 0.070525
v -0.016362 -0.003690 0.069127
v -0.015368 -0.004345 0.083872
v -0.017549 -0.007437 0.074223
v -0.016711 -0.009773 0.075008
v -0.016621 -0.009786 0.076932
v -0.016561 -0.009801 0.078734
v -0.017337 -0.007363 0.079031
v -0.017125 -0.008630 0.074581
v -0.017016 -0.008414 0.078880
v -0.018219 -0.004277 0.073495
v -0.016216 -0.004494 0.073488
v -0.017806 -0.004536 0.079359
v -0.015822 -0.004766 0.079449
v -0.016066 -0.003881 0.073506
v -0.015668 -0.004155 0.079466
v -0.013690 -0.011260 0.075450
v -0.013528 -0.011384 0.078873
v -0.012775 -0.012600 0.074582
v -0.012627 -0.012670 0.079863
v -0.015965 -0.006195 0.070566
v -0.015374 -0.006239 0.082508
v -0.016327 -0.005974 0.069229
v -0.015522 -0.006148 0.083803
v -0.017683 -0.006021 0.079195
v -0.017985 -0.005987 0.073900
v -0.014159 -0.010755 0.072640
v -0.013981 -0.010580 0.081267
v -0.013584 -0.011805 0.071772
v -0.013534 -0.011429 0.082315
v -0.018365 -0.004134 0.070449
v -0.018501 -0.004124 0.070606
v -0.017801 -0.007390 0.070859
v -0.017668 -0.007430 0.070709
v -0.017134 -0.008960 0.071184
v -0.017275 -0.008921 0.071337
v -0.016714 -0.009908 0.071940
v -0.016853 -0.009874 0.072089
v -0.016468 -0.010497 0.073648
v -0.016297 -0.010595 0.073516
v -0.016004 -0.010846 0.077148
v -0.016214 -0.010681 0.077113
v -0.016015 -0.010688 0.080212
v -0.016197 -0.010588 0.080069
v -0.016471 -0.009517 0.081677
v -0.016615 -0.009511 0.081514
v -0.016851 -0.008317 0.082105
v -0.016999 -0.008297 0.081937
v -0.017124 -0.007225 0.082254
v -0.017275 -0.007205 0.082085
v -0.017519 -0.004668 0.082408
v -0.017676 -0.004643 0.082245
v -0.016108 -0.010780 0.075335
v -0.016317 -0.010619 0.075279
v -0.015940 -0.010901 0.078696
v -0.016148 -0.010733 0.078698
v -0.018163 -0.005758 0.070734
v -0.018014 -0.005789 0.070580
v -0.017323 -0.005937 0.082332
v -0.017489 -0.005910 0.082166
v -0.016462 -0.010351 0.072706
v -0.016616 -0.010291 0.072860
v -0.016199 -0.010237 0.081083
v -0.016360 -0.010190 0.080920
v -0.014496 -0.010455 0.070424
v -0.014685 -0.009902 0.071524
v -0.016915 -0.009482 0.071496
v -0.017056 -0.009446 0.071647
v -0.014292 -0.009918 0.083163
v -0.014570 -0.009350 0.082135
v -0.016675 -0.008990 0.081943
v -0.016821 -0.008977 0.081777
v -0.015250 0.014029 0.058556
v -0.013026 0.015110 0.060924
v -0.014722 0.014942 0.062848
v -0.016955 0.013765 0.060345
v -0.012231 0.015916 0.065257
v -0.010582 0.015992 0.063201
v -0.009573 0.016625 0.067488
v -0.008006 0.016634 0.065327
v -0.006767 0.017072 0.069544
v -0.005304 0.017038 0.067312
v -0.003774 0.017262 0.071466
v -0.002491 0.017202 0.069128
v -0.000634 0.017182 0.073188
v 0.000406 0.017118 0.070711
v 0.002565 0.016829 0.074637
v 0.003348 0.016784 0.071998
v 0.005787 0.016199 0.075782
v 0.006394 0.016196 0.072972
v -0.017220 0.012773 0.056114
v -0.018930 0.012401 0.057743
v -0.018930 0.011346 0.053584
v -0.020644 0.010855 0.055030
v -0.020354 0.009770 0.050972
v -0.022068 0.009162 0.052231
v -0.021487 0.008063 0.048290
v -0.023178 0.007358 0.049379
v -0.022304 0.006238 0.045536
v -0.023977 0.005425 0.046436
v -0.022778 0.004314 0.042743
v -0.024425 0.003452 0.043537
v -0.022890 0.002297 0.039926
v -0.024532 0.001364 0.040583
v -0.022656 0.000263 0.037164
v -0.024300 -0.000714 0.037742
v -0.022095 -0.001798 0.034437
v -0.023735 -0.002833 0.034932
v -0.021221 -0.003865 0.031776
v -0.022836 -0.004964 0.032198
v -0.020051 -0.005900 0.029236
v -0.021611 -0.007076 0.029580
v -0.018588 -0.007899 0.026824
v -0.020061 -0.009160 0.027088
v -0.016843 -0.009838 0.024574
v -0.018212 -0.011178 0.024768
v -0.014830 -0.011693 0.022516
v -0.016075 -0.013117 0.022634
v -0.010068 -0.015102 0.019039
v -0.011049 -0.016661 0.019037
v -0.013686 -0.014945 0.020723
v -0.012568 -0.013451 0.020668
v -0.007363 -0.016624 0.017650
v -0.008220 -0.018229 0.017607
v -0.004470 -0.018005 0.016507
v -0.005190 -0.019657 0.016425
v -0.001406 -0.019232 0.015620
v -0.001989 -0.020926 0.015506
v 0.001799 -0.020288 0.014997
v 0.001346 -0.022025 0.014864
v 0.005132 -0.021172 0.014643
v 0.004789 -0.022950 0.014509
v 0.008496 -0.021872 0.014564
v 0.008287 -0.023710 0.014450
v 0.011726 -0.022374 0.014749
v 0.011684 -0.024258 0.014681
v 0.014577 -0.022665 0.015121
v 0.014519 -0.024579 0.015075
v 0.017411 -0.022804 0.015685
v 0.017568 -0.024778 0.015711
v 0.020387 -0.022809 0.016500
v 0.020896 -0.024829 0.016676
v 0.023470 -0.022654 0.017585
v 0.024237 -0.024684 0.017936
v 0.026611 -0.022319 0.018971
v 0.027515 -0.024332 0.019498
v 0.029754 -0.021792 0.020681
v 0.030622 -0.023773 0.021310
v 0.032920 -0.021044 0.022774
v 0.033612 -0.023011 0.023438
v 0.035937 -0.020102 0.025217
v 0.036440 -0.022057 0.025897
v 0.038567 -0.019009 0.027918
v 0.038914 -0.020984 0.028551
v 0.040986 -0.017664 0.031082
v 0.041358 -0.019619 0.031840
v 0.042991 -0.016122 0.034600
v 0.043405 -0.018070 0.035475
v 0.044469 -0.014453 0.038305
v 0.044941 -0.016417 0.039271
v 0.045413 -0.012676 0.042138
v 0.045967 -0.014663 0.043200
v 0.045817 -0.010831 0.046012
v 0.046474 -0.012811 0.047223
v 0.045705 -0.008959 0.049840
v 0.046454 -0.010884 0.051244
v 0.045093 -0.007035 0.053634
v 0.045909 -0.008894 0.055181
v 0.044019 -0.005114 0.057223
v 0.044876 -0.006867 0.058901
v 0.042570 -0.003237 0.060385
v 0.043502 -0.004928 0.062143
v 0.040609 -0.001254 0.063394
v 0.041752 -0.002958 0.065102
v 0.038315 0.000715 0.066189
v 0.039263 -0.000701 0.068093
v 0.035416 0.002883 0.068731
v 0.036212 0.001659 0.070781
v 0.032035 0.005139 0.070815
v 0.032636 0.004121 0.073139
v 0.028651 0.007171 0.072228
v 0.029248 0.006264 0.074774
v 0.025123 0.009099 0.073322
v 0.025700 0.008284 0.075982
v 0.021379 0.010924 0.073986
v 0.021761 0.010333 0.076851
v 0.017383 0.012649 0.074229
v 0.017503 0.012298 0.077242
v 0.013395 0.014147 0.074091
v 0.013180 0.013993 0.077177
v 0.009713 0.015327 0.073666
v 0.009272 0.015266 0.076646
v 0.027665 0.007275 0.069474
v 0.024363 0.008855 0.069304
v 0.030831 0.005484 0.068514
v 0.034213 0.003293 0.066578
v 0.036816 0.001310 0.064202
v 0.038703 -0.000467 0.061357
v 0.039586 -0.001870 0.058270
v 0.039788 -0.003215 0.054478
v 0.039228 -0.004716 0.049936
v 0.020878 0.010259 0.068454
v 0.017342 0.011349 0.066900
v 0.014016 0.012032 0.065086
v 0.041583 -0.003994 0.055386
v 0.041854 -0.005539 0.051622
v 0.020810 0.010686 0.070650
v 0.016992 0.012072 0.069630
v 0.012846 0.013236 0.068135
v 0.042096 -0.007319 0.047846
v -0.014106 0.015139 0.062046
v -0.016338 0.014004 0.059587
v -0.011639 0.016072 0.064406
v -0.009013 0.016755 0.066609
v -0.006237 0.017185 0.068659
v -0.003307 0.017364 0.070549
v -0.000255 0.017284 0.072223
v 0.002861 0.016941 0.073609
v 0.006063 0.016330 0.074686
v -0.018315 0.012689 0.057041
v -0.020029 0.011200 0.054395
v -0.021458 0.009563 0.051663
v -0.022579 0.007801 0.048863
v -0.023378 0.005919 0.045996
v -0.023826 0.003953 0.043119
v -0.023919 0.001895 0.040228
v -0.023669 -0.000177 0.037407
v -0.023092 -0.002276 0.034629
v -0.022193 -0.004384 0.031923
v -0.020985 -0.006469 0.029333
v -0.019471 -0.008519 0.026873
v -0.017666 -0.010510 0.024577
v -0.015586 -0.012417 0.022471
v -0.013250 -0.014223 0.020578
v -0.010672 -0.015915 0.018910
v -0.007885 -0.017470 0.017489
v -0.004906 -0.018877 0.016321
v -0.001757 -0.020122 0.015412
v 0.001529 -0.021194 0.014775
v 0.004932 -0.022091 0.014414
v 0.008369 -0.022808 0.014338
v 0.011673 -0.023322 0.014529
v 0.014599 -0.023627 0.014909
v 0.017559 -0.023787 0.015513
v 0.020698 -0.023799 0.016382
v 0.023914 -0.023640 0.017545
v 0.027132 -0.023290 0.019012
v 0.030279 -0.022742 0.020790
v 0.033372 -0.021985 0.022928
v 0.036306 -0.021041 0.025395
v 0.038896 -0.019934 0.028137
v 0.041315 -0.018584 0.031365
v 0.043345 -0.017048 0.034951
v 0.044867 -0.015396 0.038730
v 0.045868 -0.013625 0.042631
v 0.046339 -0.011769 0.046609
v 0.046286 -0.009860 0.050557
v 0.045716 -0.007899 0.054435
v 0.044667 -0.005928 0.058094
v 0.043251 -0.003997 0.061361
v 0.041392 -0.002003 0.064398
v 0.038966 0.000120 0.067272
v 0.035966 0.002395 0.069885
v 0.032531 0.004728 0.072103
v 0.029138 0.006812 0.073682
v 0.025548 0.008832 0.074861
v 0.021670 0.010767 0.075642
v 0.017528 0.012598 0.075997
v 0.013369 0.014192 0.075925
v 0.009528 0.015424 0.075469
v 0.018555 0.010042 0.062457
v 0.015670 0.010227 0.060798
v 0.021424 0.009463 0.063773
v 0.024245 0.008543 0.064547
v 0.026932 0.007389 0.064658
v 0.029531 0.006060 0.064103
v 0.032064 0.004519 0.062732
v 0.034145 0.002891 0.060851
v 0.035617 0.001308 0.058498
v 0.036346 -0.000005 0.055937
v 0.036305 -0.001298 0.052734
v 0.035285 -0.002546 0.049151
v 0.033770 -0.003790 0.046021
v 0.015060 0.011063 0.063018
v 0.017928 0.010606 0.064566
v 0.021089 0.009766 0.066027
v 0.024304 0.008567 0.066939
v 0.027201 0.007233 0.067193
v 0.030127 0.005638 0.066431
v 0.033072 0.003768 0.064692
v 0.035442 0.001951 0.062578
v 0.037069 0.000331 0.059999
v 0.037797 -0.000979 0.057108
v 0.037731 -0.002257 0.053441
v 0.036918 -0.003549 0.049577
v 0.035671 -0.004625 0.046384
v 0.009700 0.014277 0.068379
v 0.007065 0.014868 0.067902
v 0.004773 0.015208 0.067159
v 0.002852 0.015316 0.066230
v 0.000671 0.015312 0.065030
v -0.001726 0.015123 0.063529
v -0.004319 0.014706 0.061706
v -0.006344 0.014271 0.060227
v -0.008417 0.013527 0.058294
v -0.010879 0.012439 0.055849
v -0.012904 0.011338 0.053673
v -0.014508 0.010180 0.051601
v -0.015699 0.008803 0.049355
v -0.016911 0.007267 0.046923
v -0.017853 0.005838 0.044731
v -0.018404 0.004270 0.042428
v -0.018661 0.002323 0.039657
v -0.018552 0.000645 0.037343
v -0.018064 -0.001327 0.034701
v -0.017377 -0.003100 0.032394
v -0.016080 -0.004835 0.030234
v -0.014786 -0.006459 0.028273
v -0.013325 -0.008145 0.026304
v -0.011610 -0.009896 0.024345
v -0.009669 -0.011539 0.022608
v -0.007388 -0.013046 0.021137
v -0.004961 -0.014374 0.019951
v -0.002448 -0.015575 0.018974
v 0.000130 -0.016701 0.018136
v 0.002909 -0.017717 0.017497
v 0.005920 -0.018587 0.017114
v 0.008893 -0.019243 0.017017
v 0.011794 -0.019710 0.017172
v 0.014371 -0.019993 0.017508
v 0.016943 -0.020182 0.017987
v 0.019545 -0.020218 0.018671
v 0.022212 -0.020083 0.019601
v 0.024997 -0.019767 0.020831
v 0.027838 -0.019241 0.022390
v 0.030749 -0.018461 0.024350
v 0.033479 -0.017469 0.026626
v 0.035766 -0.016377 0.029055
v 0.037792 -0.015087 0.031810
v 0.039419 -0.013601 0.034857
v 0.040567 -0.012003 0.038068
v 0.041375 -0.010333 0.041427
v 0.042181 -0.008832 0.044912
v 0.042584 -0.004407 0.055998
v 0.043403 -0.006155 0.052454
v 0.020885 0.010888 0.072024
v 0.017112 0.012446 0.071904
v 0.013256 0.013787 0.071314
v 0.043952 -0.008047 0.048690
v 0.009893 0.014802 0.070834
v 0.006747 0.015598 0.070321
v 0.004112 0.016050 0.069451
v 0.001631 0.016285 0.068333
v -0.000919 0.016326 0.066919
v -0.003508 0.016150 0.065252
v -0.006083 0.015755 0.063385
v -0.008471 0.015183 0.061470
v -0.010822 0.014364 0.059314
v -0.013032 0.013330 0.057019
v -0.014955 0.012156 0.054742
v -0.016615 0.010837 0.052433
v -0.017995 0.009384 0.050055
v -0.019161 0.007803 0.047584
v -0.020030 0.006138 0.045068
v -0.020537 0.004365 0.042471
v -0.020702 0.002434 0.039729
v -0.020519 0.000550 0.037134
v -0.020002 -0.001425 0.034490
v -0.019196 -0.003387 0.031942
v -0.018062 -0.005283 0.029560
v -0.016680 -0.007146 0.027304
v -0.015045 -0.008963 0.025195
v -0.013154 -0.010718 0.023255
v -0.011035 -0.012372 0.021527
v -0.008675 -0.013927 0.020006
v -0.006151 -0.015354 0.018717
v -0.003459 -0.016666 0.017638
v -0.000613 -0.017855 0.016775
v 0.002373 -0.018885 0.016161
v 0.005544 -0.019757 0.015807
v 0.008730 -0.020436 0.015727
v 0.011865 -0.020941 0.015895
v 0.014463 -0.021238 0.016226
v 0.017075 -0.021411 0.016724
v 0.019831 -0.021447 0.017444
v 0.022677 -0.021312 0.018421
v 0.025632 -0.020980 0.019716
v 0.028612 -0.020436 0.021341
v 0.031719 -0.019635 0.023392
v 0.034705 -0.018637 0.025789
v 0.037172 -0.017568 0.028279
v 0.039443 -0.016230 0.031246
v 0.041304 -0.014699 0.034547
v 0.042637 -0.013075 0.038008
v 0.043506 -0.011376 0.041625
v 0.043979 -0.009698 0.045256
v 0.005220 0.006117 0.057361
v 0.004014 0.006302 0.057273
v 0.002857 0.006662 0.057448
v 0.001830 0.007173 0.057873
v 0.001001 0.007799 0.058521
v 0.000428 0.008498 0.059346
v 0.000149 0.009222 0.060292
v 0.000183 0.009921 0.061296
v 0.000529 0.010549 0.062288
v 0.001162 0.011063 0.063201
v 0.002039 0.011426 0.063973
v 0.003101 0.011615 0.064550
v 0.004276 0.011617 0.064895
v 0.005482 0.011432 0.064983
v 0.006638 0.011071 0.064809
v 0.007666 0.010561 0.064383
v 0.008495 0.009935 0.063736
v 0.009068 0.009236 0.062911
v 0.009347 0.008512 0.061964
v 0.009313 0.007812 0.060961
v 0.008967 0.007184 0.059969
v 0.008334 0.006671 0.059056
v 0.007457 0.006308 0.058284
v 0.006395 0.006118 0.057706
v 0.005870 0.009309 0.055143
v 0.004665 0.009477 0.055067
v 0.003504 0.009794 0.055269
v 0.002466 0.010240 0.055737
v 0.001623 0.010782 0.056444
v 0.001031 0.011380 0.057341
v 0.000731 0.011986 0.058372
v 0.000744 0.012553 0.059468
v 0.001067 0.013037 0.060554
v 0.001671 0.013404 0.061559
v 0.002520 0.013629 0.062415
v 0.003552 0.013703 0.063061
v 0.004699 0.013627 0.063454
v 0.005887 0.013412 0.063560
v 0.007039 0.013080 0.063369
v 0.008076 0.012656 0.062890
v 0.008923 0.012169 0.062159
v 0.009528 0.011647 0.061229
v 0.009849 0.011115 0.060165
v 0.009859 0.010597 0.059041
v 0.009553 0.010123 0.057938
v 0.008948 0.009730 0.056937
v 0.008090 0.009447 0.056104
v 0.007038 0.009300 0.055494
v 0.005913 0.009384 0.054953
v 0.004680 0.009555 0.054873
v 0.007100 0.009377 0.055312
v 0.008172 0.009524 0.055925
v 0.009053 0.009813 0.056768
v 0.009676 0.010215 0.057778
v 0.010005 0.010702 0.058897
v 0.009975 0.011229 0.060043
v 0.009677 0.011788 0.061133
v 0.009071 0.012332 0.062091
v 0.008194 0.012834 0.062843
v 0.007122 0.013278 0.063346
v 0.005937 0.013620 0.063543
v 0.004704 0.013844 0.063434
v 0.003526 0.013922 0.063032
v 0.002463 0.013838 0.062359
v 0.001596 0.013595 0.061476
v 0.000989 0.013209 0.060450
v 0.000669 0.012704 0.059340
v 0.000656 0.012120 0.058222
v 0.000960 0.011504 0.057174
v 0.001573 0.010888 0.056258
v 0.002440 0.010334 0.055548
v 0.003499 0.009880 0.055077
v 0.006030 0.008865 0.054115
v 0.004545 0.009070 0.054017
v 0.003123 0.009463 0.054263
v 0.001847 0.010014 0.054828
v 0.000803 0.010685 0.055680
v 0.000065 0.011435 0.056779
v -0.001023 0.012043 0.057561
v -0.000285 0.012902 0.059382
v 0.000101 0.013513 0.060722
v 0.000832 0.013976 0.061963
v 0.001876 0.014265 0.063034
v 0.003155 0.014360 0.063852
v 0.004574 0.014262 0.064342
v 0.006059 0.013987 0.064478
v 0.007486 0.013568 0.064242
v 0.008776 0.013029 0.063634
v 0.009830 0.012418 0.062722
v 0.010562 0.011771 0.061559
v 0.010924 0.011113 0.060233
v 0.010959 0.010469 0.058852
v 0.010562 0.009885 0.057501
v 0.009812 0.009396 0.056287
v 0.008750 0.009043 0.055278
v 0.007461 0.008859 0.054543
v -0.016479 0.011454 0.061113
v -0.014362 0.012621 0.063519
v -0.011910 0.013613 0.065910
v -0.009327 0.014322 0.068079
v -0.006614 0.014765 0.070056
v -0.003672 0.014954 0.071929
v -0.000582 0.014856 0.073630
v 0.002567 0.014457 0.075098
v 0.005624 0.013778 0.076273
v 0.009007 0.012746 0.077227
v 0.012786 0.011369 0.077791
v 0.017127 0.009531 0.077841
v 0.021221 0.007575 0.077341
v 0.024951 0.005610 0.076412
v 0.028194 0.003758 0.075208
v 0.031247 0.001879 0.073690
v 0.034850 -0.000549 0.071303
v 0.037743 -0.002750 0.068713
v 0.040232 -0.004972 0.065667
v 0.041844 -0.006754 0.062889
v 0.043138 -0.008534 0.059831
v 0.044163 -0.010476 0.056163
v 0.044701 -0.012350 0.052343
v 0.044738 -0.014147 0.048490
v 0.044271 -0.015897 0.044597
v 0.043313 -0.017547 0.040822
v 0.041857 -0.019124 0.037145
v 0.039891 -0.020628 0.033608
v 0.037452 -0.022016 0.030317
v 0.035237 -0.023002 0.027944
v 0.032487 -0.023967 0.025546
v 0.029638 -0.024725 0.023517
v 0.026686 -0.025285 0.021788
v 0.023471 -0.025664 0.020256
v 0.020244 -0.025830 0.019031
v 0.016944 -0.025794 0.018073
v 0.013939 -0.025591 0.017440
v 0.011511 -0.025315 0.017089
v 0.008072 -0.024754 0.016842
v 0.004689 -0.024010 0.016881
v 0.001337 -0.023072 0.017212
v -0.001859 -0.021981 0.017813
v -0.004926 -0.020731 0.018684
v -0.007868 -0.019321 0.019825
v -0.010591 -0.017795 0.021200
v -0.013131 -0.016135 0.022822
v -0.015447 -0.014363 0.024674
v -0.017505 -0.012504 0.026730
v -0.019277 -0.010587 0.028953
v -0.020793 -0.008577 0.031387
v -0.021965 -0.006585 0.033897
v -0.022838 -0.004551 0.036554
v -0.023386 -0.002527 0.039293
v -0.023604 -0.000586 0.042005
v -0.023508 0.001413 0.044889
v -0.023110 0.003262 0.047636
v -0.022363 0.005154 0.050526
v -0.021340 0.006888 0.053250
v -0.019997 0.008554 0.055962
v -0.018369 0.010089 0.058589
v -0.017328 0.013397 0.060988
v -0.015095 0.014615 0.063505
v -0.012536 0.015635 0.065974
v -0.009841 0.016373 0.068219
v -0.007027 0.016829 0.070248
v -0.003961 0.017033 0.072181
v -0.000776 0.016943 0.073913
v 0.002449 0.016558 0.075396
v 0.005557 0.015906 0.076575
v 0.008949 0.014921 0.077533
v 0.012783 0.013582 0.078133
v 0.017291 0.011734 0.078233
v 0.021671 0.009688 0.077744
v 0.025713 0.007587 0.076764
v 0.029192 0.005615 0.075484
v 0.032472 0.003603 0.073856
v 0.036336 0.000989 0.071269
v 0.039357 -0.001335 0.068521
v 0.041858 -0.003606 0.065411
v 0.043485 -0.005435 0.062586
v 0.044828 -0.007311 0.059400
v 0.045885 -0.009362 0.055584
v 0.046434 -0.011351 0.051596
v 0.046455 -0.013262 0.047568
v 0.045943 -0.015120 0.043506
v 0.044915 -0.016870 0.039566
v 0.043384 -0.018520 0.035777
v 0.041306 -0.020101 0.032106
v 0.038779 -0.021543 0.028725
v 0.036429 -0.022587 0.026229
v 0.033583 -0.023579 0.023771
v 0.030647 -0.024360 0.021687
v 0.027581 -0.024941 0.019895
v 0.024265 -0.025333 0.018316
v 0.020928 -0.025507 0.017049
v 0.017390 -0.025468 0.016024
v 0.014278 -0.025257 0.015371
v 0.011834 -0.024979 0.015021
v 0.008202 -0.024390 0.014756
v 0.004685 -0.023615 0.014799
v 0.001257 -0.022661 0.015131
v -0.002098 -0.021520 0.015758
v -0.005319 -0.020211 0.016666
v -0.008375 -0.018751 0.017846
v -0.011173 -0.017190 0.019248
v -0.013836 -0.015459 0.020936
v -0.016232 -0.013637 0.022836
v -0.018402 -0.011688 0.024985
v -0.020276 -0.009672 0.027319
v -0.021862 -0.007581 0.029848
v -0.023109 -0.005477 0.032494
v -0.024018 -0.003372 0.035243
v -0.024599 -0.001256 0.038102
v -0.024832 0.000761 0.040918
v -0.024731 0.002904 0.044008
v -0.024321 0.004811 0.046842
v -0.023521 0.006825 0.049919
v -0.022446 0.008634 0.052765
v -0.021030 0.010376 0.055605
v -0.019299 0.011989 0.058375
v 0.023543 -0.005512 0.046190
v 0.021842 -0.005283 0.046019
v 0.020172 -0.004864 0.046127
v 0.018597 -0.004272 0.046510
v 0.017179 -0.003529 0.047151
v 0.015971 -0.002663 0.048028
v 0.015020 -0.001709 0.049105
v 0.014362 -0.000703 0.050342
v 0.014023 0.000317 0.051692
v 0.014016 0.001311 0.053101
v 0.014341 0.002242 0.054517
v 0.014985 0.003073 0.055885
v 0.015925 0.003773 0.057151
v 0.017123 0.004314 0.058268
v 0.018533 0.004676 0.059193
v 0.020102 0.004844 0.059890
v 0.021770 0.004814 0.060332
v 0.023471 0.004585 0.060502
v 0.025141 0.004166 0.060394
v 0.026716 0.003574 0.060012
v 0.028134 0.002831 0.059370
v 0.029342 0.001966 0.058494
v 0.030293 0.001011 0.057416
v 0.030951 0.000005 0.056179
v 0.031290 -0.001015 0.054830
v 0.031297 -0.002009 0.053420
v 0.030972 -0.002940 0.052004
v 0.030328 -0.003771 0.050637
v 0.029388 -0.004470 0.049370
v 0.028190 -0.005012 0.048253
v 0.026780 -0.005374 0.047328
v 0.025210 -0.005542 0.046632
v 0.024277 -0.001933 0.043669
v 0.022576 -0.001704 0.043499
v 0.020906 -0.001285 0.043607
v 0.019331 -0.000693 0.043989
v 0.017913 0.000050 0.044631
v 0.016705 0.000915 0.045507
v 0.015754 0.001869 0.046585
v 0.015096 0.002875 0.047822
v 0.014757 0.003895 0.049171
v 0.014750 0.004890 0.050581
v 0.015075 0.005820 0.051996
v 0.015719 0.006651 0.053364
v 0.016659 0.007351 0.054631
v 0.017857 0.007892 0.055748
v 0.019267 0.008254 0.056672
v 0.020837 0.008423 0.057369
v 0.022504 0.008392 0.057811
v 0.024205 0.008163 0.057981
v 0.025875 0.007744 0.057873
v 0.027450 0.007152 0.057491
v 0.028868 0.006409 0.056850
v 0.030076 0.005544 0.055973
v 0.031027 0.004590 0.054896
v 0.031685 0.003583 0.053659
v 0.032024 0.002563 0.052309
v 0.032031 0.001569 0.050899
v 0.031706 0.000638 0.049484
v 0.031062 -0.000193 0.048116
v 0.030122 -0.000892 0.046850
v 0.028924 -0.001433 0.045732
v 0.027514 -0.001795 0.044808
v 0.025945 -0.001964 0.044111
v 0.024449 -0.001496 0.042942
v 0.022669 -0.001250 0.042773
v 0.020947 -0.000812 0.042893
v 0.019309 -0.000192 0.043297
v 0.017852 0.000578 0.043965
v 0.016598 0.001479 0.044879
v 0.015625 0.002464 0.045994
v 0.014949 0.003501 0.047269
v 0.014610 0.004552 0.048687
v 0.014590 0.005583 0.050121
v 0.014925 0.006551 0.051592
v 0.015586 0.007408 0.053001
v 0.016557 0.008139 0.054321
v 0.017789 0.008698 0.055475
v 0.019238 0.009078 0.056436
v 0.020874 0.009258 0.057169
v 0.022596 0.009233 0.057634
v 0.024376 0.008999 0.057820
v 0.026106 0.008568 0.057712
v 0.027741 0.007961 0.057326
v 0.029231 0.007184 0.056658
v 0.030490 0.006290 0.055755
v 0.031492 0.005288 0.054624
v 0.032179 0.004243 0.053340
v 0.032517 0.003171 0.051942
v 0.032543 0.002139 0.050460
v 0.032199 0.001162 0.048973
v 0.031526 0.000301 0.047555
v 0.030536 -0.000431 0.046227
v 0.029288 -0.000987 0.045074
v 0.027805 -0.001363 0.044108
v 0.026176 -0.001531 0.043395
v 0.024492 -0.001808 0.042560
v 0.022617 -0.001548 0.042382
v 0.020801 -0.001087 0.042508
v 0.019075 -0.000433 0.042934
v 0.017539 0.000379 0.043638
v 0.016217 0.001328 0.044602
v 0.015191 0.002367 0.045777
v 0.014479 0.003459 0.047121
v 0.014119 0.004582 0.048604
v 0.014101 0.005654 0.050127
v 0.014453 0.006675 0.051678
v 0.015150 0.007578 0.053163
v 0.016173 0.008347 0.054554
v 0.017472 0.008938 0.055770
v 0.019000 0.009338 0.056783
v 0.020724 0.009529 0.057555
v 0.022539 0.009501 0.058046
v 0.024416 0.009254 0.058243
v 0.026238 0.008801 0.058129
v 0.027962 0.008160 0.057722
v 0.029533 0.007342 0.057017
v 0.030860 0.006398 0.056065
v 0.031916 0.005343 0.054874
v 0.032640 0.004241 0.053520
v 0.033005 0.003126 0.052037
v 0.033023 0.002024 0.050485
v 0.032661 0.000994 0.048917
v 0.031952 0.000087 0.047422
v 0.030908 -0.000685 0.046023
v 0.029593 -0.001271 0.044806
v 0.028030 -0.001668 0.043790
v 0.026312 -0.001844 0.043038
v 0.024533 -0.002682 0.041933
v 0.022460 -0.002398 0.041735
v 0.020449 -0.001892 0.041874
v 0.018540 -0.001169 0.042339
v 0.016830 -0.000266 0.043112
v 0.015365 0.000786 0.044172
v 0.014222 0.001936 0.045468
v 0.013434 0.003152 0.046957
v 0.013028 0.004394 0.048596
v 0.013011 0.005589 0.050294
v 0.013394 0.006716 0.052013
v 0.014179 0.007717 0.053662
v 0.015326 0.008559 0.055198
v 0.016761 0.009205 0.056547
v 0.018441 0.009633 0.057662
v 0.020356 0.009828 0.058498
v 0.022380 0.009784 0.059040
v 0.024434 0.009506 0.059254
v 0.026448 0.008996 0.059124
v 0.028341 0.008281 0.058663
v 0.030053 0.007387 0.057886
v 0.031501 0.006351 0.056844
v 0.032665 0.005183 0.055533
v 0.033470 0.003984 0.054044
v 0.033878 0.002761 0.052412
v 0.033885 0.001549 0.050702
v 0.033499 0.000416 0.048978
v 0.032740 -0.000582 0.047330
v 0.031588 -0.001440 0.045761
v 0.030150 -0.002088 0.044417
v 0.028446 -0.002535 0.043293
v 0.026548 -0.002729 0.042459
v 0.024590 -0.003892 0.041125
v 0.022254 -0.003558 0.040864
v 0.019976 -0.002969 0.040972
v 0.017810 -0.002136 0.041474
v 0.015867 -0.001104 0.042342
v 0.014201 0.000108 0.043528
v 0.012903 0.001427 0.044991
v 0.012010 0.002815 0.046679
v 0.011558 0.004215 0.048541
v 0.011536 0.005578 0.050479
v 0.011979 0.006839 0.052451
v 0.012945 0.007891 0.054287
v 0.014287 0.008735 0.055973
v 0.015891 0.009355 0.057467
v 0.017789 0.009738 0.058716
v 0.019912 0.009880 0.059511
v 0.022164 0.009788 0.060056
v 0.024389 0.009446 0.060262
v 0.026546 0.008880 0.060080
v 0.028561 0.008109 0.059551
v 0.030381 0.007145 0.058701
v 0.031905 0.006034 0.057595
v 0.033158 0.004762 0.056210
v 0.034030 0.003459 0.054628
v 0.034472 0.002157 0.052880
v 0.034493 0.000895 0.051055
v 0.034119 -0.000325 0.049216
v 0.033397 -0.001411 0.047473
v 0.032215 -0.002402 0.045705
v 0.030769 -0.003166 0.044189
v 0.028929 -0.003770 0.042785
v 0.026839 -0.003976 0.041775
v 0.024771 -0.004995 0.039910
v 0.022111 -0.004588 0.039601
v 0.019521 -0.003917 0.039714
v 0.017053 -0.002958 0.040283
v 0.014848 -0.001771 0.041268
v 0.012942 -0.000399 0.042621
v 0.011470 0.001101 0.044293
v 0.010444 0.002676 0.046215
v 0.009943 0.004267 0.048342
v 0.009916 0.005803 0.050551
v 0.010461 0.007235 0.052875
v 0.011440 0.008341 0.054982
v 0.012695 0.009190 0.056950
v 0.015018 0.009548 0.058294
v 0.019478 0.009827 0.060519
v 0.021937 0.009615 0.061102
v 0.024321 0.009157 0.061329
v 0.026591 0.008524 0.061045
v 0.028700 0.007689 0.060441
v 0.030623 0.006653 0.059489
v 0.032223 0.005472 0.058303
v 0.033497 0.004172 0.056878
v 0.034431 0.002735 0.055184
v 0.034914 0.001366 0.053355
v 0.034954 0.000153 0.051508
v 0.034578 -0.001006 0.049543
v 0.034398 -0.002309 0.048206
v 0.033077 -0.003300 0.045913
v 0.032182 -0.004563 0.043850
v 0.029622 -0.004950 0.041910
v 0.027316 -0.005115 0.040679
v 0.019149 0.009856 0.061376
v 0.021715 0.009469 0.062341
v 0.024287 0.008792 0.062832
v 0.026771 0.007865 0.062829
v 0.029110 0.006766 0.062275
v 0.031247 0.005535 0.061126
v 0.034980 -0.001572 0.049743
v 0.035464 -0.000202 0.052449
v 0.034631 0.002451 0.057093
v 0.033131 0.004113 0.059476
v 0.035319 0.001126 0.054959
v 0.014031 0.009754 0.058660
v 0.017231 0.009866 0.059980
v 0.009329 0.007931 0.053631
v 0.010626 0.008868 0.055634
v -0.000447 0.014549 0.062746
v -0.002109 0.014110 0.061214
v 0.001273 0.014789 0.064032
v 0.003004 0.014838 0.065041
v 0.004673 0.014735 0.065751
v 0.006562 0.014427 0.066190
v 0.008658 0.013909 0.066334
v 0.010599 0.013231 0.065653
v 0.011901 0.012269 0.063844
v 0.012810 0.011409 0.062176
v 0.013227 0.010644 0.060466
v 0.011646 0.009524 0.057248
v 0.012534 0.010067 0.058750
v 0.011804 0.008231 0.054813
v 0.013366 0.008972 0.056611
v 0.023939 0.009387 0.071318
v 0.041168 -0.002692 0.058797
v 0.001907 -0.006108 0.031721
v 0.001265 -0.006480 0.031049
v 0.000382 -0.006602 0.030693
v -0.000864 -0.006658 0.030309
v -0.001722 -0.006654 0.030117
v -0.002707 -0.006609 0.029959
v -0.003579 -0.006533 0.029873
v -0.004872 -0.006345 0.029840
v -0.005802 -0.006151 0.029939
v -0.006591 -0.005711 0.030365
v -0.006994 -0.005243 0.030908
v -0.007082 -0.004755 0.031538
v -0.007498 -0.002175 0.034933
v -0.007636 -0.001912 0.035266
v -0.007908 -0.001695 0.035509
v -0.008279 -0.001542 0.035645
v -0.008719 -0.001473 0.035656
v -0.012982 -0.001418 0.035067
v -0.014036 -0.001359 0.035021
v -0.014835 -0.001164 0.035204
v -0.015356 -0.000741 0.035709
v -0.015731 -0.000217 0.036406
v -0.016042 0.000492 0.037343
v -0.016199 0.001021 0.038057
v -0.016301 0.001621 0.038877
v -0.016323 0.002148 0.039609
v -0.016253 0.002848 0.040600
v -0.016055 0.003385 0.041353
v -0.015678 0.003787 0.041976
v -0.014946 0.003993 0.042342
v -0.013919 0.004056 0.042553
v -0.009654 0.003987 0.043125
v -0.009230 0.004028 0.043266
v -0.008905 0.004156 0.043515
v -0.008706 0.004353 0.043838
v -0.008660 0.004602 0.044206
v -0.009109 0.007045 0.047701
v -0.009164 0.007488 0.048352
v -0.008916 0.007902 0.049023
v -0.008289 0.008266 0.049702
v -0.007403 0.008391 0.050050
v -0.006156 0.008452 0.050427
v -0.005298 0.008451 0.050613
v -0.004314 0.008407 0.050767
v -0.003443 0.008333 0.050849
v -0.002153 0.008146 0.050879
v -0.001215 0.007973 0.050795
v -0.000434 0.007549 0.050346
v -0.000029 0.007109 0.049777
v 0.000068 0.006660 0.049130
v 0.000508 0.004193 0.045653
v 0.000643 0.003929 0.045314
v 0.000917 0.003705 0.045066
v 0.001293 0.003539 0.044928
v 0.001737 0.003453 0.044925
v 0.005954 0.003167 0.045659
v 0.006978 0.003036 0.045757
v 0.007765 0.002780 0.045614
v 0.008261 0.002344 0.045137
v 0.008626 0.001802 0.044473
v 0.008936 0.001085 0.043548
v 0.009092 0.000551 0.042840
v 0.009194 -0.000050 0.042026
v 0.009218 -0.000575 0.041296
v 0.009151 -0.001269 0.040306
v 0.008969 -0.001784 0.039546
v 0.008607 -0.002164 0.038914
v 0.007889 -0.002317 0.038506
v 0.006881 -0.002308 0.038242
v 0.002664 -0.002029 0.037506
v 0.002243 -0.002059 0.037355
v 0.001918 -0.002179 0.037104
v 0.001715 -0.002374 0.036780
v 0.001663 -0.002628 0.036415
v 0.002086 -0.005193 0.033008
v 0.002154 -0.005671 0.032375
v 0.002935 -0.007142 0.030588
v 0.002058 -0.007481 0.029913
v 0.000913 -0.007643 0.029418
v -0.000499 -0.007738 0.028960
v -0.001478 -0.007738 0.028738
v -0.002602 -0.007688 0.028560
v -0.003598 -0.007598 0.028470
v -0.005069 -0.007373 0.028474
v -0.006289 -0.007103 0.028593
v -0.007302 -0.006676 0.028965
v -0.007695 -0.006337 0.029338
v -0.007911 -0.005799 0.030002
v -0.008597 -0.002738 0.033959
v -0.008703 -0.002433 0.034351
v -0.008983 -0.002191 0.034631
v -0.009418 -0.002053 0.034742
v -0.009956 -0.002015 0.034704
v -0.013974 -0.002428 0.033598
v -0.015800 -0.001932 0.034063
v -0.016358 -0.001722 0.034292
v -0.016958 -0.001059 0.035136
v -0.017383 -0.000451 0.035926
v -0.017751 0.000350 0.036991
v -0.017932 0.000952 0.037803
v -0.018048 0.001635 0.038737
v -0.018071 0.002235 0.039570
v -0.017975 0.003034 0.040695
v -0.017756 0.003636 0.041563
v -0.017352 0.004245 0.042464
v -0.016863 0.004464 0.042819
v -0.015442 0.004682 0.043269
v -0.011089 0.004570 0.043712
v -0.010552 0.004588 0.043827
v -0.010159 0.004704 0.044064
v -0.009960 0.004927 0.044423
v -0.009957 0.005217 0.044845
v -0.010284 0.008068 0.049004
v -0.010244 0.008543 0.049730
v -0.009957 0.008837 0.050232
v -0.009088 0.009166 0.050906
v -0.007943 0.009331 0.051396
v -0.006531 0.009426 0.051849
v -0.005552 0.009427 0.052066
v -0.004429 0.009376 0.052241
v -0.003434 0.009287 0.052332
v -0.001965 0.009067 0.052330
v -0.000743 0.008804 0.052211
v 0.000265 0.008400 0.051829
v 0.000663 0.008082 0.051437
v 0.000885 0.007594 0.050742
v 0.001600 0.004704 0.046672
v 0.001709 0.004401 0.046266
v 0.001991 0.004149 0.045981
v 0.002432 0.003992 0.045873
v 0.002965 0.003928 0.045925
v 0.007607 0.003631 0.046779
v 0.008726 0.003436 0.046819
v 0.009275 0.003185 0.046619
v 0.009837 0.002654 0.046024
v 0.010263 0.001888 0.045063
v 0.010626 0.001071 0.044013
v 0.010806 0.000463 0.043209
v 0.010922 -0.000221 0.042282
v 0.010949 -0.000820 0.041452
v 0.010861 -0.001608 0.040324
v 0.010664 -0.002307 0.039304
v 0.010266 -0.002783 0.038534
v 0.009788 -0.002964 0.038149
v 0.008703 -0.003004 0.037789
v 0.004085 -0.002685 0.036972
v 0.003564 -0.002679 0.036843
v 0.003170 -0.002783 0.036598
v 0.002966 -0.003006 0.036238
v 0.002959 -0.003304 0.035825
v 0.003262 -0.006321 0.031782
v 0.003219 -0.006837 0.031073
v -0.011259 -0.004529 0.031147
v -0.010071 -0.006745 0.028446
v -0.008849 -0.008380 0.026557
v -0.007310 -0.009891 0.024913
v -0.005307 -0.011233 0.023593
v -0.003077 -0.012286 0.022698
v -0.000697 -0.013202 0.022026
v 0.001628 -0.014271 0.021199
v 0.004073 -0.015197 0.020598
v 0.006712 -0.015963 0.020260
v 0.009282 -0.016534 0.020176
v 0.011803 -0.016941 0.020318
v 0.014147 -0.017149 0.020684
v 0.016505 -0.017412 0.021021
v 0.018805 -0.017461 0.021609
v 0.021092 -0.017339 0.022424
v 0.023471 -0.017098 0.023451
v 0.025906 -0.016663 0.024778
v 0.028378 -0.015978 0.026477
v 0.030689 -0.015074 0.028489
v 0.032713 -0.014036 0.030698
v 0.034673 -0.012926 0.033109
v 0.036343 -0.011693 0.035737
v 0.037606 -0.010368 0.038486
v 0.038401 -0.008906 0.041345
v 0.038970 -0.007579 0.044072
v 0.009882 -0.012070 0.032900
v 0.009273 -0.011976 0.032856
v 0.008689 -0.011794 0.032944
v 0.008171 -0.011536 0.033159
v 0.007753 -0.011220 0.033486
v 0.007463 -0.010868 0.033902
v 0.007322 -0.010502 0.034380
v 0.007340 -0.010149 0.034886
v 0.007514 -0.009832 0.035387
v 0.007834 -0.009573 0.035848
v 0.008276 -0.009390 0.036237
v 0.008812 -0.009294 0.036529
v 0.009405 -0.009293 0.036703
v 0.010541 -0.008858 0.030638
v 0.009932 -0.008763 0.030592
v 0.009350 -0.008576 0.030678
v 0.008832 -0.008312 0.030887
v 0.008416 -0.007987 0.031208
v 0.008129 -0.007623 0.031617
v 0.007990 -0.007246 0.032086
v 0.008010 -0.006882 0.032585
v 0.008187 -0.006554 0.033078
v 0.008508 -0.006286 0.033532
v 0.008952 -0.006095 0.033917
v 0.009489 -0.005995 0.034205
v 0.010082 -0.005993 0.034378
v 0.015279 -0.012486 0.033881
v 0.014803 -0.009710 0.037684
v 0.015411 -0.009803 0.037728
v 0.015995 -0.009985 0.037640
v 0.016514 -0.010243 0.037425
v 0.016932 -0.010559 0.037099
v 0.017221 -0.010911 0.036682
v 0.017362 -0.011277 0.036204
v 0.017345 -0.011630 0.035698
v 0.017170 -0.011947 0.035197
v 0.016851 -0.012206 0.034736
v 0.016408 -0.012390 0.034347
v 0.015872 -0.012485 0.034055
v 0.015938 -0.009274 0.031619
v 0.015480 -0.006409 0.035359
v 0.016088 -0.006504 0.035405
v 0.016671 -0.006691 0.035320
v 0.017188 -0.006955 0.035110
v 0.017605 -0.007281 0.034789
v 0.017892 -0.007644 0.034381
v 0.018030 -0.008021 0.033911
v 0.018010 -0.008385 0.033413
v 0.017834 -0.008713 0.032919
v 0.017513 -0.008981 0.032465
v 0.017068 -0.009172 0.032080
v 0.016531 -0.009272 0.031792
v 0.010579 -0.008817 0.030372
v 0.009933 -0.008716 0.030325
v 0.009303 -0.008514 0.030417
v 0.008743 -0.008229 0.030645
v 0.008292 -0.007878 0.030992
v 0.007981 -0.007485 0.031435
v 0.007831 -0.007078 0.031944
v 0.007853 -0.006685 0.032484
v 0.008043 -0.006331 0.033018
v 0.008391 -0.006042 0.033510
v 0.008872 -0.005836 0.033926
v 0.009452 -0.005728 0.034239
v 0.010081 -0.005725 0.034424
v 0.015504 -0.006143 0.035409
v 0.016150 -0.006245 0.035456
v 0.016781 -0.006446 0.035364
v 0.017340 -0.006732 0.035136
v 0.017791 -0.007083 0.034789
v 0.018102 -0.007475 0.034346
v 0.018252 -0.007882 0.033838
v 0.018231 -0.008276 0.033298
v 0.018040 -0.008630 0.032763
v 0.017692 -0.008919 0.032271
v 0.017212 -0.009125 0.031855
v 0.016631 -0.009232 0.031542
v 0.016002 -0.009236 0.031358
v 0.010452 -0.009624 0.029257
v 0.009289 -0.009442 0.029179
v 0.008411 -0.009151 0.029330
v 0.007688 -0.008735 0.029693
v 0.007108 -0.008208 0.030246
v 0.006703 -0.007616 0.030937
v 0.006498 -0.006998 0.031719
v 0.006506 -0.006397 0.032539
v 0.006728 -0.005850 0.033342
v 0.007150 -0.005396 0.034073
v 0.007753 -0.005078 0.034674
v 0.008558 -0.004908 0.035124
v 0.009690 -0.004894 0.035457
v 0.015627 -0.005358 0.036540
v 0.016788 -0.005551 0.036626
v 0.017664 -0.005849 0.036481
v 0.018385 -0.006272 0.036122
v 0.018964 -0.006804 0.035573
v 0.019369 -0.007398 0.034883
v 0.019574 -0.008017 0.034103
v 0.019566 -0.008618 0.033282
v 0.019345 -0.009161 0.032477
v 0.018924 -0.009609 0.031741
v 0.018321 -0.009922 0.031137
v 0.017519 -0.010083 0.030679
v 0.016389 -0.010085 0.030339
v 0.034348 -0.005466 0.043937
v 0.036873 -0.006632 0.043929
v 0.036029 -0.007633 0.041650
v 0.035003 -0.008787 0.039216
v -0.003727 -0.009467 0.026050
v -0.001859 -0.010217 0.025475
v 0.000706 -0.010706 0.025392
v 0.003036 -0.012217 0.024007
v 0.005166 -0.013126 0.023357
v 0.007381 -0.013748 0.023105
v 0.009589 -0.014203 0.023085
v 0.011869 -0.014541 0.023256
v 0.013888 -0.014408 0.023970
v 0.015989 -0.014961 0.023864
v 0.018086 -0.015004 0.024410
v 0.020008 -0.014877 0.025139
v 0.022012 -0.014808 0.025841
v 0.024050 -0.014519 0.026861
v 0.026073 -0.013931 0.028289
v 0.027905 -0.013026 0.030118
v 0.029527 -0.011854 0.032309
v 0.031732 -0.010892 0.034543
v 0.033588 -0.009878 0.036845
v -0.003434 0.013447 0.059474
v -0.004962 0.012411 0.057155
v 0.002562 0.008361 0.052356
v 0.001749 0.008795 0.052826
v 0.000920 0.009230 0.053306
v -0.000090 0.009773 0.053925
v -0.000982 0.010289 0.054547
v -0.002221 0.010767 0.055028
v -0.004876 0.010787 0.054413
v -0.012052 0.008293 0.049041
v -0.011634 0.009417 0.050827
v -0.012256 0.005722 0.045197
v -0.010220 0.010227 0.052350
v -0.007758 0.011205 0.054438
v 0.003132 0.005369 0.048031
v 0.008382 0.004808 0.048676
v 0.008455 0.006204 0.050715
v 0.033435 -0.006092 0.042324
v 0.032072 -0.006788 0.040502
v 0.030157 -0.007399 0.038699
v 0.027597 -0.007878 0.036976
v 0.023626 -0.008315 0.034981
v 0.009790 -0.011867 0.026112
v 0.017363 -0.012340 0.027628
v 0.015207 -0.012790 0.026412
v 0.012211 -0.012570 0.025855
v 0.023435 -0.010286 0.032249
v 0.022555 -0.011274 0.030638
v 0.021363 -0.011822 0.029529
v 0.018625 -0.011795 0.028724
v 0.020043 -0.012035 0.028837
v 0.008060 -0.011446 0.026204
v 0.006627 -0.011048 0.026354
v 0.005142 -0.010364 0.026871
v 0.003501 -0.009289 0.027872
v -0.005174 -0.008308 0.027249
v -0.013981 -0.004032 0.031477
v 0.024630 0.009207 0.072262
v 0.021121 0.010922 0.072941
v 0.043320 -0.004701 0.056568
v 0.041901 -0.002922 0.059604
v 0.044317 -0.006539 0.053025
v 0.017267 0.012565 0.073070
v 0.013403 0.013986 0.072784
v 0.044891 -0.008402 0.049282
v 0.009861 0.015087 0.072289
v 0.006645 0.015917 0.071630
v 0.003755 0.016452 0.070696
v 0.000993 0.016749 0.069482
v -0.001745 0.016819 0.067980
v -0.004445 0.016657 0.066240
v -0.007071 0.016267 0.064322
v -0.009577 0.015657 0.062272
v -0.011971 0.014816 0.060062
v -0.014168 0.013772 0.057755
v -0.016113 0.012554 0.055398
v -0.017801 0.011171 0.052975
v -0.019213 0.009646 0.050481
v -0.020351 0.007998 0.047909
v -0.021182 0.006241 0.045264
v -0.021667 0.004383 0.042556
v -0.021799 0.002431 0.039801
v -0.021588 0.000460 0.037100
v -0.021052 -0.001548 0.034424
v -0.020210 -0.003561 0.031818
v -0.019072 -0.005535 0.029341
v -0.017652 -0.007473 0.026995
v -0.015961 -0.009353 0.024811
v -0.014010 -0.011155 0.022815
v -0.011817 -0.012860 0.021025
v -0.009393 -0.014461 0.019450
v -0.006774 -0.015939 0.018106
v -0.003975 -0.017288 0.016996
v -0.001010 -0.018494 0.016128
v 0.002097 -0.019535 0.015517
v 0.005337 -0.020406 0.015171
v 0.008603 -0.021091 0.015094
v 0.011745 -0.021589 0.015269
v 0.014523 -0.021884 0.015623
v 0.017256 -0.022046 0.016174
v 0.020110 -0.022059 0.016945
v 0.023072 -0.021908 0.017975
v 0.026118 -0.021575 0.019307
v 0.029203 -0.021041 0.020969
v 0.032346 -0.020276 0.023016
v 0.035357 -0.019304 0.025394
v 0.037971 -0.018207 0.028022
v 0.040335 -0.016863 0.031080
v 0.042282 -0.015331 0.034481
v 0.043699 -0.013683 0.038084
v 0.044594 -0.011950 0.041820
v 0.044987 -0.010184 0.045579
v 0.039981 -0.001078 0.062244
v 0.037756 0.000950 0.065430
v 0.034981 0.003055 0.067994
v 0.031584 0.005294 0.069958
v 0.027744 0.007505 0.071213
v 0.033923 -0.001961 0.047842
v 0.039365 -0.006310 0.046799
v 0.037837 -0.005645 0.046517
v 0.032740 -0.003000 0.045845
v 0.031555 -0.003935 0.044184
v 0.005267 0.009373 0.055071
v 0.004616 0.006187 0.057285
v 0.004074 0.009618 0.055134
v 0.003425 0.006462 0.057328
v 0.002966 0.010003 0.055471
v 0.002323 0.006901 0.057631
v 0.002017 0.010502 0.056064
v 0.001387 0.007474 0.058172
v 0.001293 0.011077 0.056872
v 0.000680 0.008142 0.058915
v 0.000843 0.011685 0.057844
v 0.000250 0.008860 0.059808
v 0.000698 0.012277 0.058916
v 0.000127 0.009578 0.060791
v 0.000869 0.012808 0.060017
v 0.000318 0.010247 0.061797
v 0.001336 0.013237 0.061071
v 0.000812 0.010823 0.062758
v 0.002069 0.013535 0.062009
v 0.001574 0.011265 0.063608
v 0.003017 0.013685 0.062767
v 0.002552 0.011543 0.064288
v 0.004115 0.013683 0.063291
v 0.003679 0.011640 0.064754
v 0.005293 0.013535 0.063543
v 0.004880 0.011547 0.064972
v 0.006473 0.013259 0.063501
v 0.006071 0.011272 0.064928
v 0.007577 0.012878 0.063164
v 0.007173 0.010833 0.064625
v 0.008527 0.012418 0.062553
v 0.008109 0.010260 0.064084
v 0.009259 0.011911 0.061715
v 0.008816 0.009592 0.063342
v 0.009726 0.011380 0.060709
v 0.009246 0.008874 0.062449
v 0.009893 0.010852 0.059606
v 0.009369 0.008156 0.061465
v 0.009744 0.010352 0.058482
v 0.009177 0.007487 0.060459
v 0.009285 0.009915 0.057420
v 0.008684 0.006911 0.059498
v 0.008547 0.009573 0.056496
v 0.007922 0.006469 0.058649
v 0.007583 0.009355 0.055769
v 0.006944 0.006190 0.057968
v 0.006464 0.009285 0.055285
v 0.005817 0.006094 0.057503
v 0.005296 0.009450 0.054878
v 0.006517 0.009361 0.055099
v 0.007655 0.009432 0.055589
v 0.008641 0.009652 0.056322
v 0.009399 0.010002 0.057256
v 0.009881 0.010451 0.058329
v 0.010029 0.010961 0.059472
v 0.009862 0.011507 0.060600
v 0.009410 0.012063 0.061633
v 0.008661 0.012589 0.062495
v 0.007677 0.013066 0.063130
v 0.006539 0.013463 0.063483
v 0.005320 0.013749 0.063526
v 0.004104 0.013902 0.063268
v 0.002975 0.013900 0.062726
v 0.002001 0.013735 0.061940
v 0.001258 0.013418 0.060977
v 0.000792 0.012969 0.059901
v 0.000624 0.012419 0.058777
v 0.000769 0.011814 0.057685
v 0.001231 0.011192 0.056694
v 0.001978 0.010601 0.055875
v 0.002950 0.010093 0.055281
v 0.004079 0.009700 0.054940
v 0.003213 0.015926 0.075984
v 0.005534 0.015402 0.076830
v 0.008950 0.014449 0.077827
v 0.012804 0.012996 0.078327
v 0.017211 0.011051 0.078303
v 0.021527 0.008889 0.077689
v 0.025381 0.006764 0.076645
v 0.028719 0.004774 0.075326
v 0.033192 0.001951 0.072927
v 0.003100 0.016151 0.076575
v 0.005550 0.015610 0.077357
v 0.008896 0.014549 0.078328
v 0.012781 0.012982 0.078843
v 0.017174 0.010932 0.078811
v 0.021549 0.008696 0.078191
v 0.025427 0.006564 0.077146
v 0.028793 0.004568 0.075825
v 0.033222 0.001749 0.073443
v 0.003197 0.016109 0.076229
v 0.005544 0.015578 0.077075
v 0.008950 0.014565 0.078033
v 0.012846 0.013082 0.078505
v 0.017267 0.011122 0.078467
v 0.021597 0.008954 0.077858
v 0.025465 0.006827 0.076804
v 0.028828 0.004827 0.075471
v 0.033310 0.002069 0.073121
v 0.030532 -0.001567 0.073169
v 0.026632 0.002533 0.075776
v 0.023751 0.005014 0.077261
v 0.020307 0.007614 0.078433
v 0.016441 0.010178 0.079115
v 0.012470 0.012482 0.079320
v 0.008778 0.014322 0.079122
v 0.005571 0.015458 0.078564
v 0.003066 0.016022 0.077868
v 0.024597 0.000601 0.075769
v 0.027777 -0.004313 0.073136
v 0.022128 0.003582 0.077455
v 0.019097 0.006617 0.078803
v 0.015647 0.009510 0.079576
v 0.012009 0.012106 0.080009
v 0.008649 0.014152 0.080099
v 0.005561 0.015327 0.079769
v 0.003017 0.015909 0.079178
v 0.022404 -0.000953 0.076116
v 0.024602 -0.006632 0.073476
v 0.020361 0.002433 0.077973
v 0.017678 0.005867 0.079543
v 0.014754 0.008996 0.080399
v 0.011607 0.011878 0.081109
v 0.008543 0.014036 0.081436
v 0.005583 0.015198 0.081355
v 0.002956 0.015782 0.080854
v 0.020319 -0.001689 0.077021
v 0.021521 -0.008140 0.074237
v 0.018726 0.001808 0.078977
v 0.015964 0.005749 0.081402
v 0.014058 0.008836 0.081892
v 0.011433 0.011809 0.082646
v 0.008554 0.013898 0.083163
v 0.005628 0.015059 0.083343
v 0.002879 0.015646 0.083105
v 0.010159 -0.008181 0.144850
v 0.009719 -0.011230 0.144577
v 0.010170 -0.005414 0.144887
v 0.009815 -0.002686 0.144802
v 0.008997 -0.000009 0.144719
v 0.007705 0.002427 0.144645
v 0.006030 0.004516 0.144468
v 0.003697 0.006267 0.144331
v 0.000234 0.007446 0.144264
v 0.013103 -0.010324 0.114004
v 0.014026 -0.006537 0.113921
v 0.014456 -0.002187 0.113909
v 0.014254 0.001477 0.113977
v 0.013426 0.005010 0.114098
v 0.011919 0.008241 0.114100
v 0.009612 0.011054 0.113999
v 0.006451 0.013266 0.113856
v 0.001962 0.014838 0.113452
v 0.012302 -0.010953 0.130318
v 0.013084 -0.007244 0.130159
v 0.013339 -0.003535 0.130095
v 0.013093 -0.000107 0.130057
v 0.012296 0.003258 0.130044
v 0.010906 0.006345 0.130008
v 0.008909 0.008983 0.129916
v 0.006071 0.011219 0.129764
v 0.001312 0.013028 0.129417
v 0.011486 -0.011180 0.137798
v 0.012147 -0.007775 0.137720
v 0.012320 -0.004448 0.137639
v 0.012026 -0.001271 0.137569
v 0.011202 0.001882 0.137538
v 0.009821 0.004757 0.137538
v 0.007911 0.007180 0.137524
v 0.005297 0.009225 0.137394
v 0.000872 0.011042 0.136772
v 0.012841 -0.010568 0.120234
v 0.013683 -0.006850 0.120330
v 0.014048 -0.002691 0.120416
v 0.013840 0.000890 0.120442
v 0.013071 0.004371 0.120420
v 0.011647 0.007600 0.120301
v 0.009455 0.010448 0.120076
v 0.006357 0.012755 0.119746
v 0.001755 0.014416 0.119228
v 0.010743 -0.011237 0.141413
v 0.011344 -0.008038 0.141398
v 0.011460 -0.004948 0.141347
v 0.011138 -0.001964 0.141266
v 0.010305 0.000995 0.141217
v 0.008943 0.003684 0.141209
v 0.007083 0.005954 0.141193
v 0.004622 0.007832 0.141079
v 0.000571 0.009428 0.140662
v 0.011953 -0.011085 0.134271
v 0.012692 -0.007492 0.134006
v 0.012909 -0.003966 0.133913
v 0.012639 -0.000643 0.133845
v 0.011828 0.002640 0.133817
v 0.010440 0.005638 0.133805
v 0.008490 0.008173 0.133769
v 0.005764 0.010319 0.133650
v 0.001101 0.012138 0.133212
v 0.012594 -0.010777 0.125563
v 0.013404 -0.007025 0.125557
v 0.013708 -0.003102 0.125552
v 0.013486 0.000407 0.125520
v 0.012722 0.003837 0.125464
v 0.011331 0.007011 0.125370
v 0.009242 0.009774 0.125233
v 0.006248 0.012075 0.125054
v 0.001529 0.013788 0.124786
v 0.013683 -0.009849 0.101415
v 0.014868 -0.004958 0.101946
v 0.015201 -0.001428 0.102074
v 0.014976 0.002649 0.101659
v 0.013951 0.006319 0.102174
v 0.012151 0.009532 0.102587
v 0.009566 0.012125 0.102810
v 0.006289 0.014020 0.102726
v 0.002293 0.015198 0.102793
v 0.008067 -0.008175 0.148416
v 0.007554 -0.011090 0.148496
v 0.008066 -0.005814 0.148329
v 0.007703 -0.003422 0.148198
v 0.006957 -0.001241 0.148100
v 0.005741 0.000771 0.148061
v 0.004261 0.002289 0.148074
v 0.002591 0.003534 0.147943
v -0.000195 0.004681 0.147743
v 0.005053 -0.008092 0.151234
v 0.004637 -0.010784 0.151269
v 0.004992 -0.006352 0.151174
v 0.004682 -0.004478 0.151059
v 0.004099 -0.002991 0.150992
v 0.003270 -0.001757 0.150978
v 0.002235 -0.000739 0.150972
v 0.001307 -0.000101 0.150954
v -0.000754 0.000749 0.150882
v 0.015294 -0.004382 0.095548
v 0.014146 -0.009568 0.093697
v 0.015569 -0.000450 0.096095
v 0.015246 0.003590 0.094654
v 0.014464 0.006936 0.089455
v 0.013832 0.008158 0.090071
v 0.011681 0.011100 0.090461
v 0.009020 0.013207 0.090854
v 0.005891 0.014624 0.090930
v 0.002629 0.015381 0.091156
v 0.017735 -0.002050 0.079753
v 0.017222 -0.008934 0.077314
v 0.017172 0.001281 0.081036
v 0.015415 0.005328 0.084099
v 0.013906 0.008377 0.086614
v 0.011580 0.011449 0.086939
v 0.008809 0.013523 0.087413
v 0.005752 0.014820 0.087504
v 0.002737 0.015468 0.087546
v 0.012015 0.010344 0.095843
v 0.014193 0.006918 0.094868
v 0.009328 0.012716 0.096213
v 0.006100 0.014362 0.096345
v 0.002474 0.015295 0.096525
v 0.019079 -0.008605 0.075486
v 0.018824 -0.002154 0.078196
v 0.017864 0.001118 0.079902
v 0.014235 0.008076 0.083781
v 0.011486 0.011670 0.084530
v 0.008636 0.013745 0.085090
v 0.005676 0.014951 0.085258
v 0.002814 0.015549 0.085083
v 0.015064 -0.005049 0.097773
v 0.013953 -0.009678 0.096743
v 0.015457 -0.000600 0.098109
v 0.014240 0.007414 0.089660
v 0.014994 0.004238 0.096447
v 0.014399 0.007402 0.086560
v 0.014662 0.006752 0.086957
v 0.014554 0.006244 0.093365
v 0.014839 0.005663 0.092723
v 0.016427 0.003984 0.081667
v 0.016392 0.003341 0.082189
v 0.015340 0.001924 0.097593
v 0.015487 0.001639 0.095636
v 0.015255 0.006080 0.083256
v 0.013389 -0.010077 0.107517
v 0.014429 -0.005785 0.107948
v 0.014822 -0.001729 0.108093
v 0.014612 0.002029 0.108079
v 0.013724 0.005644 0.108220
v 0.012087 0.008855 0.108358
v 0.009638 0.011604 0.108335
v 0.006406 0.013681 0.108226
v 0.002129 0.015028 0.108111
v 0.013586 -0.008591 0.113955
v 0.013291 -0.008838 0.120280
v 0.011101 -0.009694 0.141415
v 0.010000 -0.009778 0.144740
v 0.011862 -0.009530 0.137809
v 0.012370 -0.009343 0.134132
v 0.012739 -0.009170 0.130248
v 0.013037 -0.008998 0.125552
v 0.007871 -0.009714 0.148454
v 0.004856 -0.009517 0.151294
v 0.014817 -0.007020 0.094602
v 0.014582 -0.007436 0.097120
v 0.014292 -0.007718 0.101790
v 0.013903 -0.008266 0.107694
v 0.031102 0.003404 0.074351
v 0.030990 0.003351 0.074199
v 0.031050 0.003108 0.074700
v 0.028671 0.000481 0.074497
v 0.026277 -0.001841 0.074453
v 0.023667 -0.003731 0.074770
v 0.021150 -0.004790 0.075557
v 0.017689 -0.005440 0.078530
v 0.019150 -0.005303 0.076779
v 0.003161 0.016156 0.076391
v 0.005546 0.015609 0.077197
v 0.008919 0.014584 0.078171
v 0.012840 0.013071 0.078683
v 0.017277 0.011075 0.078669
v 0.021649 0.008871 0.078056
v 0.025520 0.006747 0.077005
v 0.028884 0.004752 0.075678
v 0.031152 0.003329 0.074556
v 0.033358 0.001994 0.073337
v -0.001208 -0.002396 0.152314
v 0.000804 -0.002757 0.152147
v -0.001530 -0.005144 0.153024
v 0.000068 -0.006059 0.153008
v -0.001470 -0.005675 0.153103
v -0.001172 -0.005875 0.153118
v 0.001894 -0.003958 0.152182
v 0.001930 -0.005582 0.152502
v 0.001987 -0.007165 0.152654
v 0.002251 -0.008006 0.152604
v 0.002130 -0.009368 0.152623
v 0.001998 -0.010449 0.152568
v 0.001233 -0.006382 0.152802
v 0.009194 -0.008184 0.146747
v 0.009211 -0.005628 0.146687
v 0.008853 -0.003058 0.146573
v 0.008052 -0.000604 0.146488
v 0.006777 0.001621 0.146461
v 0.005149 0.003409 0.146447
v 0.003115 0.004924 0.146311
v 0.000026 0.006141 0.146082
v 0.008703 -0.011178 0.146712
v 0.008997 -0.009760 0.146759
v 0.006717 -0.008141 0.149909
v 0.006674 -0.006028 0.149837
v 0.006307 -0.003877 0.149713
v 0.005645 -0.002040 0.149620
v 0.004554 -0.000310 0.149578
v 0.003310 0.000930 0.149580
v 0.001964 0.001828 0.149563
v -0.000457 0.002802 0.149460
v 0.006342 -0.010974 0.149880
v 0.006550 -0.009635 0.149934
v 0.015305 -0.002913 0.098707
v 0.015495 -0.002432 0.096042
v 0.014517 0.006948 0.088176
v 0.014215 0.007623 0.088080
v 0.014301 0.007052 0.091645
v 0.014567 0.006494 0.091188
v 0.015052 0.004662 0.093830
v 0.014752 0.005448 0.094648
v 0.014589 0.007188 0.085076
v 0.014981 0.006182 0.085455
v 0.005311 0.013898 0.075282
v 0.003095 0.014389 0.074379
v 0.008640 0.012936 0.076214
v 0.012426 0.011540 0.076719
v 0.016764 0.009671 0.076716
v 0.021005 0.007579 0.076112
v 0.024788 0.005522 0.075079
v 0.028072 0.003590 0.073772
v 0.030286 0.002212 0.072653
v 0.032305 0.000956 0.071506
v 0.014432 0.001907 0.080726
v 0.015154 -0.001518 0.079435
v 0.015133 -0.004946 0.078194
v 0.014520 -0.008426 0.076954
v 0.013591 0.004066 0.081871
v 0.012444 0.006111 0.083691
v 0.011910 0.006965 0.085022
v 0.011955 0.007269 0.086693
v 0.011806 0.007454 0.087907
v 0.011274 0.007671 0.089014
v 0.011434 0.007217 0.090754
v 0.011779 0.006357 0.092299
v 0.012126 0.005352 0.093420
v 0.012426 0.004259 0.094255
v 0.012773 0.002244 0.095229
v 0.012864 0.000120 0.095721
v 0.012795 -0.001894 0.095683
v 0.012593 -0.003868 0.095181
v 0.012112 -0.006527 0.094237
v 0.011436 -0.009092 0.093324
v 0.004361 0.015855 0.076674
v 0.004332 0.015693 0.076411
v 0.004327 0.015759 0.078293
v 0.004353 0.015899 0.077000
v 0.004285 0.015657 0.079493
v 0.004234 0.015540 0.081133
v 0.004184 0.015417 0.083207
v 0.003375 0.014017 0.119393
v 0.003545 0.014438 0.113530
v 0.001782 0.007029 0.144329
v 0.002158 0.008953 0.140894
v 0.002492 0.010528 0.137087
v 0.002755 0.011668 0.133429
v 0.002975 0.012580 0.129572
v 0.003185 0.013386 0.124896
v 0.004006 0.015128 0.091098
v 0.004087 0.015238 0.087558
v 0.003894 0.015009 0.096468
v 0.003783 0.014862 0.102747
v 0.004140 0.015323 0.085175
v 0.003679 0.014689 0.108113
v 0.004363 0.015881 0.076816
v -0.000173 -0.002581 0.152276
v 0.000425 0.000330 0.150939
v -0.000830 -0.005519 0.153045
v 0.001243 0.004264 0.147800
v 0.001521 0.005689 0.146179
v 0.000878 0.002349 0.149531
v 0.004171 0.014214 0.074880
v 0.024845 0.006011 0.077183
v 0.028048 0.003864 0.075816
v 0.021106 0.008296 0.078262
v 0.016909 0.010640 0.078909
v 0.012675 0.012778 0.079007
v 0.008853 0.014462 0.078607
v 0.005569 0.015537 0.077911
v 0.030253 0.002192 0.074624
v 0.032335 0.000588 0.073338
v 0.003096 0.016096 0.077086
v 0.004342 0.015837 0.077526
v 0.035853 -0.000076 0.071632
v 0.038999 -0.002247 0.068958
v 0.036162 -0.005902 0.068959
v 0.033315 -0.003639 0.071287
v 0.033374 0.001646 0.073355
v 0.030690 -0.001661 0.073079
v 0.038517 -0.007978 0.066385
v 0.041571 -0.004424 0.065904
v 0.040235 -0.009777 0.063695
v 0.043272 -0.006274 0.063021
v 0.041546 -0.011510 0.060755
v 0.044630 -0.008137 0.059831
v 0.042522 -0.013371 0.057310
v 0.045678 -0.010177 0.056049
v 0.043009 -0.015174 0.053696
v 0.046234 -0.012174 0.052023
v 0.043054 -0.016844 0.050002
v 0.046253 -0.014038 0.048077
v 0.042616 -0.018439 0.046176
v 0.045714 -0.015933 0.043950
v 0.041709 -0.019879 0.042533
v 0.044665 -0.017680 0.040022
v 0.040356 -0.021220 0.038971
v 0.043120 -0.019314 0.036202
v 0.038596 -0.022458 0.035583
v 0.041121 -0.020817 0.032675
v 0.036390 -0.023612 0.032446
v 0.038577 -0.022261 0.029308
v 0.034088 -0.024535 0.029782
v 0.036174 -0.023318 0.026782
v 0.031555 -0.025320 0.027427
v 0.033270 -0.024317 0.024300
v 0.028844 -0.025942 0.025392
v 0.030342 -0.025081 0.022279
v 0.025959 -0.026376 0.023617
v 0.027282 -0.025637 0.020499
v 0.022916 -0.026647 0.022109
v 0.023966 -0.026009 0.018937
v 0.019767 -0.026730 0.020897
v 0.020593 -0.026179 0.017729
v 0.016547 -0.026621 0.019942
v 0.017106 -0.026133 0.016768
v 0.013495 -0.026370 0.019276
v 0.013871 -0.025896 0.016105
v 0.010943 -0.026062 0.018933
v 0.011535 -0.025618 0.015773
v 0.007572 -0.025520 0.018735
v 0.008091 -0.025062 0.015531
v 0.004224 -0.024828 0.018807
v 0.004461 -0.024283 0.015603
v 0.000998 -0.023979 0.019108
v 0.000995 -0.023327 0.015929
v -0.002051 -0.023006 0.019649
v -0.002258 -0.022229 0.016501
v -0.004977 -0.021903 0.020456
v -0.005454 -0.020946 0.017369
v -0.007765 -0.020672 0.021526
v -0.008480 -0.019509 0.018486
v -0.010414 -0.019312 0.022867
v -0.011371 -0.017897 0.019869
v -0.012874 -0.017848 0.024488
v -0.014026 -0.016185 0.021541
v -0.015119 -0.016291 0.026362
v -0.016388 -0.014405 0.023409
v -0.017161 -0.014629 0.028501
v -0.018605 -0.012431 0.025580
v -0.018914 -0.012921 0.030837
v -0.020487 -0.010416 0.027897
v -0.020328 -0.011249 0.033420
v -0.022086 -0.008311 0.030446
v -0.021475 -0.009539 0.035998
v -0.023347 -0.006182 0.033109
v -0.022252 -0.007984 0.038609
v -0.024257 -0.004073 0.035838
v -0.022685 -0.006683 0.041062
v -0.024836 -0.001958 0.038662
v -0.022893 -0.005563 0.043337
v -0.025081 0.000137 0.041463
v -0.022914 -0.004644 0.045417
v -0.024955 0.002150 0.044457
v -0.022800 -0.003695 0.047622
v -0.024908 0.002776 0.045356
v 0.030292 -0.007009 0.071232
v 0.033314 -0.009345 0.068973
v 0.035744 -0.011240 0.066666
v 0.037527 -0.012880 0.064206
v 0.038847 -0.014422 0.061522
v 0.039804 -0.016095 0.058360
v 0.040175 -0.017767 0.055160
v 0.040272 -0.019255 0.051609
v 0.039934 -0.020594 0.047928
v 0.039164 -0.021751 0.044599
v 0.037903 -0.022876 0.041187
v 0.036287 -0.023877 0.037968
v 0.034336 -0.024794 0.034987
v 0.032225 -0.025547 0.032357
v 0.029968 -0.026149 0.030078
v 0.027480 -0.026611 0.028043
v 0.024789 -0.026938 0.026249
v 0.021961 -0.027102 0.024743
v 0.019007 -0.027107 0.023517
v 0.015965 -0.026962 0.022551
v 0.013046 -0.026698 0.021887
v 0.010503 -0.026387 0.021545
v 0.007250 -0.025871 0.021370
v 0.004083 -0.025234 0.021451
v 0.001055 -0.024465 0.021753
v -0.001787 -0.023587 0.022281
v -0.004479 -0.022599 0.023049
v -0.007043 -0.021499 0.024069
v -0.009480 -0.020288 0.025349
v -0.011757 -0.018980 0.026895
v -0.013854 -0.017584 0.028711
v -0.015738 -0.016124 0.030785
v -0.017361 -0.014646 0.033066
v -0.018702 -0.013177 0.035458
v -0.019749 -0.011773 0.037929
v -0.020487 -0.010514 0.040343
v -0.020909 -0.009511 0.042543
v -0.021136 -0.008687 0.044632
v -0.021184 -0.008010 0.046637
v -0.021095 -0.007302 0.048917
v 0.027950 -0.004403 0.073046
v 0.026259 -0.010603 0.071430
v 0.030168 -0.012919 0.068950
v 0.032839 -0.014674 0.066817
v 0.034719 -0.016149 0.064590
v 0.036067 -0.017481 0.062172
v 0.037046 -0.018870 0.059374
v 0.037044 -0.020552 0.056971
v 0.037425 -0.021832 0.053103
v 0.037239 -0.022860 0.049479
v 0.036571 -0.023717 0.046579
v 0.035396 -0.024605 0.043320
v 0.034083 -0.025269 0.039995
v 0.032519 -0.025852 0.036981
v 0.030684 -0.026392 0.034404
v 0.028636 -0.026831 0.032152
v 0.026330 -0.027168 0.030104
v 0.023793 -0.027365 0.028293
v 0.021111 -0.027432 0.026771
v 0.018314 -0.027376 0.025536
v 0.015448 -0.027198 0.024575
v 0.012656 -0.026922 0.023909
v 0.010160 -0.026607 0.023547
v 0.007062 -0.026121 0.023351
v 0.004093 -0.025539 0.023412
v 0.001233 -0.024840 0.023698
v -0.001459 -0.024030 0.024207
v -0.004004 -0.023119 0.024952
v -0.006421 -0.022108 0.025947
v -0.008703 -0.021006 0.027200
v -0.010828 -0.019827 0.028716
v -0.012771 -0.018592 0.030491
v -0.014501 -0.017326 0.032504
v -0.015986 -0.016072 0.034706
v -0.017153 -0.014929 0.037099
v -0.018133 -0.013792 0.039444
v -0.018759 -0.012906 0.041771
v -0.019079 -0.012327 0.043960
v -0.019249 -0.011835 0.046097
v -0.019307 -0.011375 0.048305
v -0.019530 -0.010368 0.050843
v 0.024660 -0.006813 0.073391
v 0.025637 -0.030124 0.052428
v 0.026003 -0.029572 0.050713
v 0.026248 -0.029005 0.048864
v 0.026368 -0.028374 0.046628
v 0.026282 -0.027760 0.044148
v 0.025960 -0.027270 0.041754
v 0.025315 -0.026876 0.039278
v 0.023957 -0.026552 0.036450
v 0.021744 -0.026307 0.033971
v 0.019199 -0.026059 0.032335
v 0.016685 -0.025776 0.031312
v 0.014106 -0.025451 0.030587
v 0.011713 -0.025118 0.030119
v 0.009676 -0.024807 0.029864
v 0.007285 -0.024402 0.029745
v 0.004790 -0.023935 0.029829
v 0.002511 -0.023456 0.030132
v 0.000379 -0.022949 0.030688
v -0.001736 -0.022386 0.031611
v -0.003621 -0.021850 0.032906
v -0.005255 -0.021398 0.034562
v -0.006593 -0.021087 0.036470
v -0.007648 -0.020938 0.038508
v -0.008480 -0.020946 0.040595
v -0.009124 -0.021110 0.042669
v -0.009605 -0.021403 0.044634
v -0.009933 -0.021788 0.046388
v -0.010145 -0.022224 0.047943
v -0.010252 -0.022654 0.049213
v 0.030177 -0.029725 0.052598
v 0.030399 -0.029247 0.049274
v 0.030258 -0.028899 0.046486
v 0.029603 -0.028758 0.043655
v 0.028592 -0.028690 0.041053
v 0.027428 -0.028564 0.038558
v 0.026006 -0.028465 0.036181
v 0.024177 -0.028372 0.033902
v 0.021979 -0.028260 0.031896
v 0.019565 -0.028099 0.030298
v 0.017024 -0.027883 0.029083
v 0.014417 -0.027608 0.028189
v 0.011885 -0.027288 0.027589
v 0.009636 -0.026968 0.027273
v 0.006866 -0.026519 0.027113
v 0.004242 -0.026011 0.027196
v 0.001732 -0.025427 0.027502
v -0.000619 -0.024784 0.028047
v -0.002826 -0.024090 0.028861
v -0.004880 -0.023364 0.029962
v -0.006766 -0.022643 0.031354
v -0.008458 -0.021965 0.033013
v -0.009941 -0.021360 0.034893
v -0.011215 -0.020852 0.036939
v -0.012292 -0.020463 0.039076
v -0.013177 -0.020179 0.041234
v -0.013971 -0.019867 0.043256
v -0.014429 -0.019932 0.045361
v -0.014717 -0.020201 0.047484
v 0.025554 -0.032310 0.052352
v 0.025970 -0.031713 0.050547
v 0.026239 -0.031120 0.048661
v 0.026362 -0.030432 0.046276
v 0.026230 -0.029756 0.043565
v 0.025835 -0.029257 0.041101
v 0.025077 -0.028884 0.038671
v 0.023493 -0.028553 0.035784
v 0.021051 -0.028298 0.033434
v 0.018530 -0.028044 0.031965
v 0.016132 -0.027770 0.031032
v 0.013540 -0.027439 0.030337
v 0.011175 -0.027109 0.029886
v 0.009353 -0.026833 0.029651
v 0.006965 -0.026427 0.029526
v 0.004443 -0.025951 0.029604
v 0.002239 -0.025487 0.029880
v 0.000198 -0.025006 0.030377
v -0.001863 -0.024467 0.031201
v -0.003752 -0.023936 0.032359
v -0.005461 -0.023455 0.033894
v -0.006910 -0.023099 0.035766
v -0.008050 -0.022911 0.037790
v -0.008963 -0.022894 0.039946
v -0.009672 -0.023048 0.042116
v -0.010191 -0.023365 0.044204
v -0.010540 -0.023782 0.046065
v -0.010753 -0.024272 0.047729
v -0.010837 -0.024714 0.048958
v 0.005358 -0.033095 0.062459
v 0.004989 -0.035101 0.062504
v -0.006077 -0.028694 0.058548
v -0.006606 -0.030735 0.058414
v 0.017414 -0.035582 0.061288
v 0.017631 -0.033514 0.061200
v -0.009608 -0.025268 0.054354
v -0.010084 -0.027445 0.054182
v -0.001434 -0.033392 0.061162
v -0.000936 -0.031409 0.061222
v 0.023011 -0.034178 0.057497
v 0.023076 -0.031988 0.057503
v 0.011600 -0.033706 0.062517
v 0.011312 -0.035713 0.062571
v -0.010288 -0.023206 0.050594
v -0.010847 -0.025289 0.050326
v -0.010150 -0.024091 0.052428
v -0.010666 -0.026206 0.052143
v -0.008079 -0.029638 0.057131
v -0.007527 -0.027577 0.057309
v -0.009221 -0.028555 0.055751
v -0.008711 -0.026436 0.055937
v 0.002859 -0.034708 0.062254
v 0.003240 -0.032699 0.062226
v 0.000648 -0.034124 0.061803
v 0.001089 -0.032132 0.061819
v -0.004512 -0.029683 0.059578
v -0.005056 -0.031684 0.059453
v -0.002788 -0.030595 0.060478
v -0.003301 -0.032584 0.060382
v 0.025063 -0.032829 0.053863
v 0.025135 -0.030658 0.054000
v 0.024184 -0.033523 0.055787
v 0.024262 -0.031326 0.055830
v 0.019723 -0.033148 0.060220
v 0.019621 -0.035250 0.060275
v 0.021582 -0.032606 0.058958
v 0.021539 -0.034755 0.058967
v 0.007537 -0.033398 0.062596
v 0.007268 -0.035408 0.062652
v 0.009549 -0.033591 0.062619
v 0.009227 -0.035594 0.062679
v 0.015426 -0.035718 0.061889
v 0.015650 -0.033686 0.061835
v 0.013405 -0.035758 0.062309
v 0.013646 -0.033742 0.062263
v -0.014018 -0.022964 0.052363
v -0.014743 -0.021007 0.050205
v -0.013132 -0.024808 0.054684
v -0.012150 -0.026319 0.056667
v -0.010941 -0.027664 0.058401
v -0.009417 -0.028944 0.059946
v -0.007597 -0.030176 0.061280
v -0.005482 -0.031372 0.062432
v -0.003126 -0.032487 0.063389
v -0.000597 -0.033491 0.064173
v 0.002063 -0.034253 0.064737
v 0.004767 -0.034745 0.065083
v 0.007531 -0.035079 0.065259
v 0.010210 -0.035249 0.065263
v 0.012829 -0.035318 0.065101
v 0.015435 -0.035245 0.064715
v 0.017925 -0.035056 0.064100
v 0.020338 -0.034735 0.063210
v 0.022638 -0.034247 0.062010
v 0.024611 -0.033592 0.060570
v 0.026324 -0.032835 0.058897
v 0.027873 -0.031901 0.056890
v 0.029105 -0.030847 0.054781
v 0.012781 -0.010761 0.120223
v 0.013043 -0.010517 0.113995
v 0.013327 -0.010269 0.107508
v 0.013619 -0.010042 0.101405
v 0.013890 -0.009871 0.096731
v 0.014084 -0.009769 0.093624
v 0.012536 -0.010970 0.125552
v 0.012247 -0.011146 0.130286
v 0.011897 -0.011278 0.134259
v 0.011430 -0.011373 0.137784
v 0.010689 -0.011431 0.141397
v 0.009681 -0.011425 0.144532
v 0.008649 -0.011372 0.146700
v 0.007508 -0.011285 0.148475
v 0.006296 -0.011168 0.149854
v 0.004598 -0.010979 0.151249
v 0.001963 -0.010645 0.152549
v 0.011670 -0.013776 0.119779
v 0.011887 -0.013532 0.113791
v 0.012109 -0.013349 0.107501
v 0.012352 -0.013246 0.101304
v 0.012614 -0.013124 0.096521
v 0.012970 -0.012831 0.092533
v 0.011432 -0.014030 0.125152
v 0.011145 -0.014256 0.129871
v 0.010781 -0.014424 0.133906
v 0.010286 -0.014533 0.137555
v 0.009592 -0.014588 0.140926
v 0.008669 -0.014587 0.143869
v 0.007664 -0.014543 0.146040
v 0.006538 -0.014478 0.147797
v 0.005248 -0.014404 0.149263
v 0.003629 -0.014269 0.150559
v 0.001505 -0.013877 0.151785
v -0.002378 -0.010027 0.153221
v -0.002863 -0.013365 0.152501
v -0.000608 -0.013639 0.152353
v -0.000292 -0.010333 0.153100
v 0.010336 -0.016340 0.119672
v 0.010527 -0.016072 0.113749
v 0.010753 -0.015823 0.107504
v 0.011063 -0.015603 0.101199
v 0.011351 -0.015469 0.096259
v 0.011738 -0.015248 0.091676
v 0.010110 -0.016598 0.125021
v 0.009820 -0.016818 0.129695
v 0.009433 -0.016970 0.133737
v 0.008920 -0.017050 0.137351
v 0.008225 -0.017039 0.140609
v 0.007358 -0.016934 0.143428
v 0.006436 -0.016768 0.145542
v 0.005421 -0.016560 0.147242
v 0.004288 -0.016337 0.148633
v 0.002922 -0.016137 0.149773
v 0.001217 -0.016229 0.150558
v 0.008490 -0.018904 0.119710
v 0.008696 -0.018571 0.113771
v 0.008934 -0.018253 0.107487
v 0.009266 -0.017993 0.101076
v 0.009599 -0.017828 0.095996
v 0.009908 -0.017728 0.090764
v 0.008248 -0.019184 0.125063
v 0.007946 -0.019382 0.129693
v 0.007558 -0.019483 0.133682
v 0.007038 -0.019465 0.137227
v 0.006380 -0.019319 0.140396
v 0.005582 -0.019024 0.143119
v 0.004806 -0.018691 0.145090
v 0.003963 -0.018322 0.146675
v 0.003000 -0.017949 0.147989
v 0.001915 -0.017525 0.149150
v 0.000575 -0.017211 0.150017
v -0.003104 -0.024077 0.119771
v -0.002918 -0.023645 0.113737
v -0.002669 -0.023153 0.107349
v -0.002328 -0.022637 0.100621
v -0.001989 -0.022249 0.095583
v -0.001547 -0.021819 0.090388
v -0.003239 -0.024356 0.125267
v -0.003331 -0.024394 0.129882
v -0.003396 -0.024210 0.133849
v -0.003435 -0.023787 0.137376
v -0.003443 -0.023109 0.140545
v -0.003421 -0.022242 0.143234
v -0.003396 -0.021532 0.144833
v -0.003389 -0.020831 0.146127
v -0.003399 -0.020027 0.147390
v -0.003332 -0.018862 0.148811
v -0.003245 -0.017505 0.150133
v 0.003942 -0.022262 0.113710
v 0.003767 -0.022642 0.119690
v 0.004150 -0.021885 0.107421
v 0.004428 -0.021550 0.101046
v 0.004738 -0.021278 0.095855
v 0.005167 -0.020914 0.090231
v 0.003573 -0.022922 0.125108
v 0.003334 -0.023038 0.129720
v 0.003031 -0.022969 0.133671
v 0.002648 -0.022709 0.137166
v 0.002178 -0.022259 0.140277
v 0.001625 -0.021617 0.142937
v 0.001149 -0.021041 0.144664
v 0.000675 -0.020444 0.146077
v 0.000189 -0.019770 0.147359
v -0.000325 -0.018843 0.148664
v -0.000781 -0.017762 0.149869
v 0.006527 -0.020649 0.113762
v 0.006329 -0.020993 0.119727
v 0.006752 -0.020298 0.107451
v 0.007087 -0.019998 0.101005
v 0.007473 -0.019732 0.095923
v 0.008144 -0.019288 0.090398
v 0.006108 -0.021267 0.125105
v 0.005833 -0.021422 0.129714
v 0.005474 -0.021436 0.133667
v 0.005000 -0.021296 0.137167
v 0.004411 -0.021002 0.140287
v 0.003707 -0.020535 0.142961
v 0.003069 -0.020078 0.144796
v 0.002400 -0.019583 0.146280
v 0.001665 -0.019053 0.147567
v 0.000858 -0.018370 0.148801
v -0.000057 -0.017599 0.149863
v 0.000948 -0.023307 0.113668
v 0.000780 -0.023718 0.119674
v 0.001139 -0.022865 0.107342
v 0.001384 -0.022449 0.100811
v 0.001646 -0.022129 0.095678
v 0.002008 -0.021736 0.090384
v 0.000607 -0.024007 0.125139
v 0.000418 -0.024099 0.129761
v 0.000201 -0.023968 0.133726
v -0.000054 -0.023609 0.137239
v -0.000352 -0.023022 0.140375
v -0.000696 -0.022227 0.143045
v -0.000979 -0.021559 0.144692
v -0.001247 -0.020884 0.146043
v -0.001498 -0.020112 0.147324
v -0.001728 -0.019012 0.148708
v -0.001868 -0.017678 0.150052
v -0.017612 -0.006283 0.121737
v -0.017795 -0.005968 0.115448
v -0.017741 -0.005665 0.108537
v -0.017549 -0.005346 0.100359
v -0.017464 -0.005118 0.094170
v -0.017477 -0.004926 0.088759
v -0.017198 -0.006599 0.127239
v -0.016661 -0.006885 0.131658
v -0.016016 -0.007154 0.135377
v -0.015256 -0.007422 0.138678
v -0.014068 -0.007776 0.142448
v -0.012778 -0.008107 0.145410
v -0.011770 -0.008344 0.147248
v -0.010957 -0.008523 0.148482
v -0.010172 -0.008687 0.149483
v -0.009018 -0.008914 0.150656
v -0.007710 -0.009156 0.151646
v -0.014358 -0.016978 0.114935
v -0.014353 -0.017299 0.121012
v -0.014192 -0.016603 0.108296
v -0.013878 -0.016234 0.101192
v -0.013547 -0.016044 0.095661
v -0.013113 -0.015985 0.090310
v -0.014175 -0.017513 0.126410
v -0.013848 -0.017596 0.130896
v -0.013392 -0.017573 0.134775
v -0.012788 -0.017436 0.138302
v -0.012008 -0.017160 0.141564
v -0.011118 -0.016765 0.144299
v -0.010376 -0.016402 0.146037
v -0.009685 -0.016031 0.147347
v -0.008913 -0.015570 0.148571
v -0.008004 -0.015021 0.149784
v -0.007012 -0.014500 0.150755
v -0.009580 -0.021655 0.114326
v -0.009691 -0.022035 0.120376
v -0.009359 -0.021208 0.107810
v -0.008983 -0.020692 0.100781
v -0.008593 -0.020313 0.095683
v -0.008083 -0.019969 0.090478
v -0.009669 -0.022254 0.125835
v -0.009535 -0.022275 0.130359
v -0.009302 -0.022110 0.134260
v -0.008961 -0.021749 0.137776
v -0.008492 -0.021170 0.141003
v -0.007941 -0.020428 0.143727
v -0.007510 -0.019819 0.145343
v -0.007111 -0.019211 0.146611
v -0.006659 -0.018481 0.147917
v -0.006085 -0.017551 0.149169
v -0.005402 -0.016475 0.150331
v -0.017301 -0.009676 0.115377
v -0.017186 -0.009939 0.121616
v -0.017179 -0.009495 0.108453
v -0.016847 -0.009612 0.100796
v -0.016609 -0.009850 0.094879
v -0.016389 -0.010183 0.089408
v -0.016846 -0.010196 0.127084
v -0.016360 -0.010418 0.131516
v -0.015748 -0.010600 0.135310
v -0.014974 -0.010764 0.138795
v -0.013935 -0.010955 0.142211
v -0.012742 -0.011180 0.145077
v -0.011786 -0.011362 0.146847
v -0.010938 -0.011473 0.148122
v -0.010090 -0.011530 0.149251
v -0.008959 -0.011580 0.150358
v -0.007729 -0.011771 0.151256
v -0.006497 -0.023497 0.120003
v -0.006341 -0.023081 0.113958
v -0.006098 -0.022594 0.107512
v -0.005737 -0.022049 0.100622
v -0.005377 -0.021632 0.095604
v -0.004896 -0.021217 0.090407
v -0.006562 -0.023735 0.125494
v -0.006545 -0.023749 0.130072
v -0.006460 -0.023551 0.134013
v -0.006303 -0.023131 0.137539
v -0.006067 -0.022472 0.140740
v -0.005770 -0.021615 0.143444
v -0.005543 -0.020935 0.145038
v -0.005336 -0.020274 0.146306
v -0.005088 -0.019489 0.147537
v -0.004770 -0.018378 0.148939
v -0.004502 -0.017087 0.150209
v -0.012290 -0.019923 0.120749
v -0.012236 -0.019573 0.114692
v -0.012048 -0.019161 0.108111
v -0.011699 -0.018712 0.101011
v -0.011326 -0.018415 0.095732
v -0.010839 -0.018195 0.090488
v -0.012184 -0.020133 0.126166
v -0.011943 -0.020179 0.130649
v -0.011586 -0.020078 0.134523
v -0.011102 -0.019827 0.138036
v -0.010451 -0.019382 0.141279
v -0.009716 -0.018808 0.144013
v -0.009121 -0.018310 0.145682
v -0.008560 -0.017798 0.146959
v -0.007922 -0.017164 0.148232
v -0.007191 -0.016387 0.149497
v -0.006397 -0.015429 0.150565
v -0.016213 -0.013347 0.115115
v -0.016175 -0.013603 0.121253
v -0.016057 -0.013086 0.108380
v -0.015724 -0.012928 0.101041
v -0.015422 -0.012970 0.095405
v -0.015048 -0.013199 0.089962
v -0.015926 -0.013809 0.126672
v -0.015519 -0.013946 0.131169
v -0.014971 -0.014024 0.135052
v -0.014252 -0.014034 0.138586
v -0.013333 -0.013994 0.141892
v -0.012262 -0.013910 0.144650
v -0.011366 -0.013828 0.146444
v -0.010555 -0.013719 0.147784
v -0.009683 -0.013536 0.148959
v -0.008628 -0.013286 0.150098
v -0.007542 -0.012996 0.151052
v -0.005092 -0.009603 0.152836
v -0.005281 -0.012505 0.152273
v -0.003803 -0.009808 0.153105
v -0.004061 -0.012903 0.152464
v -0.006603 -0.012431 0.151753
v -0.006430 -0.009379 0.152338
v -0.003155 -0.016306 0.151028
v -0.004634 -0.015768 0.151083
v -0.003032 -0.014936 0.151825
v -0.004204 -0.014379 0.151868
v -0.005952 -0.014375 0.151321
v -0.005157 -0.013766 0.151884
v 0.012546 -0.011948 0.113814
v 0.012296 -0.012217 0.119958
v 0.012807 -0.011708 0.107487
v 0.013092 -0.011526 0.101264
v 0.013339 -0.011422 0.096580
v 0.013527 -0.011300 0.093078
v 0.012051 -0.012465 0.125315
v 0.011766 -0.012678 0.130084
v 0.011402 -0.012835 0.134120
v 0.010918 -0.012941 0.137778
v 0.010232 -0.012990 0.141130
v 0.009285 -0.012980 0.144171
v 0.008276 -0.012931 0.146377
v 0.007141 -0.012858 0.148159
v 0.005828 -0.012767 0.149662
v 0.004129 -0.012614 0.151023
v 0.001734 -0.012261 0.152167
v -0.000450 -0.011986 0.152727
v -0.002621 -0.011696 0.152861
v -0.007743 -0.010494 0.151482
v -0.009028 -0.010258 0.150557
v -0.010136 -0.010092 0.149428
v -0.010988 -0.009959 0.148351
v -0.011843 -0.009795 0.147087
v -0.012833 -0.009579 0.145281
v -0.014063 -0.009300 0.142354
v -0.015150 -0.009028 0.138830
v -0.015942 -0.008800 0.135378
v -0.016579 -0.008565 0.131608
v -0.017097 -0.008306 0.127167
v -0.017477 -0.008016 0.121662
v -0.017197 -0.007218 0.094305
v -0.017131 -0.007354 0.089054
v -0.017328 -0.007229 0.100450
v -0.017548 -0.007432 0.108522
v -0.017630 -0.007716 0.115351
v -0.003932 -0.011379 0.152889
v -0.005214 -0.011070 0.152600
v -0.006493 -0.010837 0.152151
v -0.013637 -0.023369 0.055326
v -0.014798 -0.021068 0.052626
v -0.012460 -0.025164 0.057347
v -0.011163 -0.026571 0.059044
v -0.009592 -0.027940 0.060511
v -0.007753 -0.029318 0.061762
v -0.005611 -0.030721 0.062857
v -0.003220 -0.032057 0.063748
v -0.000647 -0.033187 0.064477
v 0.002046 -0.034032 0.065024
v 0.004780 -0.034527 0.065367
v 0.007585 -0.034851 0.065553
v 0.010309 -0.034970 0.065601
v 0.012990 -0.034959 0.065482
v 0.015697 -0.034795 0.065126
v 0.018272 -0.034494 0.064536
v 0.020775 -0.034076 0.063649
v 0.023164 -0.033449 0.062447
v 0.025201 -0.032669 0.061075
v 0.026984 -0.031789 0.059493
v 0.028688 -0.030677 0.057491
v 0.030216 -0.029431 0.055329
v -0.014161 -0.021010 0.057018
v -0.015441 -0.019129 0.054567
v -0.012720 -0.022683 0.059151
v -0.011190 -0.023842 0.060917
v -0.009441 -0.024910 0.062360
v -0.007478 -0.025974 0.063529
v -0.005207 -0.027083 0.064543
v -0.002727 -0.028156 0.065397
v -0.000074 -0.029088 0.066086
v 0.002661 -0.029796 0.066593
v 0.005396 -0.030247 0.066890
v 0.008272 -0.030519 0.067100
v 0.011072 -0.030645 0.067164
v 0.013886 -0.030675 0.067040
v 0.016795 -0.030646 0.066643
v 0.019542 -0.030523 0.065958
v 0.022116 -0.030452 0.064875
v 0.024532 -0.030243 0.063558
v 0.026519 -0.029865 0.062129
v 0.028207 -0.029374 0.060519
v 0.029764 -0.028762 0.058549
v 0.030727 -0.028288 0.057029
v 0.003184 -0.021022 0.077023
v -0.000041 -0.021039 0.076906
v -0.003162 -0.020498 0.076747
v -0.006136 -0.019614 0.076443
v -0.008859 -0.018378 0.076069
v 0.009172 -0.019248 0.077240
v 0.006225 -0.020436 0.077219
v 0.003438 -0.022994 0.071084
v 0.000471 -0.022800 0.070782
v -0.002388 -0.022178 0.070327
v -0.005111 -0.021314 0.069798
v -0.007635 -0.020282 0.069181
v 0.009509 -0.022265 0.071375
v 0.006365 -0.022857 0.071254
v 0.002371 -0.021357 0.085669
v -0.001067 -0.021399 0.085583
v -0.004351 -0.020825 0.085515
v -0.007495 -0.019679 0.085546
v -0.010272 -0.018056 0.085513
v 0.008136 -0.019337 0.085745
v 0.005450 -0.020634 0.085536
v 0.003421 -0.021519 0.073978
v 0.000299 -0.021481 0.073808
v -0.002697 -0.020917 0.073528
v -0.005559 -0.020070 0.073135
v -0.008213 -0.018969 0.072662
v 0.010082 -0.019678 0.074108
v 0.006527 -0.021014 0.074087
v 0.003250 -0.025115 0.069022
v 0.000401 -0.024729 0.068642
v -0.002362 -0.024018 0.068087
v -0.004979 -0.023132 0.067399
v -0.007380 -0.022164 0.066553
v 0.009083 -0.025035 0.069514
v 0.006078 -0.025208 0.069289
v 0.002699 -0.021100 0.081914
v -0.000646 -0.021114 0.081833
v -0.003868 -0.020554 0.081704
v -0.006958 -0.019511 0.081636
v -0.009724 -0.018050 0.081450
v 0.008478 -0.019256 0.081943
v 0.005778 -0.020456 0.081717
v 0.034268 -0.025630 0.048014
v 0.032870 -0.026636 0.045684
v 0.031761 -0.026964 0.042085
v 0.030468 -0.027272 0.039154
v 0.028985 -0.027545 0.036596
v 0.027249 -0.027749 0.034288
v 0.025179 -0.027876 0.032145
v 0.022817 -0.027909 0.030248
v 0.020281 -0.027846 0.028687
v 0.017625 -0.027687 0.027453
v 0.014901 -0.027443 0.026515
v 0.012246 -0.027136 0.025872
v 0.009869 -0.026823 0.025525
v 0.006937 -0.026363 0.025339
v 0.004142 -0.025830 0.025405
v 0.001457 -0.025197 0.025695
v -0.001064 -0.024477 0.026214
v -0.003434 -0.023668 0.026982
v -0.005668 -0.022792 0.028012
v -0.007749 -0.021857 0.029313
v -0.009654 -0.020891 0.030876
v -0.011363 -0.019923 0.032681
v -0.012859 -0.018984 0.034695
v -0.014127 -0.018108 0.036859
v -0.015135 -0.017357 0.039119
v -0.015968 -0.016661 0.041361
v -0.016523 -0.016211 0.043572
v -0.016836 -0.015994 0.045726
v -0.016984 -0.015960 0.048085
v -0.016914 -0.016273 0.051195
v 0.033567 -0.024723 0.057110
v 0.021602 -0.008313 0.074135
v 0.021110 -0.014012 0.071985
v 0.019040 -0.008799 0.075433
v 0.017758 -0.014044 0.073503
v 0.017188 -0.009124 0.077249
v 0.015548 -0.014145 0.075538
v 0.013736 -0.016777 0.074648
v 0.015812 -0.017461 0.072429
v 0.021874 -0.011088 0.072913
v 0.018729 -0.011369 0.074437
v 0.016571 -0.011714 0.076368
v 0.009889 -0.018015 0.085758
v 0.009493 -0.018172 0.090089
v 0.010439 -0.017858 0.081966
v 0.011404 -0.017747 0.077364
v 0.012430 -0.017640 0.075109
v 0.012018 -0.024752 0.069554
v -0.012593 -0.016042 0.085164
v -0.012051 -0.016252 0.080887
v -0.011296 -0.016778 0.075755
v -0.010588 -0.017599 0.072184
v -0.009859 -0.019102 0.068451
v -0.009469 -0.021180 0.065518
v -0.011429 -0.020166 0.064162
v -0.011954 -0.017757 0.067404
v -0.012792 -0.015908 0.071278
v -0.013634 -0.014634 0.074831
v -0.014165 -0.013979 0.080629
v -0.014620 -0.013502 0.084769
v 0.015076 -0.024433 0.069361
v 0.019903 -0.017420 0.071019
v 0.018305 -0.024383 0.068761
v -0.016290 -0.010318 0.083807
v -0.015886 -0.011258 0.080222
v -0.016154 -0.011156 0.073493
v -0.014806 -0.013830 0.070082
v -0.013879 -0.016216 0.065844
v -0.013278 -0.018974 0.062319
v -0.017634 -0.004713 0.082899
v -0.017233 -0.007326 0.082721
v -0.017821 -0.013654 0.054074
v -0.014954 -0.017560 0.059873
v 0.021234 -0.024794 0.067727
v 0.024021 -0.025081 0.066470
v 0.026497 -0.025474 0.065012
v 0.028420 -0.025790 0.063442
v 0.029992 -0.025960 0.061657
v 0.031428 -0.026114 0.059335
v -0.016438 -0.009981 0.081973
v -0.017700 -0.007906 0.070309
v -0.018558 -0.004086 0.069967
v -0.019344 -0.003627 0.063857
v -0.018588 -0.006963 0.064252
v -0.020491 -0.002920 0.057757
v -0.019668 -0.006176 0.058384
v -0.022206 -0.001601 0.052201
v -0.020843 -0.005319 0.053666
v -0.021868 -0.004574 0.050219
v -0.023774 0.000230 0.048436
v 0.032583 -0.021789 0.062425
v 0.033993 -0.022484 0.059775
v 0.031050 -0.020986 0.064492
v 0.029117 -0.020010 0.066312
v 0.026563 -0.018937 0.068020
v 0.023387 -0.017977 0.069641
v -0.017772 -0.009614 0.064384
v -0.017189 -0.009288 0.070812
v -0.016166 -0.012224 0.067690
v -0.016515 -0.010638 0.072097
v -0.020750 -0.007243 0.050976
v -0.019948 -0.007842 0.054310
v -0.018904 -0.008593 0.058882
v -0.017588 -0.011946 0.059635
v -0.018729 -0.010932 0.055150
v -0.019703 -0.009531 0.052059
v -0.015680 -0.014541 0.063308
v 0.034139 -0.019756 0.062431
v 0.032679 -0.018678 0.064668
v 0.030793 -0.017357 0.066674
v 0.028217 -0.015885 0.068577
v 0.024756 -0.014463 0.070492
v 0.035529 -0.020562 0.059708
v 0.019119 -0.020776 0.069918
v 0.015584 -0.020922 0.070752
v 0.032552 -0.024439 0.059641
v 0.031163 -0.023921 0.062163
v 0.029641 -0.023351 0.064079
v 0.027721 -0.022678 0.065756
v 0.025211 -0.021936 0.067326
v 0.022284 -0.021290 0.068740
v 0.034926 -0.023056 0.057106
v 0.012411 -0.021651 0.071153
v 0.012589 -0.018953 0.073026
v 0.032277 -0.026337 0.057076
v 0.002946 -0.021001 0.079426
v -0.000345 -0.021014 0.079339
v -0.003529 -0.020470 0.079205
v -0.006561 -0.019490 0.079011
v -0.009297 -0.018123 0.078719
v 0.008781 -0.019221 0.079563
v 0.006001 -0.020396 0.079452
v 0.010863 -0.017786 0.079664
v -0.011673 -0.016436 0.078310
v -0.013886 -0.014260 0.077752
v -0.015840 -0.011417 0.077168
v -0.013505 -0.021568 0.046060
v -0.013783 -0.021960 0.047919
v -0.013015 -0.021364 0.044115
v -0.012365 -0.021286 0.042084
v -0.011544 -0.021326 0.039954
v -0.010557 -0.021512 0.037818
v -0.009378 -0.021847 0.035749
v -0.007995 -0.022314 0.033828
v -0.006385 -0.022892 0.032114
v -0.004565 -0.023541 0.030683
v -0.002566 -0.024215 0.029566
v -0.000406 -0.024873 0.028752
v 0.001865 -0.025482 0.028218
v 0.004290 -0.026042 0.027921
v 0.006864 -0.026544 0.027853
v 0.009534 -0.026982 0.028026
v 0.011684 -0.027294 0.028321
v 0.014183 -0.027617 0.028857
v 0.016784 -0.027895 0.029668
v 0.019308 -0.028125 0.030791
v 0.021746 -0.028296 0.032348
v 0.023955 -0.028436 0.034438
v 0.025676 -0.028596 0.036890
v 0.026876 -0.028811 0.039343
v 0.027757 -0.029081 0.041874
v 0.028428 -0.029440 0.044530
v 0.028874 -0.029858 0.047124
v 0.029072 -0.030322 0.049600
v 0.028896 -0.030943 0.052189
v -0.013784 -0.022753 0.050032
v -0.013286 -0.024089 0.052208
v -0.012504 -0.025673 0.054425
v -0.011504 -0.027105 0.056291
v -0.010261 -0.028429 0.057935
v -0.008720 -0.029670 0.059424
v -0.006933 -0.030817 0.060683
v -0.004902 -0.031897 0.061786
v -0.002672 -0.032897 0.062699
v -0.000266 -0.033800 0.063441
v 0.002264 -0.034523 0.063980
v 0.004821 -0.035002 0.064307
v 0.007443 -0.035317 0.064461
v 0.009932 -0.035512 0.064460
v 0.012405 -0.035608 0.064299
v 0.014863 -0.035591 0.063945
v 0.017242 -0.035457 0.063391
v 0.019579 -0.035203 0.062602
v 0.021869 -0.034770 0.061457
v 0.023874 -0.034172 0.060034
v 0.025553 -0.033466 0.058375
v 0.026982 -0.032645 0.056440
v 0.028123 -0.031749 0.054298
v 0.032592 -0.027126 0.048558
v 0.032607 -0.027173 0.051458
v 0.032606 -0.026804 0.054522
v 0.039078 -0.001980 0.068831
v 0.035954 0.000233 0.071520
v 0.033496 0.001896 0.073248
v 0.041638 -0.004177 0.065776
v 0.043332 -0.006035 0.062900
v 0.044681 -0.007907 0.059710
v 0.045738 -0.009942 0.055925
v 0.046291 -0.011949 0.051901
v 0.046308 -0.013815 0.047955
v 0.045781 -0.015702 0.043821
v 0.044740 -0.017444 0.039886
v 0.043178 -0.019085 0.036075
v 0.041175 -0.020588 0.032552
v 0.038640 -0.022028 0.029170
v 0.036246 -0.023082 0.026642
v 0.033342 -0.024080 0.024151
v 0.030425 -0.024841 0.022109
v 0.027357 -0.025399 0.020338
v 0.024034 -0.025771 0.018780
v 0.020671 -0.025937 0.017529
v 0.017184 -0.025886 0.016540
v 0.013935 -0.025649 0.015881
v 0.011606 -0.025376 0.015557
v 0.008150 -0.024812 0.015306
v 0.004509 -0.024031 0.015336
v 0.001032 -0.023072 0.015663
v -0.002227 -0.021972 0.016255
v -0.005430 -0.020686 0.017136
v -0.008454 -0.019249 0.018280
v -0.011335 -0.017641 0.019704
v -0.013994 -0.015926 0.021377
v -0.016363 -0.014143 0.023238
v -0.018580 -0.012166 0.025416
v -0.020457 -0.010153 0.027742
v -0.022059 -0.008046 0.030294
v -0.023312 -0.005920 0.032966
v -0.024211 -0.003817 0.035705
v -0.024778 -0.001713 0.038543
v -0.025004 0.000322 0.041367
v -0.024920 0.002407 0.044402
v 0.038870 -0.001827 0.068663
v 0.035789 0.000361 0.071316
v 0.033455 0.001979 0.073020
v 0.041392 -0.004018 0.065615
v 0.043089 -0.005872 0.062738
v 0.044433 -0.007735 0.059570
v 0.045487 -0.009749 0.055815
v 0.046045 -0.011735 0.051824
v 0.046072 -0.013590 0.047901
v 0.045558 -0.015460 0.043793
v 0.044532 -0.017192 0.039879
v 0.042987 -0.018834 0.036089
v 0.041001 -0.020336 0.032579
v 0.038488 -0.021760 0.029221
v 0.036098 -0.022814 0.026691
v 0.033214 -0.023808 0.024217
v 0.030308 -0.024562 0.022181
v 0.027253 -0.025122 0.020420
v 0.023950 -0.025495 0.018873
v 0.020603 -0.025650 0.017629
v 0.017141 -0.025596 0.016647
v 0.013923 -0.025362 0.015997
v 0.011569 -0.025084 0.015674
v 0.008151 -0.024528 0.015427
v 0.004540 -0.023739 0.015460
v 0.001088 -0.022783 0.015788
v -0.002156 -0.021688 0.016382
v -0.005333 -0.020410 0.017261
v -0.008339 -0.018985 0.018403
v -0.011202 -0.017398 0.019825
v -0.013838 -0.015689 0.021490
v -0.016185 -0.013909 0.023344
v -0.018380 -0.011945 0.025507
v -0.020239 -0.009946 0.027822
v -0.021819 -0.007854 0.030354
v -0.023059 -0.005747 0.033008
v -0.023960 -0.003662 0.035731
v -0.024540 -0.001580 0.038546
v -0.024795 0.000432 0.041356
v -0.024683 0.002476 0.044301
v -0.024649 0.003009 0.045061
v 0.034715 -0.024431 0.054401
v 0.034747 -0.025105 0.050677
v 0.037602 -0.002748 0.067273
v 0.034709 -0.000666 0.069827
v 0.032484 0.000815 0.071392
v 0.039976 -0.004820 0.064387
v 0.041554 -0.006563 0.061677
v 0.042801 -0.008315 0.058688
v 0.043785 -0.010212 0.055138
v 0.044295 -0.012078 0.051362
v 0.044304 -0.013816 0.047655
v 0.043797 -0.015569 0.043762
v 0.042808 -0.017187 0.040057
v 0.041328 -0.018721 0.036463
v 0.039431 -0.020121 0.033137
v 0.037027 -0.021450 0.029941
v 0.034761 -0.022424 0.027551
v 0.032011 -0.023346 0.025193
v 0.029251 -0.024040 0.023260
v 0.026352 -0.024552 0.021585
v 0.023215 -0.024886 0.020109
v 0.020042 -0.025015 0.018922
v 0.016755 -0.024946 0.017981
v 0.013693 -0.024708 0.017352
v 0.011500 -0.024439 0.017043
v 0.008248 -0.023896 0.016796
v 0.004825 -0.023135 0.016814
v 0.001560 -0.022218 0.017112
v -0.001504 -0.021172 0.017662
v -0.004507 -0.019953 0.018482
v -0.007345 -0.018598 0.019551
v -0.010047 -0.017090 0.020885
v -0.012533 -0.015468 0.022450
v -0.014741 -0.013783 0.024193
v -0.016808 -0.011923 0.026233
v -0.018553 -0.010034 0.028413
v -0.020034 -0.008057 0.030802
v -0.021194 -0.006068 0.033307
v -0.022039 -0.004104 0.035876
v -0.022570 -0.002141 0.038537
v -0.022785 -0.000250 0.041188
v -0.022814 0.002585 0.045219
v -0.016844 -0.008805 0.082476
v 0.008839 -0.014700 0.091282
v 0.010173 -0.012303 0.092153
v 0.010769 -0.010779 0.092704
v 0.011366 -0.009255 0.093255
v 0.006840 -0.017149 0.090347
v 0.006785 -0.017679 0.089696
v 0.007186 -0.017517 0.085389
v 0.007865 -0.017317 0.081629
v 0.008161 -0.017288 0.079296
v 0.008696 -0.017249 0.077014
v 0.009715 -0.017145 0.074759
v 0.011034 -0.016270 0.074293
v 0.012856 -0.013638 0.075181
v 0.013868 -0.011215 0.076004
v 0.014551 -0.008625 0.076892
v -0.017006 -0.007346 0.082551
v -0.016617 -0.008807 0.082306
v -0.016211 -0.009940 0.081814
v -0.015632 -0.011111 0.080170
v -0.015581 -0.011277 0.077162
v -0.015895 -0.011015 0.073494
v -0.016254 -0.010508 0.072131
v -0.016945 -0.009241 0.070925
v -0.017452 -0.007903 0.070436
v -0.014904 -0.007390 0.082483
v -0.014493 -0.008855 0.082238
v -0.014111 -0.010025 0.081743
v -0.013640 -0.011307 0.080023
v -0.013652 -0.011483 0.076989
v -0.013942 -0.011215 0.073321
v -0.014249 -0.010685 0.071935
v -0.014847 -0.009332 0.070667
v -0.015334 -0.007953 0.070167
v 0.038046 -0.003494 0.068958
v 0.035044 -0.001300 0.071482
v 0.032479 0.000481 0.073243
v 0.040521 -0.005640 0.066087
v 0.042225 -0.007486 0.063263
v 0.043566 -0.009314 0.060157
v 0.044581 -0.011296 0.056495
v 0.045120 -0.013219 0.052605
v 0.045144 -0.015018 0.048748
v 0.044634 -0.016810 0.044743
v 0.043632 -0.018461 0.040909
v 0.042167 -0.019988 0.037186
v 0.040252 -0.021400 0.033700
v 0.037828 -0.022741 0.030422
v 0.035445 -0.023762 0.027836
v 0.032674 -0.024685 0.025404
v 0.029812 -0.025402 0.023386
v 0.026811 -0.025920 0.021608
v 0.023594 -0.026255 0.020069
v 0.020296 -0.026392 0.018874
v 0.016911 -0.026324 0.017925
v 0.013749 -0.026081 0.017257
v 0.011315 -0.025789 0.016918
v 0.007893 -0.025237 0.016697
v 0.004373 -0.024493 0.016777
v 0.000994 -0.023581 0.017090
v -0.002192 -0.022532 0.017645
v -0.005295 -0.021321 0.018487
v -0.008242 -0.019964 0.019583
v -0.011058 -0.018451 0.020941
v -0.013652 -0.016838 0.022597
v -0.015986 -0.015144 0.024473
v -0.018150 -0.013289 0.026633
v -0.020003 -0.011386 0.028959
v -0.021511 -0.009509 0.031601
v -0.022763 -0.007494 0.034202
v -0.023638 -0.005586 0.036899
v -0.024164 -0.003815 0.039578
v -0.024415 -0.002155 0.042112
v -0.024423 -0.000821 0.044384
v -0.024271 -0.000124 0.045970
v -0.018206 -0.006021 0.070098
v -0.019037 -0.005252 0.063945
v -0.020274 -0.004064 0.057753
v -0.021533 -0.003076 0.053293
v -0.022653 -0.002288 0.050044
v -0.017863 -0.006057 0.070222
v -0.015871 -0.006047 0.069893
v -0.024571 0.001792 0.046349
v -0.023029 -0.000759 0.050203
v -0.014991 -0.012987 0.073967
v -0.015592 -0.012400 0.071716
v -0.017410 -0.009400 0.068039
v -0.018146 -0.007377 0.067242
v -0.016339 -0.011344 0.070015
v -0.014927 -0.012889 0.077401
v -0.015102 -0.012624 0.080469
v -0.018592 -0.005626 0.067067
v -0.018951 -0.003857 0.066912
v 0.002133 0.015448 0.091167
v 0.001978 0.015371 0.096538
v 0.001796 0.015284 0.102805
v 0.001638 0.015156 0.108123
v 0.001458 0.014941 0.113461
v 0.001262 0.014545 0.119236
v 0.001036 0.013911 0.124789
v 0.000815 0.013117 0.129408
v 0.000606 0.012228 0.133195
v 0.000378 0.011132 0.136747
v 0.000080 0.009541 0.140631
v -0.000256 0.007553 0.144212
v -0.000467 0.006219 0.146049
v -0.000695 0.004723 0.147775
v -0.000968 0.002863 0.149467
v -0.001245 0.000872 0.150849
v -0.001656 -0.002195 0.152275
v -0.002017 -0.005016 0.153003
v -0.007680 -0.008958 0.151655
v -0.009005 -0.008713 0.150647
v -0.010142 -0.008489 0.149492
v -0.010927 -0.008325 0.148491
v -0.011739 -0.008146 0.147257
v -0.012748 -0.007910 0.145419
v -0.014038 -0.007578 0.142457
v -0.015226 -0.007225 0.138686
v -0.015986 -0.006957 0.135386
v -0.016631 -0.006687 0.131667
v -0.017168 -0.006402 0.127248
v -0.017582 -0.006085 0.121746
v -0.017765 -0.005771 0.115457
v -0.017756 -0.005464 0.108608
v -0.017563 -0.005143 0.100439
v -0.017471 -0.004913 0.094190
v -0.017493 -0.004724 0.088847
v -0.006400 -0.009182 0.152347
v -0.005062 -0.009405 0.152845
v -0.003772 -0.009611 0.153114
v -0.002542 -0.009281 0.153262
v -0.013151 0.010651 0.097139
v -0.013062 0.011054 0.091955
v -0.013192 0.010175 0.103115
v -0.013274 0.009663 0.109615
v -0.013296 0.009129 0.115511
v -0.013199 0.008487 0.121221
v -0.012952 0.007736 0.126438
v -0.012605 0.006974 0.130686
v -0.012180 0.006189 0.134241
v -0.011653 0.005289 0.137561
v -0.010878 0.004045 0.141219
v -0.009971 0.002674 0.144374
v -0.009283 0.001636 0.146259
v -0.008680 0.000646 0.147703
v -0.008049 -0.000505 0.149031
v -0.007294 -0.001961 0.150352
v -0.006337 -0.003777 0.151607
v -0.005450 -0.005363 0.152387
v -0.007147 0.015048 0.092278
v -0.007309 0.014825 0.097378
v -0.007376 0.014554 0.103197
v -0.007412 0.014265 0.109239
v -0.007418 0.013911 0.114879
v -0.007386 0.013407 0.120421
v -0.007285 0.012707 0.125596
v -0.007122 0.011869 0.130007
v -0.006919 0.010918 0.133805
v -0.006673 0.009781 0.137336
v -0.006334 0.008274 0.140953
v -0.005952 0.006580 0.144079
v -0.005645 0.005105 0.146167
v -0.005398 0.003650 0.147825
v -0.005155 0.002015 0.149316
v -0.004866 0.000064 0.150714
v -0.004484 -0.002333 0.151892
v -0.004111 -0.004752 0.152664
v -0.016839 0.003828 0.090430
v -0.016824 0.003360 0.095907
v -0.016879 0.002801 0.102087
v -0.017003 0.002167 0.108914
v -0.017047 0.001510 0.115331
v -0.016886 0.000791 0.121411
v -0.016518 0.000109 0.126726
v -0.016009 -0.000509 0.131113
v -0.015401 -0.001104 0.134839
v -0.014643 -0.001777 0.138318
v -0.013623 -0.002552 0.141801
v -0.012466 -0.003282 0.144744
v -0.011460 -0.003830 0.146726
v -0.010579 -0.004336 0.148157
v -0.009685 -0.004946 0.149390
v -0.008636 -0.005716 0.150576
v -0.007407 -0.006560 0.151628
v -0.006194 -0.007263 0.152357
v -0.017549 -0.000409 0.089564
v -0.017500 -0.000719 0.094919
v -0.017567 -0.001144 0.101185
v -0.017702 -0.001679 0.108608
v -0.017715 -0.002232 0.115351
v -0.017519 -0.002807 0.121566
v -0.017108 -0.003370 0.127054
v -0.016556 -0.003874 0.131468
v -0.015912 -0.004351 0.135162
v -0.015138 -0.004858 0.138547
v -0.014011 -0.005448 0.142218
v -0.012720 -0.005973 0.145287
v -0.011716 -0.006319 0.147141
v -0.010897 -0.006624 0.148378
v -0.010041 -0.006992 0.149469
v -0.008931 -0.007453 0.150624
v -0.007607 -0.007930 0.151661
v -0.006297 -0.008212 0.152384
v -0.015172 0.007893 0.091414
v -0.015199 0.007479 0.096694
v -0.015232 0.006962 0.102747
v -0.015342 0.006372 0.109444
v -0.015390 0.005769 0.115547
v -0.015262 0.005082 0.121393
v -0.014954 0.004344 0.126679
v -0.014526 0.003643 0.130950
v -0.014008 0.002958 0.134509
v -0.013366 0.002198 0.137819
v -0.012426 0.001161 0.141481
v -0.011333 0.000041 0.144624
v -0.010515 -0.000769 0.146463
v -0.009793 -0.001530 0.147845
v -0.009032 -0.002423 0.149108
v -0.008101 -0.003563 0.150379
v -0.006916 -0.004944 0.151595
v -0.005764 -0.006025 0.152378
v -0.010424 0.013445 0.092252
v -0.010599 0.013068 0.097368
v -0.010687 0.012650 0.103264
v -0.010760 0.012224 0.109558
v -0.010800 0.011781 0.115308
v -0.010743 0.011186 0.120923
v -0.010564 0.010438 0.126109
v -0.010300 0.009627 0.130405
v -0.009975 0.008749 0.134041
v -0.009576 0.007716 0.137432
v -0.008988 0.006313 0.141078
v -0.008288 0.004767 0.144224
v -0.007738 0.003533 0.146184
v -0.007268 0.002328 0.147713
v -0.006792 0.000942 0.149111
v -0.006243 -0.000777 0.150471
v -0.005561 -0.002930 0.151711
v -0.004995 -0.004932 0.152453
v -0.003119 0.015720 0.091812
v -0.003394 0.015628 0.097028
v -0.003603 0.015477 0.103014
v -0.003762 0.015284 0.108773
v -0.003908 0.015008 0.114330
v -0.004000 0.014543 0.119906
v -0.004022 0.013859 0.125157
v -0.003986 0.013015 0.129691
v -0.003909 0.012033 0.133598
v -0.003844 0.010838 0.137225
v -0.003752 0.009273 0.140867
v -0.003629 0.007457 0.144095
v -0.003524 0.005937 0.146179
v -0.003466 0.004394 0.147898
v -0.003430 0.002648 0.149445
v -0.003372 0.000570 0.150854
v -0.003345 -0.002087 0.152075
v -0.003370 -0.004719 0.152825
v -0.002455 -0.008560 0.153283
v -0.003812 -0.008231 0.153130
v -0.005239 -0.007945 0.152765
v -0.003711 -0.006241 0.152985
v -0.002245 -0.006843 0.153227
v -0.004997 -0.006128 0.152648
v -0.016904 0.004345 0.084354
v -0.017744 -0.000043 0.083521
v -0.017652 -0.004505 0.082943
v -0.015089 0.008322 0.085428
v -0.012849 0.011496 0.086286
v -0.010112 0.013834 0.087011
v -0.006831 0.015238 0.087543
v -0.002775 0.015784 0.087604
v 0.002242 0.015530 0.087511
v -0.021288 0.009813 0.056110
v -0.023730 0.006247 0.050561
v -0.024883 0.002927 0.045527
v -0.017663 0.012882 0.061513
v -0.012861 0.015246 0.066581
v -0.007276 0.016524 0.071016
v -0.004237 0.016743 0.072971
v -0.001038 0.016669 0.074738
v 0.002623 0.016230 0.076419
v -0.018616 0.000882 0.071419
v -0.017314 0.005403 0.073198
v -0.018574 -0.003882 0.069987
v -0.014998 0.009436 0.075732
v -0.012361 0.012506 0.078049
v -0.009042 0.014667 0.080022
v -0.005929 0.015609 0.081180
v -0.002104 0.015948 0.082218
v 0.002380 0.015715 0.082961
v -0.018080 0.000766 0.077360
v -0.017057 0.005047 0.077344
v -0.014984 0.008827 0.080265
v -0.012576 0.011967 0.081756
v -0.009906 0.014076 0.083188
v -0.006511 0.015375 0.084362
v -0.002467 0.015847 0.084832
v 0.002313 0.015609 0.085086
v -0.019369 0.001888 0.065133
v -0.017987 0.006333 0.067106
v -0.019375 -0.003421 0.063867
v -0.015407 0.010508 0.070131
v -0.012328 0.013372 0.073311
v -0.008510 0.015229 0.076207
v -0.005370 0.015930 0.077958
v -0.001735 0.016141 0.079489
v 0.002459 0.015853 0.080714
v -0.018880 0.007283 0.062982
v -0.020466 0.002685 0.059780
v -0.020552 -0.002694 0.057650
v -0.015944 0.011335 0.066987
v -0.012459 0.014011 0.070718
v -0.008110 0.015679 0.074121
v -0.004959 0.016218 0.075977
v -0.001428 0.016322 0.077630
v 0.002523 0.015973 0.079073
v -0.022282 0.003585 0.054353
v -0.020020 0.008381 0.059541
v -0.022289 -0.001344 0.052134
v -0.016612 0.012071 0.064539
v -0.012643 0.014604 0.068684
v -0.007729 0.016101 0.072485
v -0.004600 0.016490 0.074389
v -0.001196 0.016489 0.076218
v 0.002573 0.016093 0.077787
v -0.023785 0.000433 0.048510
v -0.002938 -0.009722 0.153213
v -0.002653 -0.009540 0.153243
v -0.010856 0.013635 0.079619
v -0.010525 0.014423 0.074871
v -0.010427 0.014968 0.072478
v -0.010307 0.015497 0.070640
v -0.009904 0.016040 0.069045
v -0.013842 0.012130 0.071909
v -0.013701 0.011022 0.077650
v -0.014160 0.012894 0.069046
v -0.015185 0.014237 0.064281
v -0.014585 0.013535 0.066832
v -0.016170 0.007420 0.075221
v -0.016735 0.008642 0.068607
v -0.017453 0.009575 0.065029
v -0.018323 0.010434 0.062250
v -0.019457 0.011517 0.059033
v -0.018052 0.003201 0.072955
v -0.018784 0.004327 0.065975
v -0.019799 0.005230 0.061244
v -0.021307 0.006227 0.057024
v -0.022547 0.008163 0.053512
v -0.004152 0.016754 0.072816
v -0.007178 0.016541 0.070868
v -0.009798 0.016094 0.068893
v -0.012743 0.015287 0.066441
v -0.015066 0.014333 0.064131
v -0.017520 0.012982 0.061353
v -0.019336 0.011639 0.058886
v -0.021151 0.009928 0.055964
v -0.022426 0.008334 0.053345
v -0.023605 0.006443 0.050380
v -0.024780 0.003153 0.045517
v -0.000966 0.016662 0.074575
v 0.002599 0.016248 0.076250
v -0.004055 0.016711 0.072636
v -0.007075 0.016508 0.070723
v -0.009694 0.016053 0.068780
v -0.012620 0.015252 0.066334
v -0.014931 0.014291 0.064042
v -0.017381 0.012951 0.061278
v -0.019178 0.011605 0.058810
v -0.020957 0.009897 0.055877
v -0.022249 0.008308 0.053267
v -0.023399 0.006432 0.050286
v -0.024608 0.003348 0.045614
v -0.000884 0.016624 0.074368
v 0.002500 0.016239 0.075975
v -0.003637 0.015060 0.071047
v -0.006461 0.014946 0.069314
v -0.008953 0.014617 0.067576
v -0.011751 0.013940 0.065323
v -0.013967 0.013086 0.063207
v -0.016238 0.011811 0.060589
v -0.017879 0.010565 0.058254
v -0.019495 0.009020 0.055464
v -0.020661 0.007608 0.052986
v -0.021715 0.005935 0.050160
v -0.022802 0.003040 0.045756
v -0.000695 0.014922 0.072631
v 0.002339 0.014507 0.074102
v -0.022810 0.002804 0.045652
v 0.000472 0.015616 0.091376
v 0.000298 0.015569 0.096699
v 0.000095 0.015495 0.102863
v -0.000088 0.015373 0.108292
v -0.000275 0.015163 0.113640
v -0.000483 0.014737 0.119421
v -0.000701 0.014079 0.124937
v -0.000898 0.013264 0.129533
v -0.001077 0.012330 0.133368
v -0.001258 0.011187 0.136943
v -0.001473 0.009582 0.140758
v -0.001703 0.007629 0.144199
v -0.001843 0.006207 0.146131
v -0.001981 0.004689 0.147824
v -0.002133 0.002882 0.149444
v -0.002295 0.000778 0.150878
v -0.002499 -0.002138 0.152206
v -0.002673 -0.004830 0.152930
v -0.002884 -0.008413 0.153253
v -0.002939 -0.009378 0.153232
v -0.002779 -0.006584 0.153169
v 0.000600 0.015678 0.087531
v 0.000765 0.015857 0.082719
v 0.000686 0.015753 0.085003
v 0.000853 0.016018 0.080302
v 0.000918 0.016163 0.078596
v 0.001020 0.016522 0.075797
v 0.000972 0.016309 0.077171
v 0.001027 0.016541 0.075631
v 0.001042 0.016522 0.075365
v 0.001049 0.014756 0.073506
v -0.017581 -0.003045 0.089045
v -0.017545 -0.003284 0.094478
v -0.017630 -0.003592 0.100702
v -0.017799 -0.003992 0.108543
v -0.017828 -0.004389 0.115410
v -0.017635 -0.004808 0.121672
v -0.017211 -0.005219 0.127167
v -0.016656 -0.005588 0.131590
v -0.015999 -0.005939 0.135303
v -0.015230 -0.006298 0.138648
v -0.014073 -0.006747 0.142374
v -0.012792 -0.007152 0.145377
v -0.011782 -0.007430 0.147230
v -0.010931 -0.007663 0.148489
v -0.010109 -0.007904 0.149497
v -0.008982 -0.008223 0.150646
v -0.007659 -0.008555 0.151664
v -0.006367 -0.008812 0.152370
v -0.005108 -0.009016 0.152829
v -0.017761 -0.002760 0.083166
v -0.018713 -0.002019 0.070559
v -0.018139 -0.002310 0.076891
v -0.019534 -0.001377 0.064364
v -0.020657 -0.000618 0.058509
v -0.022400 0.000444 0.052930
v -0.023341 0.001566 0.050678
v -0.024558 0.004224 0.047476
v -0.024411 0.004444 0.047400
v -0.024156 0.004543 0.047417
v -0.022472 0.004191 0.047462
v -0.003794 -0.009230 0.153125
v -0.004372 0.016658 0.073452
v -0.007449 0.016381 0.071512
v -0.001088 0.016615 0.075214
v -0.010081 0.015850 0.069577
v -0.012806 0.015024 0.067300
v -0.014992 0.013985 0.065173
v -0.017306 0.012593 0.062584
v -0.019085 0.011122 0.060145
v -0.020891 0.009298 0.057243
v -0.022191 0.007422 0.054615
v -0.023301 0.005293 0.051681
v 0.002605 0.016165 0.076919
v 0.000982 0.016410 0.076256
v -0.024185 0.003195 0.048578
v -0.024555 0.001899 0.046552
v -0.023041 -0.000581 0.050303
v 0.038718 -0.001937 0.068497
v 0.035659 0.000238 0.071137
v 0.033342 0.001842 0.072832
v 0.041222 -0.004114 0.065467
v 0.042905 -0.005955 0.062610
v 0.044237 -0.007805 0.059464
v 0.045283 -0.009805 0.055734
v 0.045835 -0.011776 0.051769
v 0.045860 -0.013617 0.047871
v 0.045346 -0.015474 0.043789
v 0.044325 -0.017191 0.039900
v 0.042788 -0.018820 0.036134
v 0.040812 -0.020310 0.032646
v 0.038312 -0.021723 0.029307
v 0.035937 -0.022767 0.026795
v 0.033070 -0.023752 0.024334
v 0.030181 -0.024499 0.022310
v 0.027145 -0.025054 0.020560
v 0.023862 -0.025422 0.019021
v 0.020536 -0.025574 0.017785
v 0.017094 -0.025518 0.016808
v 0.013895 -0.025283 0.016159
v 0.011561 -0.025006 0.015838
v 0.008163 -0.024452 0.015591
v 0.004574 -0.023667 0.015622
v 0.001145 -0.022715 0.015947
v -0.002078 -0.021626 0.016535
v -0.005234 -0.020355 0.017407
v -0.008220 -0.018939 0.018541
v -0.011063 -0.017361 0.019952
v -0.013682 -0.015662 0.021605
v -0.016012 -0.013894 0.023446
v -0.018191 -0.011942 0.025595
v -0.020037 -0.009957 0.027893
v -0.021605 -0.007878 0.030407
v -0.022835 -0.005785 0.033044
v -0.023730 -0.003715 0.035749
v -0.024303 -0.001647 0.038545
v -0.024553 0.000351 0.041336
v -0.024443 0.002385 0.044270
v -0.024402 0.002949 0.045078
v -0.007001 0.016320 0.070554
v -0.004010 0.016603 0.072489
v -0.009605 0.015881 0.068636
v -0.012516 0.015095 0.066213
v -0.014815 0.014146 0.063942
v -0.017244 0.012814 0.061195
v -0.019022 0.011480 0.058744
v -0.020782 0.009791 0.055828
v -0.022058 0.008224 0.053233
v -0.023197 0.006372 0.050271
v -0.000853 0.016502 0.074191
v -0.024467 0.003098 0.045533
v -0.024390 0.003314 0.045626
v 0.001042 0.016310 0.075142
v 0.002475 0.016032 0.075748
v -0.023953 0.004505 0.047419
v -0.015915 -0.010627 0.081182
v -0.016143 -0.010729 0.081280
v -0.013856 -0.010773 0.081064
v -0.015574 -0.011828 0.082414
v -0.017600 -0.004759 0.084171
v -0.017204 -0.007330 0.084044
v 0.002578 0.016014 0.076001
v 0.002446 0.014389 0.074258
v 0.002033 -0.007039 0.150500
v 0.002313 -0.007893 0.150446
v 0.001252 -0.006295 0.150629
v 0.000126 -0.005977 0.150803
v -0.001128 -0.005793 0.150994
v -0.001388 -0.005629 0.151036
v 0.001501 -0.013920 0.149897
v 0.001224 -0.016135 0.148604
v 0.000509 -0.017162 0.148077
v -0.000117 -0.017516 0.147942
v -0.000794 -0.017638 0.147952
v -0.001869 -0.017545 0.148139
v -0.003080 -0.017471 0.148332
v -0.003019 -0.016296 0.149028
v -0.002895 -0.014929 0.149832
v -0.002724 -0.013463 0.150688
v -0.000635 -0.013597 0.150352
v 0.002922 0.015860 0.076656
v 0.002879 0.015745 0.077835
v 0.002834 0.015629 0.079148
v 0.002771 0.015503 0.080829
v 0.002694 0.015367 0.083084
v 0.000049 0.007219 0.144101
v 0.001755 0.014575 0.113431
v 0.001113 0.012765 0.129354
v 0.000679 0.010788 0.136666
v 0.001534 0.014166 0.119196
v 0.000372 0.009192 0.140531
v 0.000904 0.011879 0.133130
v 0.001311 0.013536 0.124742
v 0.002094 0.014928 0.102780
v -0.000375 0.004492 0.147532
v -0.000922 0.000624 0.150619
v 0.002441 0.015104 0.091145
v 0.002552 0.015189 0.087532
v 0.002280 0.015021 0.096515
v 0.002629 0.015270 0.085066
v 0.001908 0.014776 0.108095
v -0.001375 -0.002474 0.152033
v -0.001659 -0.004970 0.152673
v -0.000147 0.005926 0.145890
v -0.000631 0.002638 0.149223
v 0.002915 0.015816 0.077052
v 0.002242 0.015130 0.091165
v 0.002081 0.015051 0.096536
v 0.001893 0.014963 0.102802
v 0.001707 0.014828 0.108115
v 0.001545 0.014617 0.113446
v 0.001332 0.014218 0.119209
v 0.001110 0.013586 0.124746
v 0.000911 0.012802 0.129349
v 0.000704 0.011917 0.133116
v 0.000481 0.010829 0.136645
v 0.000175 0.009248 0.140498
v -0.000144 0.007281 0.144050
v -0.000343 0.005967 0.145865
v -0.000577 0.004489 0.147564
v -0.000845 0.002657 0.149231
v -0.001115 0.000704 0.150588
v -0.001527 -0.002315 0.151988
v -0.001851 -0.004916 0.152664
v 0.002354 0.015214 0.087506
v 0.002726 0.015890 0.076582
v 0.002493 0.015399 0.082947
v 0.002426 0.015294 0.085077
v 0.002571 0.015537 0.080697
v 0.002639 0.015659 0.079051
v 0.002683 0.015777 0.077763
v 0.002723 0.015853 0.076890
v 0.033210 0.001815 0.073006
v 0.033202 0.001734 0.073278
v 0.033288 0.001898 0.073145
v 0.030521 -0.001546 0.073020
v 0.027760 -0.004302 0.072979
v 0.024571 -0.006626 0.073321
v 0.021488 -0.008132 0.074081
v 0.009572 -0.011240 0.144518
v 0.012945 -0.010327 0.113998
v 0.012145 -0.010958 0.130306
v 0.011330 -0.011185 0.137772
v 0.012683 -0.010571 0.120227
v 0.010590 -0.011243 0.141372
v 0.011796 -0.011090 0.134254
v 0.012436 -0.010780 0.125554
v 0.013525 -0.009849 0.101406
v 0.007427 -0.011103 0.148401
v 0.004550 -0.010803 0.151138
v 0.013977 -0.009615 0.093821
v 0.017166 -0.008921 0.077147
v 0.018986 -0.008602 0.075357
v 0.013796 -0.009679 0.096733
v 0.013232 -0.010078 0.107510
v 0.033283 0.001875 0.073215
v 0.001971 -0.010479 0.152407
v 0.008564 -0.011187 0.146635
v 0.006232 -0.010984 0.149766
v 0.032338 0.000841 0.071616
v 0.014601 -0.008438 0.076799
v 0.011394 -0.009144 0.093454
v 0.032331 0.000624 0.073183
v 0.033269 0.001689 0.073239
v 0.030612 -0.001584 0.072967
v -0.024715 0.002700 0.045487
v 0.027836 -0.004357 0.072935
v 0.024588 -0.006726 0.073280
v 0.012653 -0.010668 0.120221
v 0.012915 -0.010424 0.113993
v 0.013200 -0.010175 0.107506
v 0.013493 -0.009947 0.101402
v 0.013764 -0.009777 0.096727
v 0.013926 -0.009716 0.093759
v 0.012407 -0.010878 0.125548
v 0.012117 -0.011055 0.130279
v 0.011768 -0.011188 0.134247
v 0.011302 -0.011283 0.137765
v 0.010563 -0.011341 0.141364
v 0.009558 -0.011338 0.144483
v 0.008535 -0.011284 0.146633
v 0.007404 -0.011200 0.148391
v 0.006208 -0.011082 0.149754
v 0.004529 -0.010901 0.151128
v -0.017457 -0.006256 0.121730
v -0.017639 -0.005941 0.115448
v -0.017584 -0.005631 0.108511
v -0.017391 -0.005307 0.100363
v -0.017307 -0.005081 0.094172
v -0.017321 -0.004888 0.088715
v -0.017043 -0.006572 0.127226
v -0.016507 -0.006857 0.131638
v -0.015863 -0.007126 0.135349
v -0.015106 -0.007393 0.138639
v -0.013922 -0.007746 0.142396
v -0.012637 -0.008075 0.145345
v -0.011635 -0.008310 0.147171
v -0.010829 -0.008488 0.148395
v -0.010054 -0.008650 0.149385
v -0.008912 -0.008876 0.150544
v -0.007622 -0.009113 0.151521
v -0.005043 -0.009553 0.152694
v -0.003773 -0.009755 0.152959
v -0.006361 -0.009333 0.152203
v 0.021527 -0.008217 0.074032
v 0.018961 -0.008705 0.075338
v 0.017147 -0.009017 0.077115
v -0.017487 -0.004651 0.082957
v -0.018420 -0.004019 0.069904
v -0.019200 -0.003564 0.063837
v -0.020381 -0.002802 0.057645
v -0.022097 -0.001506 0.052058
v -0.023630 0.000296 0.048422
v 0.033352 0.001824 0.073168
v 0.033349 0.001844 0.073092
v 0.032436 0.000765 0.071554
v 0.011343 -0.009250 0.093412
v 0.014581 -0.008534 0.076766
v 0.032401 0.000566 0.073136
v -0.024410 0.001818 0.046392
v -0.022898 -0.000682 0.050150
v -0.018807 -0.003793 0.066898
v -0.007607 -0.009015 0.151526
v -0.008915 -0.008774 0.150532
v -0.010038 -0.008551 0.149389
v -0.010814 -0.008389 0.148400
v -0.011620 -0.008212 0.147176
v -0.012622 -0.007976 0.145349
v -0.013907 -0.007647 0.142401
v -0.015091 -0.007294 0.138643
v -0.015848 -0.007027 0.135353
v -0.016492 -0.006758 0.131642
v -0.017028 -0.006473 0.127230
v -0.017442 -0.006157 0.121734
v -0.017624 -0.005843 0.115452
v -0.017569 -0.005534 0.108531
v -0.017376 -0.005208 0.100367
v -0.017291 -0.004983 0.094177
v -0.017306 -0.004790 0.088745
v -0.006346 -0.009235 0.152208
v -0.005028 -0.009455 0.152698
v -0.003754 -0.009657 0.152964
v -0.017497 -0.004547 0.082979
v -0.024701 0.002776 0.045588
v -0.018429 -0.003920 0.069915
v -0.019238 -0.003457 0.063838
v -0.020410 -0.002688 0.057594
v -0.022123 -0.001350 0.052017
v -0.023645 0.000415 0.048440
v -0.002972 -0.009773 0.153099
v -0.024409 0.001885 0.046484
v -0.022913 -0.000594 0.050206
v 0.033271 0.001752 0.072945
v -0.017455 -0.004696 0.084169
v 0.002897 0.015599 0.076386
v 0.002702 0.015629 0.076312
v 0.003084 0.015887 0.076307
v 0.002766 0.014042 0.074718
v 0.002572 0.014068 0.074641
v 0.002940 0.014244 0.074540
v -0.001779 -0.004845 0.151106
v -0.001593 -0.004898 0.151078
v 0.002599 0.015969 0.076149
v 0.002494 0.014294 0.074373
v -0.001458 -0.005057 0.151055
v -0.000302 -0.010266 0.152949
v 0.002182 -0.009351 0.150444
v 0.001953 -0.010577 0.152398
v -0.002994 -0.009870 0.153021
v -0.017262 -0.004576 0.082958
v -0.017252 -0.004680 0.082936
v -0.017263 -0.004487 0.082915
v -0.015472 -0.004711 0.082805
v -0.015462 -0.004816 0.082783
v -0.015473 -0.004623 0.082762
v -0.018178 -0.004046 0.069884
v -0.018187 -0.003946 0.069894
v -0.018186 -0.003864 0.069959
v -0.016336 -0.004165 0.069728
v -0.016346 -0.004066 0.069738
v -0.016344 -0.003983 0.069803
v -0.017612 -0.004220 0.076553
v -0.015771 -0.004339 0.076398
v -0.018310 -0.004084 0.070096
v -0.016312 -0.004201 0.069826
v -0.017411 -0.004713 0.082731
v -0.018001 -0.004238 0.076581
v -0.015438 -0.004879 0.082674
v -0.002491 -0.009192 0.151149
v -0.002408 -0.008470 0.151147
v -0.002191 -0.006754 0.151140
v -0.002598 -0.009451 0.151161
v -0.001931 -0.004930 0.151128
v -0.024454 0.002840 0.045232
v -0.022854 0.002477 0.045379
v -0.022902 0.002403 0.045702
v -0.022909 0.002324 0.045603
v -0.022902 0.002322 0.045529
v -0.024594 0.002695 0.045474
v -0.024591 0.002775 0.045573
v -0.024495 0.002683 0.045392
v 0.002025 -0.010464 0.150451
v 0.002009 -0.010563 0.150452
v -0.000460 -0.010212 0.150829
v -0.002932 -0.009791 0.151207
v -0.002908 -0.009690 0.151205
v -0.024856 0.002935 0.045186
v -0.022886 0.002475 0.045699
v -0.024529 0.002847 0.045558
v 0.002058 -0.010432 0.150446
v -0.002872 -0.009634 0.151200
v -0.000753 -0.015556 0.149193
v -0.000814 -0.016837 0.148434
v 0.000027 -0.006904 0.150804
v -0.000301 -0.008875 0.150824
v -0.000456 -0.010025 0.150831
v -0.000458 -0.010081 0.150830
v 0.012110 -0.011137 0.084322
v 0.013474 -0.005722 0.086170
v 0.008921 -0.016583 0.082327
v 0.013678 -0.002832 0.087231
v 0.013504 -0.000250 0.088102
v 0.013114 0.001894 0.088761
v 0.012598 0.003816 0.089353
v 0.012186 0.005240 0.089649
v 0.011871 0.006174 0.089939
v 0.011609 0.006894 0.090010
v 0.010907 -0.013703 0.083392
v 0.012955 -0.008698 0.085026
v 0.026418 -0.029577 0.052790
v 0.026794 -0.029007 0.051020
v 0.027046 -0.028423 0.049111
v 0.027168 -0.027769 0.046793
v 0.027076 -0.027132 0.044216
v 0.026742 -0.026626 0.041742
v 0.026075 -0.026220 0.039185
v 0.024664 -0.025884 0.036252
v 0.022368 -0.025630 0.033682
v 0.019733 -0.025373 0.031989
v 0.017132 -0.025081 0.030931
v 0.014448 -0.024742 0.030176
v 0.011960 -0.024396 0.029690
v 0.009865 -0.024076 0.029428
v 0.007377 -0.023655 0.029304
v 0.004779 -0.023168 0.029391
v 0.002417 -0.022672 0.029706
v 0.000212 -0.022147 0.030282
v -0.001978 -0.021564 0.031239
v -0.003928 -0.021010 0.032577
v -0.005618 -0.020542 0.034288
v -0.007006 -0.020219 0.036265
v -0.008101 -0.020063 0.038374
v -0.008965 -0.020070 0.040539
v -0.009635 -0.020238 0.042689
v -0.010134 -0.020542 0.044723
v -0.010474 -0.020937 0.046536
v -0.010694 -0.021387 0.048147
v -0.010806 -0.021827 0.049450
v -0.010842 -0.022402 0.050878
v -0.010703 -0.023333 0.052803
v -0.010148 -0.024549 0.054809
v -0.009215 -0.025759 0.056454
v -0.007985 -0.026946 0.057887
v -0.006474 -0.028110 0.059178
v -0.004855 -0.029132 0.060243
v -0.003068 -0.030079 0.061178
v -0.001150 -0.030920 0.061946
v 0.000944 -0.031669 0.062564
v 0.003170 -0.032257 0.062986
v 0.005366 -0.032668 0.063229
v 0.007621 -0.032983 0.063372
v 0.009717 -0.033184 0.063397
v 0.011847 -0.033303 0.063290
v 0.013968 -0.033342 0.063027
v 0.016047 -0.033285 0.062587
v 0.018099 -0.033106 0.061927
v 0.020270 -0.032726 0.060912
v 0.022209 -0.032161 0.059596
v 0.023759 -0.031519 0.058084
v 0.024992 -0.030828 0.056329
v 0.025898 -0.030129 0.054409
v 0.024758 -0.029319 0.052078
v 0.024971 -0.028807 0.050480
v 0.025141 -0.028336 0.048924
v 0.025259 -0.027808 0.047033
v 0.025210 -0.027280 0.044911
v 0.024909 -0.026837 0.042853
v 0.024256 -0.026454 0.040719
v 0.022800 -0.026107 0.038308
v 0.020612 -0.025827 0.036261
v 0.018236 -0.025568 0.034880
v 0.015936 -0.025295 0.033975
v 0.013561 -0.024980 0.033331
v 0.011359 -0.024656 0.032941
v 0.009512 -0.024362 0.032733
v 0.007327 -0.023981 0.032614
v 0.005048 -0.023542 0.032645
v 0.002978 -0.023096 0.032844
v 0.001031 -0.022631 0.033230
v -0.000932 -0.022118 0.033891
v -0.002751 -0.021618 0.034825
v -0.004397 -0.021172 0.036088
v -0.005810 -0.020847 0.037717
v -0.006896 -0.020691 0.039477
v -0.007742 -0.020688 0.041320
v -0.008360 -0.020825 0.043091
v -0.008844 -0.021052 0.044765
v -0.009216 -0.021344 0.046280
v -0.009582 -0.021758 0.047979
v -0.007914 -0.025646 0.054807
v -0.006716 -0.026660 0.055930
v -0.005259 -0.027663 0.056935
v -0.003708 -0.028551 0.057759
v -0.002004 -0.029381 0.058476
v -0.000183 -0.030126 0.059058
v 0.001799 -0.030800 0.059518
v 0.003897 -0.031343 0.059820
v 0.005961 -0.031739 0.059981
v 0.007998 -0.032025 0.060129
v 0.009888 -0.032215 0.060179
v 0.011806 -0.032338 0.060123
v 0.013713 -0.032394 0.059943
v 0.015578 -0.032372 0.059618
v 0.017415 -0.032249 0.059116
v 0.019351 -0.031963 0.058330
v 0.010387 -0.016812 0.074331
v 0.013087 -0.017314 0.074693
v 0.009141 -0.017252 0.075669
v 0.011883 -0.017750 0.075944
v 0.023084 -0.007576 0.073577
v 0.023044 -0.007494 0.073623
v 0.023084 -0.007498 0.073776
v 0.023139 -0.007673 0.073690
v 0.026302 -0.005608 0.073053
v 0.026231 -0.005534 0.073104
v 0.026262 -0.005533 0.073242
v 0.026364 -0.005685 0.073154
v 0.020201 -0.008498 0.074610
v 0.020205 -0.008404 0.074677
v 0.020288 -0.008400 0.074780
v 0.020299 -0.008587 0.074702
v 0.029280 -0.002994 0.072924
v 0.029180 -0.002955 0.072971
v 0.029203 -0.002969 0.073124
v 0.029375 -0.003054 0.073035
v 0.018024 -0.008863 0.076084
v 0.018049 -0.008766 0.076107
v 0.018120 -0.008773 0.076256
v 0.018092 -0.008963 0.076191
v -0.009603 -0.022352 0.049238
v 0.021071 -0.031521 0.057298
v 0.022439 -0.031013 0.056103
v 0.023515 -0.030460 0.054707
v 0.024295 -0.029899 0.053174
v -0.009599 -0.022826 0.050380
v -0.009416 -0.023599 0.051917
v -0.008838 -0.024620 0.053510
v -0.021280 -0.002191 0.054388
v -0.021313 -0.002069 0.054380
v -0.021463 -0.002048 0.054392
v -0.021408 -0.002272 0.054428
v -0.023508 -0.001294 0.047926
v -0.016822 -0.010088 0.071381
v -0.016573 -0.010022 0.071492
v -0.014518 -0.010132 0.071229
v -0.015783 -0.011460 0.078915
v -0.015525 -0.011318 0.078905
v -0.013566 -0.011517 0.078729
v -0.018975 -0.003651 0.066927
v -0.018834 -0.003688 0.066876
v -0.016422 -0.015746 0.057196
v 0.025259 -0.027808 0.047033
v -0.008844 -0.021052 0.044765
v -0.006716 -0.026660 0.055930
v 0.004777 -0.027638 0.059855
v 0.006635 -0.027994 0.059999
v 0.008468 -0.028252 0.060132
v 0.010169 -0.028423 0.060177
v 0.011896 -0.028533 0.060127
v 0.013612 -0.028584 0.059964
v 0.015290 -0.028564 0.059672
v 0.016943 -0.028454 0.059220
v 0.018686 -0.028196 0.058513
v 0.020234 -0.027798 0.057585
v -0.006684 -0.021587 0.054175
v -0.005852 -0.022510 0.055343
v -0.004775 -0.023423 0.056353
v -0.003464 -0.024326 0.057258
v -0.002067 -0.025125 0.057999
v -0.000534 -0.025872 0.058644
v 0.001105 -0.026543 0.059168
v 0.002889 -0.027149 0.059582
v 0.000602 -0.019014 0.035123
v -0.001035 -0.018564 0.035963
v -0.002516 -0.018163 0.037100
v -0.003788 -0.017870 0.038566
v -0.004765 -0.017730 0.040150
v -0.005527 -0.017727 0.041809
v -0.006083 -0.017850 0.043403
v -0.006519 -0.018054 0.044909
v -0.006854 -0.018317 0.046273
v -0.007183 -0.018690 0.047802
v -0.007202 -0.019225 0.048935
v 0.023307 -0.026017 0.052477
v 0.023723 -0.025495 0.051492
v 0.023914 -0.025034 0.050053
v 0.024068 -0.024610 0.048653
v 0.024174 -0.024135 0.046951
v 0.024130 -0.023660 0.045041
v 0.023859 -0.023261 0.043189
v 0.023271 -0.022916 0.041268
v 0.021961 -0.022604 0.039099
v 0.019992 -0.022352 0.037256
v 0.017854 -0.022119 0.036013
v 0.015783 -0.021873 0.035198
v 0.013646 -0.021589 0.034619
v 0.011664 -0.021298 0.034268
v 0.010002 -0.021033 0.034081
v 0.008035 -0.020691 0.033974
v 0.005984 -0.020295 0.034001
v 0.004121 -0.019894 0.034181
v 0.002369 -0.019476 0.034528
v -0.005259 -0.027663 0.056935
v -0.003708 -0.028551 0.057759
v -0.002004 -0.029381 0.058476
v -0.000183 -0.030126 0.059058
v 0.001799 -0.030800 0.059518
v 0.003897 -0.031343 0.059820
v 0.005961 -0.031739 0.059981
v 0.007998 -0.032025 0.060129
v 0.009888 -0.032215 0.060179
v 0.011806 -0.032338 0.060123
v 0.013713 -0.032394 0.059943
v 0.015578 -0.032372 0.059618
v 0.017415 -0.032249 0.059116
v 0.019351 -0.031963 0.058330
v 0.021071 -0.031521 0.057298
v -0.007914 -0.025646 0.054807
v -0.008838 -0.024620 0.053510
v 0.005244 0.005979 0.057173
v 0.003977 0.006174 0.057080
v 0.002763 0.006552 0.057264
v 0.001684 0.007088 0.057711
v 0.000814 0.007746 0.058390
v 0.000212 0.008479 0.059257
v -0.000081 0.009239 0.060250
v -0.000045 0.009974 0.061304
v 0.000318 0.010634 0.062346
v 0.000982 0.011172 0.063304
v 0.001904 0.011554 0.064115
v 0.003019 0.011753 0.064722
v 0.004252 0.011755 0.065084
v 0.005519 0.011560 0.065176
v 0.006733 0.011182 0.064993
v 0.007812 0.010646 0.064546
v 0.008682 0.009988 0.063866
v 0.009284 0.009255 0.063000
v 0.009577 0.008494 0.062006
v 0.009541 0.007760 0.060952
v 0.009178 0.007100 0.059911
v 0.008514 0.006561 0.058952
v 0.007592 0.006180 0.058142
v 0.006477 0.005981 0.057535
v 0.023588 -0.005770 0.045836
v 0.020048 -0.005090 0.045771
v 0.016905 -0.003688 0.046846
v 0.014638 -0.001777 0.048897
v 0.013591 0.000350 0.051613
v 0.013925 0.002372 0.054580
v 0.015588 0.003979 0.057346
v 0.018327 0.004927 0.059490
v 0.021725 0.005072 0.060685
v 0.025265 0.004392 0.060751
v 0.028408 0.002990 0.059676
v 0.030675 0.001079 0.057624
v 0.031721 -0.001048 0.054908
v 0.031388 -0.003069 0.051941
v 0.029725 -0.004677 0.049176
v 0.026986 -0.005625 0.047032
v 0.009759 -0.012129 0.032781
v 0.008507 -0.011839 0.032827
v 0.007523 -0.011237 0.033395
v 0.007071 -0.010483 0.034334
v 0.007273 -0.009779 0.035392
v 0.008073 -0.009315 0.036285
v 0.009258 -0.009213 0.036773
v 0.015426 -0.012566 0.033811
v 0.014926 -0.009651 0.037804
v 0.016178 -0.009940 0.037758
v 0.017161 -0.010542 0.037189
v 0.017613 -0.011296 0.036250
v 0.017412 -0.012000 0.035193
v 0.016611 -0.012465 0.034300
v 0.024971 -0.028807 0.050480
v 0.001031 -0.022631 0.033230
v -0.000932 -0.022118 0.033891
v -0.002751 -0.021618 0.034825
v -0.004397 -0.021172 0.036088
v -0.005810 -0.020847 0.037717
v -0.006896 -0.020691 0.039477
v 0.009512 -0.024362 0.032733
v 0.007327 -0.023981 0.032614
v 0.005048 -0.023542 0.032645
v 0.002978 -0.023096 0.032844
v 0.018236 -0.025568 0.034880
v 0.015936 -0.025295 0.033975
v 0.013561 -0.024980 0.033331
v 0.011359 -0.024656 0.032941
v 0.025141 -0.028336 0.048924
v 0.025210 -0.027280 0.044911
v 0.024909 -0.026837 0.042853
v 0.024256 -0.026454 0.040719
v 0.022800 -0.026107 0.038308
v 0.020612 -0.025827 0.036261
v -0.009603 -0.022352 0.049238
v 0.024758 -0.029319 0.052078
v 0.024295 -0.029899 0.053174
v -0.007742 -0.020688 0.041320
v -0.008360 -0.020825 0.043091
v -0.009216 -0.021344 0.046280
v -0.009582 -0.021758 0.047979
vn -0.8793 -0.4665 0.0959
vn -0.9329 -0.3596 0.0200
vn -0.8406 -0.5388 0.0547
vn -0.8576 -0.5137 0.0250
vn -0.9269 -0.3720 0.0497
vn -0.9194 -0.3923 0.0296
vn -0.8491 -0.5282 -0.0037
vn -0.8222 -0.5688 0.0214
vn -0.9330 -0.3581 0.0358
vn -0.9516 -0.3059 0.0301
vn -0.9459 -0.3198 0.0544
vn -0.8504 -0.5251 0.0316
vn -0.9301 -0.3636 0.0526
vn -0.9173 -0.3981 0.0099
vn -0.9428 -0.3325 0.0239
vn -0.9416 -0.3266 0.0823
vn -0.9588 -0.2742 0.0742
vn 0.0973 0.9942 0.0450
vn 0.0945 0.9950 0.0318
vn 0.1152 0.9930 0.0264
vn 0.1193 0.9923 0.0347
vn 0.1152 0.9930 0.0263
vn -0.1632 -0.6118 0.7740
vn -0.1779 -0.7902 0.5864
vn -0.9805 -0.1878 0.0572
vn -0.9902 -0.1250 0.0622
vn -0.9786 -0.2051 0.0147
vn -0.9863 -0.1641 0.0189
vn -0.8452 -0.5293 0.0746
vn -0.8692 -0.4888 0.0745
vn -0.9813 -0.1662 0.0970
vn -0.9671 -0.2405 0.0824
vn -0.7224 -0.1538 0.6741
vn -0.7325 -0.2093 0.6478
vn -0.9460 -0.3240 0.0106
vn -0.9215 -0.3881 0.0119
vn -0.9215 -0.3882 0.0119
vn -0.9674 0.2416 0.0762
vn -0.9609 0.2636 0.0851
vn -0.9900 0.0567 0.1290
vn -0.9592 -0.2822 0.0189
vn -0.9582 -0.2812 0.0533
vn -0.8253 -0.5615 0.0600
vn -0.8253 -0.5615 0.0599
vn -0.7174 -0.1500 0.6803
vn -0.9877 -0.1207 0.0991
vn -0.1500 -0.3934 0.9071
vn -0.1500 -0.3934 0.9070
vn -0.9173 -0.3894 0.0828
vn -0.9429 -0.3104 0.1204
vn -0.1853 -0.9729 -0.1384
vn -0.1853 -0.9729 -0.1383
vn -0.1730 -0.9211 -0.3487
vn -0.9829 -0.1797 -0.0407
vn -0.9829 -0.1797 -0.0408
vn -0.9645 -0.2632 -0.0211
vn -0.1201 -0.1133 0.9863
vn -0.1362 -0.2161 0.9668
vn -0.8902 -0.4491 0.0769
vn -0.8902 -0.4491 0.0768
vn -0.8164 -0.5761 0.0391
vn -0.8164 -0.5761 0.0392
vn -0.0423 -0.2014 -0.9786
vn -0.0250 -0.0933 -0.9953
vn -0.0250 -0.0932 -0.9953
vn -0.5919 -0.8060 -0.0043
vn -0.5530 -0.8315 -0.0537
vn -0.6370 -0.6319 -0.4415
vn -0.5653 -0.7574 -0.3268
vn -0.9476 0.3030 0.1009
vn -0.9858 -0.0586 0.1572
vn -0.9831 -0.1743 0.0551
vn -0.9923 -0.1093 0.0589
vn -0.9622 -0.2687 0.0442
vn -0.7106 -0.4631 -0.5297
vn -0.7374 -0.3183 -0.5957
vn -0.1160 -0.6542 -0.7473
vn -0.1160 -0.6542 -0.7474
vn -0.0798 -0.4008 -0.9127
vn -0.0797 -0.4007 -0.9127
vn 0.1017 0.9940 0.0398
vn -0.1533 -0.8247 -0.5443
vn -0.9917 0.1252 0.0296
vn -0.9997 0.0226 -0.0037
vn -0.9594 0.2732 0.0698
vn -0.9498 0.3064 0.0629
vn -0.7312 -0.2939 0.6156
vn -0.9665 0.2456 0.0745
vn -0.9666 0.2452 0.0747
vn -0.0995 -0.0613 0.9932
vn -0.8759 -0.4823 -0.0131
vn -0.8413 -0.5404 -0.0140
vn -0.5331 -0.8206 -0.2059
vn -0.6948 -0.4240 0.5809
vn -0.6314 -0.5913 0.5018
vn -0.8684 -0.4952 0.0270
vn -0.1910 -0.9801 -0.0537
vn -0.1910 -0.9801 -0.0538
vn -0.7382 -0.2074 -0.6418
vn 0.1077 0.9936 0.0332
vn 0.1078 0.9936 0.0333
vn -0.9599 -0.2309 0.1589
vn -0.5976 -0.7117 0.3692
vn -0.8203 -0.5719 -0.0074
vn -0.1944 -0.9793 0.0572
vn -0.1944 -0.9793 0.0571
vn -0.1933 -0.9808 -0.0263
vn -0.1933 -0.9808 -0.0260
vn -0.6059 -0.7948 0.0342
vn -0.5816 -0.7994 0.1504
vn -0.8138 -0.5809 0.0163
vn -0.0328 -0.0954 -0.9949
vn -0.0331 -0.0951 -0.9949
vn -0.6191 -0.7853 0.0035
vn -0.0898 -0.0596 0.9942
vn -0.0898 -0.0597 0.9942
vn -0.8981 -0.4398 -0.0057
vn -0.1925 -0.9464 0.2595
vn -0.1925 -0.9464 0.2596
vn -0.7354 -0.2048 -0.6460
vn 0.4184 0.8962 -0.1478
vn 0.3851 0.9075 -0.1679
vn 0.3903 0.9083 -0.1506
vn 0.5083 0.8172 -0.2715
vn 0.4922 0.8205 -0.2906
vn 0.5099 0.8262 -0.2395
vn 0.4508 0.8832 -0.1289
vn 0.4294 0.8950 -0.1211
vn 0.1277 0.9913 -0.0317
vn 0.0378 0.9983 0.0439
vn 0.0459 0.9866 -0.1568
vn 0.8226 0.4846 -0.2975
vn 0.8848 0.4310 -0.1768
vn 0.8285 0.5408 -0.1454
vn 0.8672 0.4963 -0.0402
vn 0.7986 0.6019 -0.0047
vn 0.8148 0.5729 0.0892
vn 0.7319 0.6710 0.1191
vn 0.7242 0.6624 0.1918
vn 0.8650 0.3838 -0.3232
vn 0.7874 0.4556 -0.4151
vn 0.6075 0.6566 -0.4470
vn 0.6728 0.4949 -0.5499
vn 0.0448 0.8853 -0.4628
vn 0.1129 0.8434 -0.5253
vn 0.1376 0.8661 -0.4806
vn 0.1657 0.8028 -0.5727
vn 0.1646 0.8036 -0.5720
vn 0.1477 0.7942 -0.5894
vn 0.1670 0.8017 -0.5740
vn 0.1603 0.8060 -0.5698
vn 0.1590 0.8071 -0.5686
vn 0.1221 0.8033 -0.5829
vn 0.1609 0.8049 -0.5711
vn 0.0506 0.8086 -0.5862
vn 0.0476 0.8059 -0.5901
vn 0.0259 0.8064 -0.5908
vn 0.0251 0.8136 -0.5809
vn 0.0457 0.8133 -0.5800
vn 0.0511 0.8121 -0.5813
vn 0.0469 0.8101 -0.5844
vn 0.0517 0.8183 -0.5725
vn 0.0448 0.8160 -0.5763
vn 0.0276 0.8199 -0.5718
vn 0.0515 0.8201 -0.5699
vn 0.0299 0.7999 -0.5994
vn 0.0469 0.8056 -0.5906
vn 0.0515 0.8035 -0.5930
vn 0.0502 0.7995 -0.5985
vn 0.0749 0.8255 -0.5594
vn 0.1019 0.8191 -0.5645
vn 0.0996 0.8190 -0.5650
vn 0.1187 0.8405 -0.5287
vn 0.1232 0.8511 -0.5104
vn 0.1236 0.8405 -0.5275
vn 0.0982 0.8446 -0.5263
vn 0.1116 0.8393 -0.5321
vn 0.1045 0.8348 -0.5405
vn 0.1032 0.8190 -0.5645
vn 0.0835 0.8179 -0.5693
vn 0.0993 0.8237 -0.5583
vn 0.0690 0.8228 -0.5642
vn 0.0459 0.8262 -0.5615
vn 0.0994 0.8309 -0.5475
vn 0.0776 0.8289 -0.5540
vn 0.0825 0.8379 -0.5396
vn 0.1031 0.8335 -0.5427
vn 0.0993 0.8246 -0.5569
vn 0.1109 0.8518 -0.5120
vn 0.1233 0.8638 -0.4885
vn 0.1509 0.8165 -0.5572
vn 0.1555 0.8091 -0.5668
vn 0.1511 0.8092 -0.5677
vn 0.1495 0.8103 -0.5666
vn 0.1473 0.8186 -0.5551
vn 0.1502 0.8096 -0.5674
vn 0.1614 0.8357 -0.5250
vn 0.1588 0.8362 -0.5250
vn 0.1712 0.8500 -0.4982
vn 0.3720 0.7888 -0.4893
vn 0.3239 0.7919 -0.5176
vn 0.3518 0.7643 -0.5405
vn 0.1663 0.7830 -0.5994
vn 0.1696 0.7676 -0.6181
vn 0.1629 0.7679 -0.6195
vn 0.1713 0.7830 -0.5980
vn 0.1744 0.7679 -0.6164
vn 0.1758 0.7979 -0.5765
vn 0.1722 0.7854 -0.5946
vn 0.1797 0.7968 -0.5769
vn 0.1843 0.7946 -0.5785
vn 0.1816 0.7962 -0.5771
vn 0.1869 0.7867 -0.5883
vn 0.1870 0.7915 -0.5819
vn 0.1852 0.7940 -0.5791
vn 0.2016 0.7895 -0.5797
vn 0.1839 0.7817 -0.5960
vn 0.1802 0.7810 -0.5980
vn 0.1808 0.7870 -0.5898
vn 0.1739 0.7869 -0.5921
vn 0.1764 0.7807 -0.5995
vn 0.1681 0.7983 -0.5783
vn 0.1673 0.8002 -0.5759
vn 0.1615 0.7942 -0.5858
vn 0.1658 0.7978 -0.5797
vn 0.1696 0.7983 -0.5778
vn 0.1659 0.7980 -0.5794
vn 0.1615 0.7987 -0.5796
vn 0.1661 0.7989 -0.5781
vn 0.1582 0.7996 -0.5793
vn 0.1557 0.7985 -0.5815
vn 0.1543 0.7981 -0.5825
vn 0.1545 0.7992 -0.5809
vn 0.1532 0.7983 -0.5824
vn 0.1567 0.7990 -0.5805
vn 0.1538 0.7988 -0.5816
vn 0.1544 0.7973 -0.5835
vn 0.1542 0.7980 -0.5826
vn 0.1529 0.7971 -0.5841
vn 0.1522 0.7964 -0.5853
vn 0.1517 0.7950 -0.5873
vn 0.1540 0.7949 -0.5869
vn 0.1506 0.7814 -0.6056
vn 0.1577 0.7879 -0.5953
vn 0.1548 0.7806 -0.6056
vn 0.1024 0.7850 -0.6109
vn 0.1049 0.7825 -0.6138
vn 0.0875 0.7763 -0.6243
vn 0.0998 0.7936 -0.6002
vn 0.0998 0.7860 -0.6101
vn 0.0822 0.7848 -0.6142
vn 0.1172 0.7870 -0.6058
vn 0.1233 0.7851 -0.6070
vn 0.1083 0.7786 -0.6181
vn 0.0409 0.7937 -0.6069
vn 0.0565 0.7971 -0.6011
vn 0.0710 0.7974 -0.5993
vn 0.0795 0.7912 -0.6063
vn 0.0830 0.7988 -0.5958
vn 0.1012 0.7975 -0.5948
vn 0.1007 0.7991 -0.5927
vn 0.0996 0.7944 -0.5991
vn 0.1016 0.7982 -0.5938
vn 0.1636 0.7877 -0.5940
vn 0.5525 0.8097 -0.1977
vn 0.5301 0.8281 -0.1824
vn 0.4687 0.8059 -0.3617
vn 0.4405 0.8032 -0.4011
vn 0.4132 0.8005 -0.4341
vn 0.4501 0.5996 -0.6617
vn 0.2982 0.7507 -0.5896
vn 0.6280 0.4239 -0.6527
vn 0.5763 0.5634 -0.5919
vn 0.1508 0.8733 -0.4633
vn 0.1321 0.8639 -0.4860
vn 0.1390 0.8764 -0.4611
vn 0.1619 0.8766 -0.4531
vn 0.1430 0.8739 -0.4646
vn 0.1954 0.8919 -0.4077
vn 0.2037 0.8865 -0.4155
vn 0.1963 0.8857 -0.4207
vn 0.1903 0.8944 -0.4048
vn 0.2180 0.8973 -0.3839
vn 0.1442 0.8529 -0.5017
vn 0.1376 0.8480 -0.5117
vn 0.1423 0.8552 -0.4984
vn 0.1447 0.8520 -0.5032
vn 0.1411 0.8438 -0.5178
vn 0.2010 0.9057 -0.3733
vn 0.2286 0.9228 -0.3102
vn 0.2322 0.9193 -0.3177
vn 0.2000 0.9068 -0.3712
vn 0.1997 0.9056 -0.3742
vn 0.1470 0.8505 -0.5050
vn 0.1503 0.8333 -0.5321
vn 0.1485 0.8498 -0.5058
vn 0.2005 0.9041 -0.3775
vn 0.2212 0.9206 -0.3218
vn 0.1985 0.9034 -0.3802
vn 0.1508 0.8493 -0.5059
vn 0.1540 0.8494 -0.5048
vn 0.1540 0.8314 -0.5339
vn 0.1996 0.9020 -0.3827
vn 0.1956 0.9014 -0.3863
vn 0.2017 0.9182 -0.3409
vn 0.1429 0.8565 -0.4960
vn 0.1351 0.8528 -0.5045
vn 0.1421 0.8597 -0.4906
vn 0.2027 0.9065 -0.3704
vn 0.2374 0.9111 -0.3369
vn 0.2066 0.9047 -0.3725
vn 0.1434 0.8701 -0.4716
vn 0.1437 0.8668 -0.4775
vn 0.1338 0.8582 -0.4956
vn 0.1988 0.8953 -0.3987
vn 0.2317 0.9042 -0.3588
vn 0.2055 0.8965 -0.3926
vn 0.1760 0.8923 -0.4157
vn 0.1707 0.9068 -0.3855
vn 0.1798 0.8940 -0.4104
vn 0.1725 0.8883 -0.4257
vn 0.1573 0.8980 -0.4108
vn 0.1740 0.8600 -0.4798
vn 0.1783 0.8582 -0.4814
vn 0.1695 0.8576 -0.4857
vn 0.1786 0.8653 -0.4684
vn 0.1435 0.8614 -0.4873
vn 0.2057 0.9025 -0.3784
vn 0.1685 0.8862 -0.4317
vn 0.1670 0.8821 -0.4404
vn 0.1475 0.8885 -0.4346
vn 0.1831 0.8684 -0.4608
vn 0.1893 0.8730 -0.4496
vn 0.1847 0.8742 -0.4490
vn 0.1943 0.9004 -0.3893
vn 0.1882 0.8988 -0.3958
vn 0.1851 0.9136 -0.3620
vn 0.1558 0.8503 -0.5027
vn 0.1606 0.8522 -0.4979
vn 0.1626 0.8795 -0.4473
vn 0.1934 0.8780 -0.4378
vn 0.1855 0.8974 -0.4004
vn 0.1633 0.8538 -0.4944
vn -0.0017 0.9997 -0.0243
vn 0.0789 0.9843 -0.1579
vn -0.0671 0.9961 -0.0564
vn 0.0286 0.9814 -0.1899
vn -0.5343 0.7815 -0.3221
vn -0.2729 0.8484 -0.4536
vn -0.5598 0.7397 -0.3735
vn -0.2869 0.8235 -0.4895
vn -0.5135 0.4433 -0.7348
vn -0.3053 0.6124 -0.7292
vn -0.4921 0.3889 -0.7789
vn -0.2890 0.5782 -0.7630
vn -0.0437 0.0801 -0.9958
vn -0.1163 0.1035 -0.9878
vn 0.0354 0.3994 -0.9161
vn -0.0145 0.4103 -0.9118
vn 0.3740 0.3624 -0.8537
vn 0.4322 0.3542 -0.8293
vn 0.4584 -0.0294 -0.8882
vn 0.5365 -0.0357 -0.8432
vn 0.9621 0.2237 -0.1557
vn 0.9600 0.1399 -0.2426
vn 0.8137 0.5099 -0.2791
vn 0.8202 0.4485 -0.3552
vn 0.5301 0.8478 -0.0171
vn 0.6040 0.7758 0.1825
vn 0.5704 0.8212 -0.0156
vn 0.6589 0.7303 0.1802
vn 0.3365 0.9185 -0.2078
vn 0.2959 0.9342 -0.1991
vn 0.3004 0.9200 -0.2518
vn 0.2635 0.9263 -0.2695
vn 0.5967 0.7665 -0.2377
vn 0.5994 0.7842 -0.1606
vn 0.5300 0.8124 -0.2430
vn 0.5393 0.8207 -0.1886
vn 0.3074 0.9243 -0.2263
vn 0.3241 0.9277 -0.1856
vn 0.3491 0.9171 -0.1927
vn 0.3572 0.9188 -0.1680
vn 0.0191 0.8351 -0.5497
vn 0.0562 0.8289 -0.5565
vn 0.0105 0.8287 -0.5596
vn 0.1090 0.7093 -0.6964
vn 0.1239 0.7390 -0.6623
vn 0.1240 0.7053 -0.6979
vn 0.1347 0.7362 -0.6632
vn 0.4069 0.7865 -0.4646
vn 0.4365 0.7931 -0.4247
vn 0.4448 0.7750 -0.4489
vn 0.4718 0.7839 -0.4035
vn 0.0981 0.9188 0.3822
vn 0.1488 0.9550 0.2567
vn 0.0075 0.9384 0.3455
vn 0.0610 0.9728 0.2236
vn 0.6549 0.5296 0.5391
vn 0.7279 0.4850 0.4847
vn 0.6532 0.6269 0.4246
vn 0.7166 0.5725 0.3984
vn 0.9974 -0.0661 -0.0294
vn 0.9823 -0.1367 -0.1279
vn 0.9970 0.0306 -0.0717
vn 0.9850 -0.0463 -0.1663
vn 0.4752 -0.3112 -0.8230
vn 0.5595 -0.3003 -0.7725
vn 0.4701 -0.4366 -0.7671
vn 0.5541 -0.4235 -0.7166
vn -0.1458 -0.3826 -0.9123
vn -0.2378 -0.3522 -0.9052
vn -0.1123 -0.2274 -0.9673
vn -0.1994 -0.1975 -0.9598
vn -0.6984 0.2215 -0.6806
vn -0.6626 0.1583 -0.7320
vn -0.7874 0.0623 -0.6133
vn -0.7420 0.0012 -0.6704
vn -0.8622 0.5040 -0.0507
vn -0.7813 0.6091 -0.1361
vn -0.8886 0.4446 -0.1129
vn -0.8126 0.5494 -0.1944
vn 0.4039 0.8841 0.2350
vn 0.3725 0.8810 0.2917
vn 0.2905 0.9387 0.1855
vn 0.2409 0.9386 0.2469
vn 0.6321 0.7476 0.2038
vn 0.6309 0.7319 0.2574
vn 0.2756 0.9295 -0.2451
vn 0.2501 0.9248 -0.2866
vn 0.2493 0.9303 -0.2692
vn 0.2371 0.9223 -0.3052
vn 0.1308 0.7841 -0.6067
vn 0.1268 0.7842 -0.6074
vn 0.1325 0.7905 -0.5979
vn 0.1280 0.7903 -0.5992
vn 0.0532 0.8058 -0.5899
vn 0.0553 0.8048 -0.5909
vn 0.1104 0.8283 -0.5493
vn 0.1159 0.8260 -0.5516
vn 0.1509 0.8081 -0.5694
vn 0.1496 0.8089 -0.5687
vn 0.1544 0.8030 -0.5756
vn 0.1594 0.8027 -0.5747
vn 0.1412 0.7524 -0.6434
vn 0.1324 0.7544 -0.6429
vn 0.4110 0.7958 -0.4448
vn 0.3803 0.7898 -0.4813
vn 0.1211 -0.5503 -0.8261
vn 0.1137 -0.5876 -0.8011
vn 0.3584 -0.5477 -0.7560
vn 0.3513 -0.5863 -0.7300
vn 0.4078 0.9021 0.1412
vn 0.4114 0.5084 0.7565
vn 0.2324 0.9581 0.1677
vn 0.1648 0.5852 0.7939
vn -0.4343 0.4086 -0.8028
vn -0.5214 0.5122 -0.6825
vn -0.7899 -0.1898 -0.5831
vn -0.9122 -0.0410 -0.4077
vn 0.1495 0.7984 -0.5833
vn 0.1474 0.7975 -0.5850
vn 0.1815 0.7866 -0.5902
vn 0.1777 0.7874 -0.5903
vn 0.1766 0.7500 -0.6375
vn 0.1826 0.7499 -0.6358
vn 0.1788 0.7695 -0.6131
vn 0.1377 0.8381 -0.5278
vn 0.1344 0.8425 -0.5217
vn 0.2414 0.7703 -0.5903
vn 0.2528 0.7877 -0.5617
vn 0.2881 0.7893 -0.5423
vn 0.2137 0.7814 -0.5863
vn 0.1984 0.7876 -0.5834
vn 0.2250 0.7836 -0.5790
vn 0.1161 0.7764 -0.6195
vn 0.3666 0.9219 -0.1253
vn 0.4008 0.9084 -0.1187
vn 0.1122 0.9449 -0.3077
vn 0.1457 0.9510 -0.2729
vn 0.1483 0.9172 -0.3699
vn 0.1716 0.9273 -0.3327
vn -0.0592 0.8597 -0.5074
vn 0.0272 0.8413 -0.5398
vn -0.0675 0.8473 -0.5268
vn -0.1221 0.7377 -0.6640
vn 0.0037 0.7776 -0.6287
vn -0.1131 0.7198 -0.6849
vn 0.0111 0.7684 -0.6399
vn 0.0420 0.6268 -0.7781
vn 0.0956 0.7141 -0.6935
vn 0.0682 0.6195 -0.7821
vn 0.2101 0.7030 -0.6794
vn 0.2270 0.7053 -0.6716
vn 0.2473 0.6116 -0.7516
vn 0.2770 0.6114 -0.7412
vn 0.5882 0.6880 -0.4249
vn 0.5751 0.6583 -0.4857
vn 0.4168 0.7645 -0.4917
vn 0.1230 0.8235 -0.5538
vn 0.0128 0.8311 -0.5560
vn 0.1293 0.8109 -0.5707
vn 0.0205 0.8103 -0.5857
vn 0.1225 0.9797 0.1588
vn 0.0032 1.0000 -0.0078
vn 0.0884 0.9910 0.1002
vn 0.2052 0.9638 0.1702
vn 0.3332 0.9211 0.2012
vn 0.1943 0.9771 -0.0863
vn 0.2883 0.9543 -0.0784
vn 0.1258 0.7006 -0.7024
vn 0.0756 0.6099 -0.7889
vn 0.1588 0.6810 -0.7149
vn 0.1311 0.5829 -0.8019
vn 0.1843 0.9260 -0.3296
vn 0.2353 0.9147 -0.3286
vn 0.0909 0.6581 -0.7474
vn 0.1367 0.6469 -0.7502
vn 0.1699 0.8359 -0.5219
vn 0.1801 0.8333 -0.5227
vn 0.1598 0.7747 -0.6118
vn 0.1496 0.7772 -0.6112
vn -0.1859 -0.1405 -0.9725
vn -0.2698 -0.4558 -0.8482
vn -0.0145 -0.1918 -0.9813
vn -0.0807 -0.5045 -0.8596
vn 0.1555 0.8312 0.5337
vn 0.3285 0.7814 0.5305
vn 0.1035 0.6117 0.7843
vn 0.2926 0.5628 0.7731
vn -0.0925 -0.5606 -0.8229
vn -0.2823 -0.5130 -0.8106
vn 0.0926 0.5606 0.8229
vn 0.2823 0.5130 0.8106
vn 0.9778 -0.2039 -0.0484
vn 0.9494 -0.2727 -0.1555
vn 0.9723 -0.2311 -0.0341
vn 0.9432 -0.3007 -0.1411
vn -0.7148 -0.2699 -0.6451
vn -0.7185 -0.3047 -0.6252
vn -0.6203 -0.3350 -0.7092
vn -0.6240 -0.3690 -0.6888
vn -0.2218 0.6086 0.7619
vn -0.2290 0.5864 0.7769
vn -0.3474 0.6033 0.7179
vn -0.3524 0.5811 0.7336
vn -0.9183 -0.0543 -0.3922
vn -0.7282 0.4176 -0.5434
vn -0.9562 0.0195 -0.2922
vn -0.7620 0.4679 -0.4476
vn 0.6838 -0.4855 -0.5447
vn 0.7714 -0.4430 -0.4568
vn 0.7124 0.0061 -0.7017
vn 0.7829 0.0481 -0.6202
vn 0.2050 0.9014 0.3814
vn 0.3057 0.8735 0.3788
vn 0.1590 0.5652 0.8095
vn 0.2841 0.5316 0.7979
vn -0.1114 0.9811 0.1584
vn -0.1919 0.9735 0.1242
vn 0.1877 0.9455 -0.2662
vn 0.2241 0.9637 -0.1452
vn 0.7081 0.7007 -0.0873
vn 0.7226 0.6614 -0.2011
vn 0.0599 0.8327 -0.5505
vn 0.1145 0.7424 -0.6601
vn 0.3743 0.7800 -0.5016
vn -0.4515 -0.1654 0.8768
vn -0.4543 -0.1607 0.8762
vn -0.4028 -0.1510 0.9028
vn -0.4063 -0.1508 0.9012
vn 0.2428 -0.2689 0.9321
vn 0.2435 -0.2683 0.9321
vn 0.3181 -0.3117 0.8954
vn 0.3234 -0.3123 0.8932
vn 0.5670 -0.7590 0.3199
vn 0.5831 -0.7133 0.3888
vn 0.5644 -0.7612 0.3194
vn 0.5804 -0.7158 0.3883
vn 0.2529 -0.9660 -0.0531
vn 0.3051 -0.9522 -0.0183
vn 0.2538 -0.9658 -0.0527
vn 0.3066 -0.9517 -0.0179
vn -0.1797 -0.9671 -0.1803
vn -0.1794 -0.9671 -0.1804
vn -0.2468 -0.9525 -0.1783
vn -0.2470 -0.9522 -0.1795
vn -0.6480 -0.7613 -0.0222
vn -0.6497 -0.7598 -0.0229
vn -0.6897 -0.7238 0.0180
vn -0.6911 -0.7225 0.0172
vn -0.8047 -0.4070 0.4323
vn -0.8129 -0.4445 0.3764
vn -0.8045 -0.4062 0.4333
vn -0.8130 -0.4452 0.3752
vn 0.4338 0.8972 0.0827
vn 0.3530 0.9347 0.0403
vn 0.2125 0.9225 -0.3222
vn 0.2177 0.9091 -0.3551
vn 0.1922 0.8968 -0.3985
vn 0.1371 0.7854 -0.6036
vn 0.1374 0.7909 -0.5964
vn 0.0598 0.8040 -0.5916
vn 0.1140 0.8209 -0.5595
vn 0.1485 0.8103 -0.5669
vn 0.1621 0.7985 -0.5798
vn 0.1255 0.7579 -0.6402
vn 0.3469 0.7842 -0.5145
vn 0.5845 -0.5073 -0.6332
vn 0.5779 -0.5459 -0.6067
vn 0.0939 0.9820 0.1640
vn -0.0799 0.6227 0.7784
vn -0.3097 0.3174 -0.8963
vn -0.6133 -0.3231 -0.7207
vn 0.1474 0.7956 -0.5876
vn 0.1830 0.7878 -0.5881
vn 0.1860 0.7867 -0.5887
vn 0.1705 0.7505 -0.6384
vn 0.1490 0.8235 -0.5473
vn 0.1360 0.8320 -0.5379
vn 0.1455 0.8211 -0.5519
vn 0.1154 0.8411 -0.5284
vn 0.1600 0.7809 -0.6038
vn 0.1677 0.7873 -0.5934
vn 0.1623 0.7871 -0.5951
vn 0.0947 0.7713 -0.6294
vn 0.1024 0.7664 -0.6341
vn 0.3748 0.9261 -0.0428
vn 0.4158 0.9088 -0.0328
vn -0.2557 0.8716 -0.4182
vn -0.3145 0.6466 -0.6950
vn -0.0636 0.4235 -0.9036
vn 0.3204 0.3665 -0.8735
vn 0.8100 0.3898 -0.4382
vn 0.8222 0.3687 -0.4337
vn 0.7297 0.3821 -0.5670
vn 0.3557 0.5802 -0.7327
vn 0.4661 0.5007 -0.7294
vn 0.4639 0.8638 0.1963
vn 0.3802 0.9203 -0.0922
vn 0.0972 0.7197 -0.6875
vn 0.0269 0.6388 -0.7689
vn 0.2838 0.8973 -0.3380
vn 0.0499 0.6753 -0.7359
vn 0.1900 0.8296 -0.5251
vn 0.1401 0.7810 -0.6086
vn -0.3468 -0.0724 -0.9351
vn -0.4480 -0.3872 -0.8058
vn 0.4935 0.7140 0.4967
vn 0.4709 0.4944 0.7306
vn -0.4613 -0.4458 -0.7672
vn 0.4613 0.4458 0.7672
vn 0.9897 -0.1305 0.0590
vn 0.9848 -0.1576 0.0734
vn -0.5147 -0.3931 -0.7619
vn -0.5188 -0.4270 -0.7406
vn -0.4645 0.5883 0.6619
vn -0.4701 0.5656 0.6776
vn -0.7003 0.6808 -0.2148
vn -0.9686 0.2476 0.0231
vn -0.7446 0.5980 -0.2966
vn -0.9815 0.1722 -0.0833
vn 0.3592 -0.5583 -0.7478
vn 0.4761 -0.5435 -0.6913
vn 0.4314 -0.0706 -0.8994
vn 0.5367 -0.0504 -0.8422
vn 0.4931 0.8035 0.3335
vn 0.5766 0.7639 0.2898
vn 0.5192 0.4387 0.7334
vn 0.6247 0.3814 0.6814
vn -0.1325 0.9872 -0.0890
vn -0.2733 0.9577 0.0904
vn -0.7321 0.6753 -0.0897
vn -0.4966 0.8224 -0.2776
vn -0.7286 0.2804 -0.6249
vn -0.5285 0.4950 -0.6897
vn -0.2845 -0.1650 -0.9444
vn -0.1874 0.1280 -0.9739
vn 0.3818 -0.0233 -0.9240
vn 0.3895 -0.3166 -0.8649
vn 0.9573 -0.1166 -0.2645
vn 0.9398 0.0634 -0.3357
vn 0.7846 0.5096 0.3531
vn 0.7147 0.6815 0.1571
vn 0.2258 0.9291 0.2930
vn 0.2717 0.9604 0.0616
vn 0.2106 0.9765 0.0469
vn 0.5822 0.8074 -0.0958
vn 0.6679 0.7442 0.0048
vn 0.6016 0.7978 -0.0393
vn 0.5239 0.8389 -0.1479
vn 0.5061 0.8530 -0.1270
vn 0.0825 0.8499 -0.5204
vn 0.0666 0.8414 -0.5363
vn 0.0523 0.8605 -0.5067
vn 0.0368 0.8500 -0.5254
vn 0.0697 0.7250 -0.6852
vn 0.0972 0.7501 -0.6542
vn 0.0829 0.7194 -0.6896
vn 0.1060 0.7460 -0.6574
vn 0.3867 0.7518 -0.5340
vn 0.3553 0.7392 -0.5722
vn 0.3416 0.7725 -0.5354
vn 0.3110 0.7643 -0.5650
vn -0.4953 -0.1758 0.8507
vn -0.4978 -0.1718 0.8501
vn 0.1635 -0.2352 0.9581
vn 0.1643 -0.2322 0.9587
vn 0.5883 -0.6620 0.4644
vn 0.5859 -0.6648 0.4635
vn 0.3515 -0.9360 0.0177
vn 0.3514 -0.9361 0.0168
vn -0.1159 -0.9776 -0.1758
vn -0.1213 -0.9767 -0.1772
vn -0.6015 -0.7968 -0.0586
vn -0.6029 -0.7956 -0.0597
vn -0.8143 -0.4837 0.3209
vn -0.8145 -0.4826 0.3219
vn 0.2810 0.9590 -0.0367
vn 0.1906 0.9773 0.0928
vn 0.1901 0.9190 -0.3454
vn 0.1749 0.8774 -0.4467
vn 0.1444 0.7883 -0.5981
vn 0.1414 0.7931 -0.5925
vn 0.1503 0.7911 -0.5929
vn 0.1453 0.7942 -0.5900
vn 0.0634 0.8021 -0.5938
vn 0.0799 0.7955 -0.6006
vn 0.1099 0.8173 -0.5657
vn 0.1061 0.8156 -0.5688
vn 0.1422 0.8148 -0.5620
vn 0.1301 0.8246 -0.5505
vn 0.1644 0.7987 -0.5788
vn 0.1637 0.7978 -0.5802
vn 0.1188 0.7611 -0.6376
vn 0.1110 0.7630 -0.6368
vn 0.2829 0.7751 -0.5650
vn 0.3136 0.7799 -0.5417
vn 0.7714 -0.4300 -0.4690
vn 0.7650 -0.4683 -0.4421
vn 0.9064 -0.3207 -0.2748
vn 0.9000 -0.3588 -0.2473
vn -0.0878 0.5856 0.8058
vn -0.1137 0.5876 0.8011
vn -0.1059 0.6246 0.7737
vn 0.0120 0.1940 -0.9809
vn -0.1572 0.2440 -0.9569
vn -0.1484 -0.5086 -0.8481
vn -0.3945 -0.4318 -0.8111
vn 0.1527 0.7904 -0.5933
vn 0.1527 0.7925 -0.5904
vn 0.1527 0.7918 -0.5914
vn 0.1496 0.7936 -0.5898
vn 0.1854 0.7889 -0.5859
vn 0.1905 0.7876 -0.5860
vn 0.1862 0.7903 -0.5838
vn 0.1942 0.7891 -0.5828
vn 0.1618 0.7509 -0.6403
vn 0.1515 0.7510 -0.6427
vn 0.1565 0.7694 -0.6193
vn 0.1125 0.8695 -0.4809
vn 0.1246 0.8825 -0.4536
vn 0.1327 0.8771 -0.4615
vn 0.1697 0.7872 -0.5928
vn 0.5854 0.7660 -0.2657
vn 0.5726 0.7881 -0.2261
vn 0.7658 0.6243 -0.1541
vn 0.7312 0.6734 -0.1095
vn 0.1319 0.9829 -0.1286
vn 0.1808 0.9541 -0.2387
vn -0.2332 0.8942 -0.3822
vn -0.0496 0.8737 -0.4839
vn -0.3184 0.6793 -0.6612
vn -0.1254 0.7559 -0.6426
vn -0.1106 0.4405 -0.8909
vn 0.0167 0.6359 -0.7716
vn 0.2209 0.6128 -0.7587
vn 0.2708 0.3704 -0.8885
vn 0.7787 0.3413 -0.5264
vn 0.5486 0.6306 -0.5490
vn 0.4256 0.7773 -0.4634
vn 0.3802 0.7966 -0.4699
vn -0.0009 0.8569 -0.5154
vn 0.1279 0.7956 -0.5921
vn 0.0416 0.7731 -0.6329
vn 0.0567 0.7548 -0.6536
vn 0.6931 0.7153 0.0892
vn 0.5450 0.8215 -0.1676
vn 0.5866 0.7943 0.1582
vn 0.4662 0.8761 -0.1232
vn -0.0454 0.7018 -0.7110
vn 0.0747 0.7372 -0.6716
vn -0.0139 0.6692 -0.7430
vn 0.3283 0.8746 -0.3567
vn 0.3684 0.8474 -0.3824
vn -0.0158 0.7228 -0.6909
vn 0.0139 0.6978 -0.7161
vn 0.2066 0.8194 -0.5347
vn 0.1984 0.8246 -0.5298
vn 0.1235 0.7909 -0.5993
vn 0.1314 0.7857 -0.6045
vn -0.4893 0.0153 -0.8720
vn -0.6108 0.1112 -0.7839
vn -0.6085 -0.3020 -0.7338
vn -0.7453 -0.2029 -0.6351
vn 0.7710 0.5307 0.3520
vn 0.7683 0.3101 0.5599
vn 0.6427 0.6293 0.4369
vn 0.6315 0.4091 0.6586
vn -0.7597 -0.2630 -0.5947
vn -0.6225 -0.3613 -0.6943
vn 0.7597 0.2630 0.5947
vn 0.6225 0.3613 0.6943
vn 0.9629 0.0244 0.2689
vn 0.9847 -0.0538 0.1655
vn 0.9586 -0.0034 0.2846
vn 0.9802 -0.0811 0.1805
vn -0.3998 -0.4437 -0.8020
vn -0.4048 -0.4779 -0.7796
vn -0.2777 -0.4866 -0.8283
vn -0.2839 -0.5207 -0.8051
vn -0.5734 0.5638 0.5944
vn -0.5799 0.5403 0.6098
vn -0.6725 0.5300 0.5166
vn -0.6791 0.5057 0.5320
vn -0.9396 0.3168 0.1298
vn -0.6613 0.7392 -0.1272
vn -0.8948 0.3798 0.2348
vn -0.6234 0.7806 -0.0462
vn 0.3162 -0.0887 -0.9445
vn 0.1954 -0.0961 -0.9760
vn 0.2357 -0.5638 -0.7916
vn 0.1075 -0.5595 -0.8218
vn 0.8019 0.2498 0.5427
vn 0.7195 0.3181 0.6174
vn 0.7227 0.6681 0.1771
vn 0.6523 0.7205 0.2355
vn -0.0214 0.9747 -0.2223
vn -0.1996 0.9725 -0.1203
vn -0.0720 0.9646 -0.2535
vn -0.4491 0.8610 -0.2390
vn -0.5404 0.5423 -0.6433
vn -0.2550 0.1574 -0.9541
vn 0.3069 -0.0146 -0.9516
vn 0.9008 0.0003 -0.4342
vn 0.7706 0.6256 0.1218
vn 0.6339 0.7706 -0.0655
vn 0.3280 0.9416 0.0768
vn 0.3327 0.9414 -0.0557
vn 0.2895 0.9547 -0.0686
vn 0.5324 0.8341 -0.1442
vn 0.5093 0.8523 -0.1187
vn 0.5439 0.8376 -0.0509
vn 0.4794 0.8112 -0.3348
vn 0.5016 0.8067 -0.3126
vn 0.0994 0.8589 -0.5023
vn 0.0720 0.8715 -0.4852
vn 0.0553 0.7314 -0.6797
vn 0.0874 0.7550 -0.6499
vn 0.3248 0.7291 -0.6025
vn 0.2842 0.7576 -0.5877
vn -0.1700 0.9505 0.2600
vn -0.0273 0.9810 0.1920
vn -0.0807 0.9497 0.3024
vn 0.5190 0.7387 0.4301
vn 0.5172 0.6572 0.5482
vn 0.5854 0.6856 0.4328
vn 0.5836 0.5931 0.5546
vn 0.9837 0.0850 0.1584
vn 0.9978 0.0089 0.0662
vn 0.9758 0.1929 0.1031
vn 0.9936 0.1114 0.0190
vn 0.6398 -0.2919 -0.7110
vn 0.7164 -0.2785 -0.6397
vn 0.6361 -0.4076 -0.6551
vn 0.7139 -0.3811 -0.5875
vn -0.0247 -0.2580 -0.9658
vn 0.0563 -0.2753 -0.9597
vn -0.0511 -0.4131 -0.9093
vn 0.0373 -0.4255 -0.9042
vn -0.6195 0.0941 -0.7793
vn -0.5678 0.0308 -0.8226
vn -0.6944 -0.0693 -0.7163
vn -0.6377 -0.1388 -0.7576
vn -0.9109 0.3747 -0.1726
vn -0.8268 0.4953 -0.2665
vn -0.9162 0.3156 -0.2467
vn -0.8225 0.4532 -0.3436
vn 0.2227 0.9301 -0.2921
vn 0.1977 0.9261 -0.3213
vn 0.1333 0.9258 -0.3537
vn 0.1263 0.8955 -0.4267
vn 0.1531 0.7927 -0.5900
vn 0.1499 0.7942 -0.5889
vn 0.0959 0.7974 -0.5958
vn 0.0998 0.8144 -0.5716
vn 0.1306 0.8294 -0.5433
vn 0.1645 0.8002 -0.5768
vn 0.2594 0.7711 -0.5815
vn 0.9803 -0.1870 -0.0637
vn 0.9737 -0.2249 -0.0357
vn -0.3433 0.6244 0.7016
vn -0.3512 0.5863 0.7300
vn 0.1443 0.1695 -0.9749
vn 0.0952 -0.5483 -0.8308
vn 0.1547 0.7893 -0.5942
vn 0.1561 0.7906 -0.5921
vn 0.1959 0.7915 -0.5789
vn 0.1495 0.7699 -0.6204
vn 0.1481 0.7833 -0.6038
vn 0.2187 0.9536 -0.2069
vn 0.1965 0.9344 -0.2971
vn 0.2244 0.9383 -0.2633
vn -0.0344 0.8890 -0.4566
vn -0.1225 0.7737 -0.6217
vn -0.0033 0.7963 -0.6049
vn -0.0020 0.7868 -0.6172
vn -0.0087 0.6460 -0.7633
vn 0.1845 0.7011 -0.6888
vn 0.1957 0.7015 -0.6853
vn 0.1987 0.6130 -0.7647
vn 0.5064 0.6118 -0.6077
vn 0.2664 0.6309 -0.7287
vn 0.7748 0.6321 0.0034
vn 0.6052 0.7640 -0.2236
vn -0.0692 0.7350 -0.6745
vn 0.3974 0.8187 -0.4146
vn -0.0387 0.7489 -0.6615
vn 0.2127 0.8136 -0.5411
vn 0.1175 0.7967 -0.5928
vn -0.7080 0.2115 -0.6738
vn -0.8530 -0.0941 -0.5134
vn 0.8719 0.4264 0.2409
vn 0.8761 0.2011 0.4383
vn -0.8678 -0.1546 -0.4722
vn 0.8678 0.1546 0.4722
vn 0.9246 0.1019 0.3671
vn 0.9207 0.0737 0.3832
vn -0.1588 -0.5545 -0.8169
vn -0.1514 -0.5206 -0.8403
vn -0.7600 0.4875 0.4299
vn -0.7670 0.4623 0.4450
vn -0.3573 0.9321 0.0591
vn -0.4392 0.8979 0.0301
vn -0.2656 0.9525 -0.1488
vn -0.5999 0.7998 -0.0213
vn -0.3924 0.8966 -0.2054
vn -0.6718 0.7389 -0.0517
vn -0.7812 0.3784 -0.4964
vn -0.5518 0.5841 -0.5953
vn -0.7555 0.3336 -0.5638
vn -0.3653 -0.1266 -0.9222
vn -0.4397 -0.0803 -0.8946
vn -0.3175 0.1931 -0.9284
vn 0.3023 -0.3172 -0.8989
vn 0.2191 -0.3109 -0.9248
vn 0.2361 -0.0020 -0.9717
vn 0.9141 -0.1788 -0.3638
vn 0.8572 -0.2291 -0.4612
vn 0.8447 -0.0434 -0.5335
vn 0.8486 0.4374 0.2975
vn 0.8276 0.5548 0.0857
vn 0.9040 0.3574 0.2347
vn 0.3760 0.8473 0.3751
vn 0.3832 0.9184 0.0987
vn 0.3012 0.8929 0.3348
vn 0.4947 0.8682 -0.0383
vn 0.5167 0.8507 0.0961
vn 0.5979 0.7982 0.0736
vn 0.4559 0.8896 -0.0287
vn 0.4919 0.8703 -0.0260
vn 0.1388 0.8959 -0.4220
vn 0.1279 0.9067 -0.4020
vn 0.1076 0.8952 -0.4325
vn 0.0633 0.7771 -0.6262
vn 0.0695 0.7687 -0.6359
vn 0.0196 0.7587 -0.6511
vn 0.0293 0.7488 -0.6622
vn 0.2449 0.7076 -0.6628
vn 0.2224 0.7384 -0.6367
vn 0.2654 0.7116 -0.6505
vn 0.2375 0.7428 -0.6260
vn -0.5724 -0.2012 0.7949
vn -0.5751 -0.1983 0.7937
vn -0.5345 -0.1876 0.8241
vn -0.5370 -0.1838 0.8233
vn 0.0752 -0.2001 0.9769
vn 0.0707 -0.2054 0.9761
vn -0.0285 -0.1727 0.9846
vn -0.0352 -0.1798 0.9831
vn 0.5803 -0.6069 0.5431
vn 0.5589 -0.5526 0.6183
vn 0.5790 -0.6110 0.5399
vn 0.5584 -0.5543 0.6172
vn 0.3953 -0.9169 0.0553
vn 0.4370 -0.8941 0.0979
vn 0.3971 -0.9159 0.0576
vn 0.4364 -0.8944 0.0982
vn -0.0600 -0.9838 -0.1689
vn -0.0000 -0.9875 -0.1574
vn -0.0563 -0.9841 -0.1683
vn 0.0023 -0.9876 -0.1570
vn -0.4966 -0.8599 -0.1186
vn -0.4974 -0.8592 -0.1197
vn -0.5508 -0.8297 -0.0908
vn -0.5526 -0.8284 -0.0916
vn -0.7979 -0.5641 0.2124
vn -0.7985 -0.5632 0.2126
vn -0.8090 -0.5240 0.2664
vn -0.8096 -0.5233 0.2660
vn -0.6800 -0.2546 0.6876
vn -0.7114 -0.2778 0.6456
vn -0.6818 -0.2533 0.6863
vn -0.7132 -0.2765 0.6441
vn 0.1542 0.9013 -0.4047
vn 0.1713 0.9118 -0.3733
vn 0.2448 0.9122 -0.3286
vn 0.1119 0.8011 -0.5879
vn 0.1074 0.8032 -0.5859
vn 0.0587 0.8137 -0.5784
vn 0.0734 0.8231 -0.5631
vn 0.1251 0.8399 -0.5281
vn 0.1284 0.8379 -0.5304
vn 0.1250 0.8320 -0.5405
vn 0.1273 0.8312 -0.5412
vn 0.1641 0.8041 -0.5714
vn 0.1645 0.8031 -0.5726
vn 0.2221 0.7590 -0.6120
vn 0.2102 0.7549 -0.6212
vn 0.9289 0.1166 0.3516
vn 0.9216 0.0787 0.3802
vn 0.8070 0.2656 0.5275
vn 0.7993 0.2278 0.5561
vn -0.8915 0.3967 0.2189
vn -0.7567 0.5063 0.4136
vn -0.9001 0.3588 0.2473
vn -0.7650 0.4683 0.4421
vn 0.3609 0.1671 -0.9175
vn 0.5165 0.1921 -0.8345
vn 0.1615 0.7905 -0.5908
vn 0.1658 0.7901 -0.5901
vn 0.1865 0.7984 -0.5725
vn 0.1911 0.7971 -0.5728
vn 0.1336 0.7773 -0.6148
vn 0.1375 0.7734 -0.6189
vn 0.2786 0.7853 -0.5529
vn 0.3141 0.7876 -0.5302
vn 0.1276 0.8522 -0.5073
vn 0.1257 0.8408 -0.5265
vn 0.1461 0.7858 -0.6010
vn 0.0489 0.7885 -0.6131
vn 0.0680 0.7940 -0.6041
vn 0.4796 0.8688 -0.1228
vn 0.4783 0.8709 -0.1127
vn 0.2422 0.9666 -0.0834
vn 0.2582 0.9495 -0.1785
vn 0.1877 0.9768 -0.1032
vn -0.1646 0.9353 -0.3133
vn -0.0112 0.9035 -0.4283
vn -0.2031 0.9158 -0.3464
vn -0.3153 0.7387 -0.5957
vn -0.1150 0.7903 -0.6018
vn -0.3183 0.7100 -0.6282
vn -0.1968 0.4859 -0.8516
vn -0.0343 0.6573 -0.7528
vn -0.1553 0.4613 -0.8736
vn 0.2249 0.3736 -0.8999
vn 0.1799 0.3770 -0.9086
vn 0.1766 0.6097 -0.7727
vn 0.7252 0.3122 -0.6138
vn 0.6561 0.3056 -0.6900
vn 0.4561 0.6031 -0.6544
vn 0.4627 0.8016 -0.3788
vn 0.8281 0.4276 -0.3626
vn 0.7774 0.3989 -0.4863
vn 0.6492 0.5949 -0.4740
vn 0.8473 0.4787 -0.2299
vn 0.6578 0.6467 -0.3860
vn -0.1012 0.8290 -0.5501
vn -0.0977 0.7982 -0.5944
vn 0.4161 0.7583 -0.5018
vn 0.4185 0.7281 -0.5430
vn -0.0600 0.8281 -0.5573
vn -0.0567 0.8028 -0.5935
vn 0.1832 0.8048 -0.5646
vn 0.2013 0.7971 -0.5693
vn 0.1469 0.8076 -0.5712
vn 0.1291 0.8142 -0.5660
vn -0.8103 0.5218 -0.2666
vn -0.9668 0.2482 -0.0605
vn -0.8097 0.4203 -0.4096
vn -0.9662 0.1350 -0.2198
vn 0.9781 0.1068 -0.1785
vn 0.9897 -0.1425 -0.0141
vn 0.9771 0.2105 -0.0318
vn 0.9888 -0.0304 0.1462
vn -0.9811 0.0757 -0.1783
vn -0.9819 0.1887 -0.0181
vn 0.9811 -0.0757 0.1783
vn 0.9819 -0.1887 0.0181
vn 0.7160 0.2923 0.6340
vn 0.7986 0.2227 0.5591
vn 0.2259 -0.5984 -0.7687
vn 0.0987 -0.5937 -0.7986
vn -0.9021 0.3520 0.2496
vn -0.9469 0.2871 0.1447
vn -0.3648 0.9052 0.2179
vn -0.4429 0.8821 0.1605
vn -0.2957 0.0012 -0.9553
vn -0.1739 -0.0350 -0.9841
vn 0.9131 0.3958 -0.0980
vn 0.8808 0.4728 -0.0234
vn 0.0670 0.9977 0.0045
vn -0.5721 0.6975 -0.4316
vn -0.4619 0.3346 -0.8214
vn 0.0291 0.0551 -0.9981
vn 0.6150 -0.0490 -0.7870
vn 0.9474 0.3107 -0.0771
vn 0.5478 0.8195 0.1685
vn 0.3430 0.9308 -0.1262
vn 0.5629 0.7615 -0.3215
vn 0.6960 0.6406 -0.3244
vn 0.4918 0.7951 -0.3548
vn 0.0053 0.8210 -0.5709
vn 0.1411 0.7023 -0.6977
vn 0.1474 0.7340 -0.6630
vn -0.3420 -0.1411 0.9291
vn -0.3427 -0.1439 0.9284
vn 0.3940 -0.3679 0.8423
vn 0.3935 -0.3609 0.8455
vn 0.5425 -0.8000 0.2564
vn 0.5405 -0.8012 0.2566
vn 0.1944 -0.9772 -0.0853
vn 0.1945 -0.9772 -0.0853
vn -0.3128 -0.9342 -0.1715
vn -0.3135 -0.9338 -0.1724
vn -0.7258 -0.6851 0.0620
vn -0.7272 -0.6836 0.0617
vn -0.7896 -0.3694 0.4899
vn -0.7901 -0.3705 0.4884
vn 0.5203 0.8191 0.2414
vn 0.0202 0.9597 -0.2802
vn 0.0228 0.9227 -0.3848
vn 0.1225 0.7902 -0.6005
vn 0.0543 0.8073 -0.5876
vn 0.1081 0.8289 -0.5489
vn 0.1537 0.8088 -0.5677
vn 0.1517 0.8007 -0.5796
vn 0.0878 -0.5856 -0.8058
vn -0.1567 -0.5471 -0.8223
vn 0.5620 0.8237 0.0749
vn 0.6305 0.3993 0.6656
vn -0.5667 0.6201 -0.5425
vn -0.9719 0.1134 -0.2062
vn 0.1530 0.7991 -0.5813
vn 0.1724 0.7887 -0.5901
vn 0.1909 0.7509 -0.6323
vn 0.1839 0.7711 -0.6095
vn 0.1343 0.8350 -0.5336
vn 0.2205 0.7879 -0.5749
vn 0.2069 0.7801 -0.5905
vn 0.2037 0.7764 -0.5965
vn 0.1922 0.7849 -0.5891
vn 0.3310 0.9335 -0.1377
vn 0.0803 0.9366 -0.3411
vn -0.0779 0.8350 -0.5447
vn -0.0993 0.7021 -0.7051
vn 0.0958 0.6145 -0.7830
vn 0.3094 0.6104 -0.7291
vn 0.5952 0.7149 -0.3669
vn 0.5948 0.4158 -0.6880
vn 0.6968 0.3904 -0.6017
vn 0.1039 0.9879 -0.1151
vn 0.2041 0.6598 -0.7232
vn 0.1962 0.5592 -0.8055
vn 0.1343 0.9309 -0.3396
vn 0.1838 0.6408 -0.7454
vn 0.1594 0.8373 -0.5229
vn 0.1704 0.7732 -0.6108
vn 0.1631 -0.2210 -0.9615
vn 0.1119 -0.5319 -0.8394
vn -0.0224 0.8589 0.5117
vn -0.0891 0.6391 0.7639
vn 0.1008 -0.5867 -0.8035
vn -0.1008 0.5867 0.8035
vn 0.9052 -0.3359 -0.2603
vn 0.8981 -0.3650 -0.2452
vn -0.7967 -0.2001 -0.5703
vn -0.8002 -0.2356 -0.5516
vn -0.1018 0.5816 0.8071
vn -0.0986 0.6041 0.7908
vn -0.9775 0.0949 -0.1884
vn -0.7730 0.5182 -0.3661
vn 0.5849 -0.5191 -0.6232
vn 0.6302 -0.0266 -0.7759
vn 0.4022 0.8404 0.3634
vn 0.4050 0.4891 0.7725
vn -0.1203 0.9515 -0.2832
vn 0.6817 0.7269 -0.0829
vn 0.0901 0.8829 -0.4609
vn 0.0779 0.7613 -0.6437
vn 0.0413 0.7392 -0.6722
vn 0.2929 0.7195 -0.6297
vn 0.2589 0.7501 -0.6086
vn -0.2601 0.9382 0.2281
vn 0.4498 0.7938 0.4093
vn 0.4488 0.7192 0.5304
vn 0.9569 0.1652 0.2390
vn 0.9458 0.2739 0.1744
vn 0.7923 -0.2585 -0.5527
vn 0.7848 -0.3527 -0.5096
vn 0.1399 -0.2910 -0.9464
vn 0.1166 -0.4324 -0.8941
vn -0.5691 -0.1930 -0.7993
vn -0.5078 -0.0274 -0.8611
vn -0.8038 0.4174 -0.4239
vn -0.9046 0.2719 -0.3283
vn 0.1755 0.9186 -0.3542
vn 0.1695 0.8557 -0.4889
vn 0.1014 0.8041 -0.5857
vn 0.0916 0.8242 -0.5589
vn 0.1330 0.8304 -0.5410
vn 0.1649 0.8025 -0.5734
vn 0.2389 0.7655 -0.5975
vn 0.9880 -0.0378 0.1499
vn -0.5697 0.5841 0.5782
vn -0.5779 0.5459 0.6067
vn 0.2331 0.1629 -0.9587
vn 0.1591 0.7902 -0.5918
vn 0.1946 0.7949 -0.5747
vn 0.1428 0.7709 -0.6207
vn 0.1427 0.8901 -0.4328
vn 0.2551 0.9386 -0.2322
vn -0.0020 0.8047 -0.5936
vn 0.1732 0.7011 -0.6917
vn 0.5021 0.7659 -0.4016
vn -0.0276 0.8909 -0.4534
vn 0.0297 0.7919 -0.6099
vn 0.8298 0.5485 -0.1026
vn 0.6435 0.7049 -0.2984
vn -0.0867 0.7672 -0.6355
vn 0.4110 0.7890 -0.4567
vn -0.0514 0.7764 -0.6282
vn 0.1990 0.8089 -0.5533
vn 0.1312 0.8027 -0.5818
vn -0.7755 0.3166 -0.5462
vn -0.9277 0.0197 -0.3729
vn 0.9416 0.3184 0.1094
vn 0.9505 0.0859 0.2986
vn -0.9425 -0.0402 -0.3316
vn 0.9426 0.0402 0.3316
vn 0.8707 0.1773 0.4588
vn 0.8668 0.1497 0.4757
vn -0.0225 -0.5450 -0.8381
vn -0.0303 -0.5791 -0.8147
vn -0.8345 0.4370 0.3355
vn -0.8417 0.4108 0.3504
vn -0.5755 0.8173 0.0289
vn 0.0719 -0.0890 -0.9934
vn 0.7856 0.6078 0.1157
vn -0.3301 0.9274 -0.1760
vn -0.5628 0.6217 -0.5447
vn -0.3735 0.2351 -0.8973
vn 0.1673 0.0162 -0.9858
vn 0.7765 -0.0619 -0.6271
vn 0.8793 0.4740 0.0462
vn 0.4382 0.8898 0.1275
vn 0.4462 0.8868 -0.1204
vn 0.4438 0.8947 -0.0497
vn 0.1546 0.9076 -0.3903
vn 0.0576 0.7827 -0.6197
vn 0.2099 0.7355 -0.6442
vn -0.3505 0.9157 0.1966
vn 0.3622 0.7747 0.5184
vn 0.9186 0.2557 0.3013
vn 0.8500 -0.3209 -0.4178
vn 0.1996 -0.4476 -0.8717
vn -0.4946 -0.2407 -0.8351
vn -0.8853 0.2267 -0.4060
vn -0.6995 0.7098 0.0829
vn -0.5203 0.8540 0.0041
vn -0.6180 0.7778 0.1143
vn 0.1170 0.7973 -0.5922
vn 0.0564 0.8158 -0.5756
vn 0.1239 0.8339 -0.5378
vn 0.1630 0.8041 -0.5718
vn 0.1637 0.8048 -0.5705
vn 0.2004 0.7525 -0.6274
vn 0.6225 0.3613 0.6942
vn -0.9649 0.2626 0.0075
vn -0.9737 0.2249 0.0357
vn 0.6472 0.2435 -0.7224
vn 0.0016 0.9891 0.1472
vn 0.1811 0.7997 -0.5725
vn 0.1240 0.7757 -0.6188
vn 0.2443 0.7840 -0.5706
vn 0.1534 0.8231 -0.5467
vn 0.2950 0.9428 -0.1552
vn 0.2888 0.9351 -0.2053
vn 0.0168 0.9161 -0.4007
vn -0.1031 0.8064 -0.5824
vn 0.0011 0.8133 -0.5818
vn -0.0588 0.6705 -0.7396
vn 0.1514 0.6082 -0.7792
vn 0.1580 0.7010 -0.6954
vn 0.3984 0.6030 -0.6911
vn -0.0462 0.9904 -0.1304
vn -0.0680 0.9664 -0.2479
vn 0.6196 0.5535 -0.5566
vn -0.1016 0.8600 -0.5001
vn 0.4091 0.7008 -0.5844
vn -0.0555 0.8523 -0.5201
vn 0.2172 0.7889 -0.5749
vn 0.1135 0.8211 -0.5594
vn -0.7773 0.6179 -0.1182
vn -0.9299 0.3539 0.1000
vn 0.9433 0.0083 -0.3318
vn 0.9530 -0.2470 -0.1754
vn -0.9450 0.2944 0.1428
vn 0.9449 -0.2944 -0.1428
vn 0.6215 0.3566 0.6975
vn 0.3488 -0.5930 -0.7257
vn -0.9753 0.2174 0.0380
vn -0.5134 0.8526 0.0974
vn -0.0516 -0.0672 -0.9964
vn 0.8383 0.5431 0.0486
vn 0.3765 0.9116 -0.1652
vn 0.1398 0.9898 0.0280
vn -0.5716 0.6582 -0.4899
vn -0.4221 0.2828 -0.8613
vn 0.0979 0.0347 -0.9946
vn 0.6962 -0.0610 -0.7153
vn 0.9187 0.3950 -0.0084
vn 0.4938 0.8562 0.1519
vn 0.3931 0.9162 -0.0774
vn 0.4725 0.7116 -0.5200
vn 0.1795 0.7316 -0.6577
vn 0.1872 0.7319 -0.6552
vn -0.6102 -0.2171 0.7619
vn -0.6463 -0.2351 0.7260
vn -0.6131 -0.2147 0.7602
vn -0.6483 -0.2326 0.7250
vn -0.2555 -0.1452 0.9558
vn -0.2513 -0.1440 0.9571
vn -0.1474 -0.1589 0.9762
vn -0.1373 -0.1538 0.9785
vn 0.5202 -0.4952 0.6959
vn 0.4632 -0.4314 0.7742
vn 0.5185 -0.4899 0.7008
vn 0.4651 -0.4261 0.7760
vn 0.4760 -0.8672 0.1462
vn 0.5116 -0.8359 0.1986
vn 0.4750 -0.8678 0.1461
vn 0.5099 -0.8370 0.1987
vn 0.1318 -0.9847 -0.1142
vn 0.1318 -0.9847 -0.1141
vn 0.0661 -0.9881 -0.1386
vn 0.0657 -0.9881 -0.1388
vn -0.3772 -0.9123 -0.1597
vn -0.3780 -0.9118 -0.1605
vn -0.4387 -0.8873 -0.1421
vn -0.4398 -0.8867 -0.1425
vn -0.7560 -0.6453 0.1095
vn -0.7571 -0.6441 0.1091
vn -0.7802 -0.6047 0.1601
vn -0.7811 -0.6036 0.1601
vn -0.7414 -0.3046 0.5979
vn -0.7679 -0.3357 0.5456
vn -0.7427 -0.3039 0.5967
vn -0.7686 -0.3352 0.5448
vn 0.2594 0.9234 -0.2830
vn 0.2629 0.9163 -0.3020
vn 0.1146 0.7909 -0.6011
vn 0.1109 0.7912 -0.6014
vn 0.0533 0.8114 -0.5821
vn 0.0513 0.8134 -0.5795
vn 0.1207 0.8336 -0.5390
vn 0.1183 0.8334 -0.5398
vn 0.1621 0.8064 -0.5688
vn 0.1608 0.8073 -0.5679
vn 0.1514 0.7986 -0.5826
vn 0.1505 0.7965 -0.5856
vn 0.1566 0.5471 0.8223
vn -0.7993 -0.2277 -0.5561
vn -0.9216 -0.0787 -0.3802
vn 0.7970 0.4104 -0.4431
vn 0.8060 0.5142 -0.2931
vn -0.4236 0.8999 -0.1040
vn -0.2925 0.9562 0.0142
vn 0.1713 0.8001 -0.5748
vn 0.1641 0.7995 -0.5778
vn 0.3480 0.7917 -0.5021
vn 0.1284 0.8499 -0.5111
vn 0.1309 0.8463 -0.5163
vn 0.1964 0.7730 -0.6033
vn 0.1899 0.7716 -0.6072
vn 0.1878 0.7830 -0.5929
vn 0.0476 0.9270 -0.3720
vn -0.2988 0.7958 -0.5267
vn -0.0898 0.8212 -0.5635
vn -0.3087 0.7671 -0.5624
vn -0.2652 0.5447 -0.7956
vn -0.0809 0.6855 -0.7236
vn -0.2338 0.5139 -0.8254
vn 0.1337 0.3822 -0.9143
vn 0.0865 0.3897 -0.9169
vn 0.1247 0.6111 -0.7817
vn 0.5749 0.3171 -0.7542
vn 0.4976 0.3367 -0.7994
vn 0.3474 0.6069 -0.7149
vn 0.4261 0.5063 -0.7497
vn 0.5042 0.5072 -0.6990
vn -0.0588 0.9297 -0.3637
vn -0.0946 0.9225 -0.3743
vn -0.0748 0.9515 -0.2984
vn 0.3144 0.6513 -0.6907
vn 0.3525 0.6637 -0.6597
vn -0.0186 0.8941 -0.4475
vn 0.0100 0.9104 -0.4137
vn 0.2067 0.7795 -0.5913
vn 0.1988 0.7766 -0.5978
vn 0.1232 0.8307 -0.5430
vn 0.1307 0.8339 -0.5362
vn -0.6193 0.7686 0.1605
vn -0.4996 0.8188 0.2828
vn -0.7507 0.5259 0.3997
vn -0.6151 0.5862 0.5272
vn 0.6483 -0.1891 -0.7376
vn 0.6380 -0.4794 -0.6026
vn 0.7749 -0.1436 -0.6155
vn 0.7737 -0.4191 -0.4752
vn -0.6288 0.5298 0.5690
vn -0.7650 0.4684 0.4421
vn 0.6288 -0.5299 -0.5691
vn 0.2806 0.5084 0.8141
vn 0.4023 0.4656 0.7883
vn 0.6743 -0.5178 -0.5265
vn 0.5748 -0.5524 -0.6037
vn -0.9602 -0.0096 -0.2790
vn -0.9821 0.0679 -0.1758
vn 0.0010 0.9298 0.3680
vn -0.0999 0.9312 0.3505
vn -0.5761 0.1865 -0.7958
vn -0.6385 0.2709 -0.7203
vn 0.8847 0.1431 -0.4437
vn 0.9154 0.1945 -0.3526
vn 0.5040 0.8088 -0.3031
vn 0.7938 0.5702 -0.2116
vn 0.4136 0.9001 -0.1366
vn 0.1715 0.7319 -0.6595
vn -0.5311 0.8356 0.1406
vn -0.4435 0.8806 0.1667
vn 0.2666 0.8294 0.4910
vn 0.1801 0.8834 0.4325
vn 0.8014 0.4269 0.4189
vn 0.8669 0.3457 0.3593
vn 0.9527 -0.2018 -0.2271
vn 0.9080 -0.2665 -0.3232
vn 0.2913 -0.4479 -0.8453
vn 0.3834 -0.4427 -0.8106
vn -0.3271 -0.3206 -0.8890
vn -0.4133 -0.2843 -0.8651
vn -0.8587 0.1770 -0.4810
vn -0.8260 0.1216 -0.5504
vn -0.7683 0.6383 0.0485
vn -0.8243 0.5661 0.0066
vn 0.5056 0.8109 0.2946
vn 0.1142 0.7906 -0.6015
vn 0.0533 0.8101 -0.5839
vn 0.1137 0.8340 -0.5399
vn 0.1602 0.8068 -0.5687
vn 0.1590 0.8077 -0.5677
vn 0.1523 0.7996 -0.5809
vn -0.6225 -0.3613 -0.6942
vn 0.7681 0.6224 -0.1506
vn -0.5159 0.8212 -0.2438
vn 0.1590 0.7983 -0.5808
vn 0.1537 0.8148 -0.5590
vn 0.5932 0.7419 -0.3125
vn 0.3472 0.5173 -0.7822
vn -0.0358 0.9738 -0.2248
vn 0.2741 0.6425 -0.7156
vn 0.0453 0.9225 -0.3833
vn 0.1902 0.7741 -0.6038
vn 0.1394 0.8361 -0.5306
vn -0.3556 0.8514 0.3855
vn -0.4555 0.6261 0.6329
vn 0.5005 -0.2189 -0.8376
vn 0.4783 -0.5191 -0.7083
vn -0.4685 0.5710 0.6741
vn 0.4685 -0.5710 -0.6741
vn 0.1550 0.5421 0.8259
vn 0.7626 -0.4744 -0.4397
vn -0.9222 -0.0868 -0.3768
vn -0.1946 0.9277 0.3185
vn -0.5006 0.1086 -0.8589
vn 0.9313 0.2520 -0.2629
vn 0.1977 0.7333 -0.6506
vn 0.1198 0.7925 -0.5979
vn 0.0523 0.8152 -0.5769
vn 0.1225 0.8337 -0.5384
vn 0.1632 0.8052 -0.5702
vn 0.1513 0.7950 -0.5874
vn 0.4033 0.4702 0.7850
vn 0.7433 0.3177 -0.5887
vn -0.1313 0.9861 0.1015
vn 0.1768 0.7999 -0.5735
vn 0.5699 0.5230 -0.6339
vn -0.1008 0.8914 -0.4418
vn 0.3851 0.6796 -0.6244
vn -0.0407 0.8745 -0.4834
vn 0.2125 0.7839 -0.5834
vn 0.1176 0.8262 -0.5510
vn -0.7124 0.7014 0.0241
vn -0.8570 0.4475 0.2556
vn 0.8749 -0.0766 -0.4781
vn 0.8800 -0.3406 -0.3310
vn -0.8717 0.3889 0.2982
vn 0.8717 -0.3889 -0.2982
vn 0.5164 0.4147 0.7493
vn 0.4658 -0.5776 -0.6704
vn -0.9871 0.1440 -0.0695
vn -0.2814 0.9205 0.2711
vn -0.4085 0.0451 -0.9116
vn 0.9311 0.3189 -0.1773
vn 0.1603 0.7327 -0.6615
vn 0.1178 0.7904 -0.6011
vn 0.0538 0.8086 -0.5859
vn 0.1101 0.8324 -0.5432
vn 0.1582 0.8079 -0.5676
vn 0.1567 0.8088 -0.5669
vn 0.1517 0.8001 -0.5804
vn -0.4033 -0.4702 -0.7850
vn 0.6846 0.7285 -0.0256
vn -0.5654 0.7253 -0.3928
vn 0.1561 0.7992 -0.5804
vn 0.2694 0.5367 -0.7996
vn 0.0243 0.9864 -0.1623
vn 0.2303 0.6390 -0.7339
vn 0.0870 0.9297 -0.3580
vn 0.1808 0.7729 -0.6082
vn 0.1493 0.8369 -0.5265
vn -0.1951 0.8643 0.4636
vn -0.2779 0.6438 0.7129
vn 0.3362 -0.2289 -0.9135
vn 0.3007 -0.5369 -0.7882
vn -0.2902 0.5902 0.7533
vn 0.2902 -0.5902 -0.7533
vn 0.0271 0.5666 0.8235
vn 0.0314 0.5894 0.8072
vn 0.8457 -0.3928 -0.3613
vn 0.8377 -0.4232 -0.3453
vn -0.8648 -0.1278 -0.4856
vn -0.8685 -0.1627 -0.4683
vn 0.1029 0.9201 0.3779
vn -0.6878 0.3508 -0.6355
vn 0.8405 0.0949 -0.5334
vn 0.7830 0.2691 0.5608
vn 0.9167 0.3495 0.1937
vn 0.8771 0.2005 0.4365
vn 0.7741 0.5689 0.2777
vn 0.8222 0.5632 0.0820
vn 0.9827 0.1717 0.0694
vn 0.9926 0.0999 0.0690
vn 0.9648 0.2541 0.0681
vn 0.4183 0.0910 0.9037
vn 0.3728 0.1533 0.9152
vn 0.2554 0.1365 0.9572
vn 0.1858 0.2012 0.9618
vn 0.3998 0.3403 0.8511
vn 0.3162 0.2367 0.9187
vn 0.4670 0.2571 0.8460
vn 0.3308 0.3929 0.8580
vn 0.2429 0.4458 0.8615
vn 0.2216 0.2913 0.9306
vn 0.9071 0.4180 0.0495
vn 0.9020 0.4291 0.0475
vn 0.8301 0.5555 0.0493
vn 0.8897 0.4525 0.0604
vn 0.9300 0.3622 0.0616
vn 0.8985 0.4367 0.0454
vn 0.9075 0.4171 0.0494
vn 0.8172 0.5750 0.0390
vn 0.9096 0.4099 0.0679
vn 0.9941 -0.0916 0.0588
vn 0.9871 -0.1508 0.0538
vn 0.9825 -0.1794 0.0506
vn 0.9974 0.0237 0.0679
vn 0.9978 -0.0110 0.0650
vn 0.9491 0.3055 0.0770
vn 0.0842 0.2318 0.9691
vn 0.0526 0.1525 0.9869
vn 0.1264 0.2171 0.9679
vn 0.0901 0.1159 0.9892
vn -0.5300 -0.2936 0.7956
vn -0.4196 -0.2504 0.8725
vn -0.5590 -0.1870 0.8078
vn -0.3292 -0.5515 0.7664
vn -0.2139 -0.6230 0.7524
vn -0.2335 -0.4893 0.8403
vn -0.4853 -0.3765 0.7892
vn -0.3940 -0.4901 0.7775
vn -0.3549 -0.3854 0.8517
vn 0.5487 -0.8360 0.0024
vn 0.6211 -0.7834 0.0232
vn 0.7349 -0.6774 0.0318
vn -0.8951 -0.4443 -0.0368
vn -0.9200 -0.3890 0.0469
vn -0.8935 -0.4423 -0.0783
vn 0.7579 -0.6366 0.1425
vn 0.7236 -0.6879 0.0566
vn 0.7151 -0.6990 -0.0026
vn 0.7270 -0.6025 0.3294
vn 0.7077 -0.5430 0.4520
vn 0.7019 -0.5465 0.4568
vn 0.3556 -0.6139 0.7048
vn 0.5027 -0.7463 0.4362
vn 0.3546 -0.8042 0.4771
vn 0.6787 -0.7329 -0.0477
vn 0.6092 -0.7888 -0.0814
vn 0.6545 -0.7561 0.0009
vn 0.7330 -0.5996 0.3212
vn 0.7405 -0.5999 0.3030
vn 0.7310 -0.6555 0.1897
vn -0.9538 -0.2978 0.0392
vn -0.9194 -0.3931 0.0156
vn -0.9293 -0.3694 -0.0031
vn -0.9448 -0.2782 0.1730
vn -0.9475 -0.2543 0.1940
vn -0.9768 -0.1635 0.1385
vn -0.8034 -0.5928 0.0565
vn -0.8578 -0.5110 0.0545
vn -0.8535 -0.5137 0.0876
vn -0.7890 -0.5985 0.1390
vn -0.2785 0.0636 0.9583
vn -0.4178 0.1120 0.9016
vn -0.4269 0.0555 0.9026
vn -0.1664 0.2316 0.9585
vn -0.2464 0.2292 0.9417
vn -0.1991 0.1078 0.9740
vn -0.4036 0.1498 0.9026
vn -0.2665 0.1106 0.9575
vn -0.3809 0.2052 0.9016
vn -0.2997 0.2179 0.9288
vn -0.9442 0.3220 0.0696
vn -0.8636 0.5011 0.0549
vn -0.8929 0.4309 0.1303
vn -0.8443 0.5194 0.1318
vn -0.9280 0.3468 0.1364
vn -0.7369 0.6745 0.0459
vn -0.6824 0.7230 0.1078
vn -0.7868 0.6062 0.1163
vn -0.9650 0.2293 0.1268
vn -0.9901 0.1177 0.0765
vn -0.9908 0.0710 0.1150
vn -0.5703 0.8168 0.0870
vn -0.4948 0.8682 0.0363
vn -0.3709 0.9263 0.0656
vn -0.0676 -0.0505 0.9964
vn -0.0716 -0.0216 0.9972
vn -0.1140 -0.0211 0.9933
vn -0.1199 -0.0462 0.9917
vn -0.9464 -0.0390 0.3207
vn -0.9450 -0.1179 0.3049
vn -0.9478 -0.1247 0.2934
vn -0.9367 -0.1857 0.2970
vn -0.9369 -0.1891 0.2940
vn -0.9492 -0.1549 0.2738
vn -0.8716 -0.4901 0.0041
vn -0.8340 -0.5509 -0.0315
vn -0.7023 0.7102 0.0486
vn -0.6707 -0.7405 -0.0419
vn -0.5420 0.8341 -0.1030
vn 0.1864 0.7136 -0.6753
vn -0.8404 0.4251 -0.3361
vn 0.2151 0.7984 -0.5624
vn -0.8908 0.3488 -0.2911
vn -0.8627 0.4842 -0.1458
vn 0.2374 0.9253 -0.2957
vn 0.2284 0.8166 -0.5300
vn 0.2266 0.7965 -0.5606
vn 0.1044 -0.5109 0.8533
vn 0.1046 -0.5110 0.8532
vn 0.1046 -0.5109 0.8533
vn 0.1047 -0.5112 0.8531
vn 0.1489 -0.0147 0.9887
vn 0.1492 -0.0149 0.9887
vn 0.1492 -0.0151 0.9887
vn 0.1487 -0.0147 0.9888
vn 0.1486 -0.0147 0.9888
vn 0.1487 -0.0144 0.9888
vn 0.1488 -0.0146 0.9888
vn 0.9409 -0.2937 0.1686
vn 0.9522 -0.2670 0.1487
vn 0.9104 -0.3835 0.1556
vn 0.9267 -0.3248 0.1890
vn 0.9583 -0.2237 0.1778
vn 0.8225 -0.5439 0.1662
vn 0.8669 -0.4743 0.1531
vn 0.7895 -0.5967 0.1433
vn 0.9341 0.3566 0.0149
vn 0.9268 0.3672 0.0787
vn 0.9061 0.4221 0.0295
vn 0.8210 0.5500 0.1530
vn 0.9167 0.3652 0.1622
vn 0.6614 -0.7450 0.0873
vn 0.5447 -0.8368 0.0558
vn 0.7266 -0.6721 0.1427
vn 0.4796 -0.8733 0.0856
vn 0.4776 -0.6718 0.5663
vn 0.3686 -0.4805 0.7958
vn 0.5472 -0.5484 0.6323
vn 0.5577 -0.7917 0.2496
vn 0.5522 -0.8239 0.1277
vn 0.4458 -0.8793 0.1677
vn 0.3607 -0.2822 0.8889
vn 0.4761 -0.2755 0.8351
vn 0.3773 -0.2937 0.8783
vn 0.3319 -0.2930 0.8967
vn 0.4059 -0.2957 0.8648
vn 0.3486 -0.3238 0.8796
vn 0.3435 -0.3365 0.8768
vn 0.3414 -0.3144 0.8858
vn 0.4097 -0.3339 0.8489
vn 0.3692 -0.3539 0.8593
vn 0.3182 -0.2968 0.9003
vn 0.3020 -0.2957 0.9063
vn 0.2988 -0.3012 0.9055
vn 0.3286 -0.3204 0.8885
vn 0.3596 -0.3358 0.8706
vn 0.3223 -0.3285 0.8878
vn 0.6574 -0.2667 0.7048
vn 0.5711 -0.3099 0.7601
vn 0.5130 -0.3028 0.8032
vn 0.4528 -0.3349 0.8264
vn 0.5636 -0.3569 0.7450
vn 0.5225 -0.3938 0.7563
vn 0.3362 -0.3298 0.8821
vn 0.3810 -0.3440 0.8582
vn 0.3456 -0.3441 0.8730
vn 0.2933 -0.3114 0.9039
vn 0.2818 -0.3112 0.9076
vn 0.2954 -0.3222 0.8994
vn 0.7613 -0.2571 0.5952
vn 0.7484 -0.3050 0.5889
vn 0.7179 -0.3057 0.6254
vn 0.6717 -0.3399 0.6583
vn 0.6495 -0.4114 0.6395
vn 0.7336 -0.3689 0.5707
vn -0.9487 -0.1842 0.2568
vn -0.9695 -0.0820 0.2308
vn -0.9743 -0.1255 0.1869
vn -0.9522 -0.1911 0.2383
vn -0.9331 -0.2385 0.2691
vn -0.9424 -0.2430 0.2299
vn -0.9609 -0.2122 0.1779
vn -0.9684 -0.1794 0.1733
vn -0.9214 -0.3352 0.1965
vn -0.9363 -0.2681 0.2269
vn -0.9095 -0.4089 0.0746
vn -0.9293 -0.3565 0.0971
vn -0.8867 -0.4531 0.0919
vn -0.8832 -0.4636 0.0709
vn -0.9424 -0.3231 0.0863
vn -0.8497 -0.5265 0.0298
vn -0.8247 -0.5654 0.0155
vn -0.8592 -0.5116 0.0041
vn -0.8424 -0.5387 -0.0082
vn -0.8742 -0.4856 0.0020
vn -0.9869 -0.1079 0.1201
vn -0.9868 -0.0411 0.1564
vn -0.9799 -0.1166 0.1618
vn -0.9913 -0.0954 0.0906
vn -0.9939 -0.0309 0.1055
vn -0.9126 -0.3848 0.1384
vn -0.9112 -0.4087 0.0523
vn -0.9111 -0.3806 0.1581
vn -0.9253 -0.3560 0.1309
vn -0.9406 -0.3031 0.1530
vn 0.4257 0.3418 0.8378
vn 0.5015 0.6799 0.5351
vn 0.6444 0.4875 0.5892
vn 0.6255 0.7244 0.2900
vn 0.9808 0.0235 0.1936
vn 0.9571 0.0401 0.2868
vn 0.9812 -0.0825 0.1742
vn 0.9617 -0.0669 0.2657
vn 0.9368 0.3184 0.1451
vn 0.9252 0.3260 0.1943
vn 0.9813 0.1510 0.1190
vn 0.9732 0.1615 0.1635
vn 0.6862 0.7200 0.1036
vn 0.6920 0.7080 0.1411
vn 0.8506 0.5164 0.0992
vn 0.8517 0.5079 0.1288
vn 0.7114 0.7009 0.0510
vn 0.4981 0.8659 0.0456
vn 0.7189 0.6939 0.0409
vn 0.5091 0.8594 0.0471
vn 0.9866 0.1478 0.0691
vn 0.9875 0.1398 0.0732
vn 0.9979 -0.0219 0.0609
vn 0.9979 -0.0257 0.0598
vn 0.9755 -0.1938 0.1040
vn 0.9696 -0.1849 0.1605
vn 0.9690 -0.2261 0.0999
vn 0.9626 -0.2211 0.1568
vn 0.2349 0.8222 -0.5184
vn 0.1513 0.7707 -0.6189
vn 0.2834 0.8214 -0.4949
vn 0.1809 0.7549 -0.6304
vn 0.5427 0.6373 0.5471
vn 0.4717 0.6785 0.5631
vn 0.2961 -0.0459 0.9541
vn 0.2614 0.1054 0.9595
vn 0.9111 -0.2125 0.3531
vn 0.9186 -0.1651 0.3591
vn 0.8529 -0.1956 0.4840
vn 0.8576 -0.1493 0.4922
vn 0.7851 -0.1230 0.6070
vn 0.6800 -0.0979 0.7266
vn 0.7826 -0.1644 0.6004
vn 0.6763 -0.1349 0.7242
vn 0.2432 0.7196 -0.6503
vn 0.2090 0.7386 -0.6409
vn 0.2340 0.7085 -0.6658
vn 0.1990 0.7293 -0.6547
vn 0.0052 -0.5088 -0.8609
vn 0.0053 -0.5087 -0.8609
vn 0.0617 -0.3304 -0.9418
vn 0.2893 0.8528 0.4347
vn 0.2670 0.8080 0.5251
vn 0.4493 0.7825 0.4311
vn 0.4210 0.7404 0.5239
vn 0.4261 0.9034 0.0472
vn 0.3952 0.9177 0.0407
vn 0.2795 0.9595 0.0360
vn 0.2558 0.9663 0.0297
vn 0.1337 0.3141 0.9399
vn 0.2339 -0.1858 0.9543
vn 0.2120 -0.0323 0.9767
vn 0.2514 0.9532 0.1681
vn 0.2448 0.9590 0.1430
vn 0.1846 0.9766 0.1102
vn 0.1925 0.9779 0.0818
vn 0.3148 -0.9430 -0.1079
vn 0.2407 -0.9628 -0.1228
vn 0.3331 -0.9374 -0.1014
vn 0.2603 -0.9581 -0.1200
vn -0.7080 -0.7025 -0.0715
vn -0.6573 -0.7467 -0.1021
vn -0.6780 -0.7335 -0.0474
vn -0.6304 -0.7727 -0.0744
vn 0.6879 -0.7156 0.1210
vn 0.6356 -0.7712 0.0347
vn 0.6809 -0.7172 0.1482
vn 0.6309 -0.7725 0.0715
vn -0.3503 -0.9225 -0.1619
vn -0.2886 -0.9436 -0.1622
vn -0.3405 -0.9285 -0.1478
vn -0.2793 -0.9487 -0.1480
vn -0.9855 0.0291 -0.1670
vn -0.9504 0.3023 -0.0733
vn -0.9962 0.0152 -0.0858
vn -0.9578 0.2875 -0.0021
vn 0.4740 0.0088 0.8805
vn 0.4127 -0.2057 0.8874
vn 0.3282 0.0322 0.9440
vn 0.2743 -0.1718 0.9462
vn 0.9424 0.0895 -0.3223
vn 0.8593 0.1287 -0.4951
vn 0.8744 -0.1587 -0.4586
vn 0.7663 -0.1308 -0.6290
vn -0.2524 -0.0008 -0.9676
vn -0.2567 0.3275 -0.9093
vn -0.3642 0.0002 -0.9313
vn -0.3819 0.3308 -0.8630
vn 0.7005 -0.4590 0.5465
vn 0.5985 -0.4467 0.6650
vn 0.6336 -0.5716 0.5214
vn 0.5428 -0.5590 0.6268
vn 0.5329 -0.6828 0.4998
vn 0.4588 -0.6658 0.5884
vn 0.7582 -0.6520 0.0095
vn 0.7548 -0.6549 0.0374
vn 0.6227 -0.7825 -0.0030
vn 0.6197 -0.7843 0.0302
vn 0.3531 -0.7422 0.5696
vn 0.2834 -0.7092 0.6456
vn 0.3770 -0.6415 0.6681
vn 0.4435 -0.8961 -0.0164
vn 0.4417 -0.8969 0.0223
vn 0.2033 -0.9787 -0.0282
vn 0.1994 -0.9798 0.0154
vn 0.0629 -0.8144 0.5769
vn 0.2202 -0.7925 0.5688
vn 0.0351 -0.7477 0.6631
vn 0.1646 -0.7422 0.6497
vn -0.3111 -0.9500 -0.0254
vn -0.3203 -0.9470 0.0237
vn -0.5389 -0.8423 -0.0119
vn -0.5469 -0.8363 0.0376
vn -0.2651 -0.7593 0.5943
vn -0.2402 -0.6959 0.6768
vn -0.4121 -0.6827 0.6034
vn -0.3631 -0.6255 0.6906
vn -0.7234 -0.6904 0.0071
vn -0.7297 -0.6815 0.0561
vn -0.8584 -0.5121 0.0292
vn -0.8614 -0.5020 0.0776
vn -0.5492 -0.5696 0.6115
vn -0.4789 -0.5324 0.6980
vn -0.6487 -0.4369 0.6231
vn -0.5807 -0.4123 0.7020
vn -0.9361 -0.3481 0.0498
vn -0.9362 -0.3376 0.0980
vn -0.7085 -0.3080 0.6349
vn -0.6321 -0.2983 0.7151
vn 0.9303 -0.3658 0.0279
vn 0.9333 -0.3582 0.0237
vn 0.8954 -0.4447 0.0228
vn 0.8984 -0.4389 0.0158
vn 0.8843 -0.4446 0.1427
vn 0.9266 -0.3456 0.1481
vn 0.8631 -0.4541 0.2211
vn 0.9088 -0.3478 0.2306
vn 0.1227 -0.2326 0.9648
vn 0.1263 -0.2329 0.9643
vn 0.3151 -0.2650 0.9113
vn 0.3451 -0.3572 0.8679
vn -0.9790 -0.0818 0.1870
vn -0.9663 -0.1920 0.1717
vn -0.9645 -0.0714 0.2542
vn -0.9540 -0.1826 0.2378
vn -0.9913 -0.1319 -0.0008
vn -0.9701 -0.2423 -0.0113
vn -0.9923 -0.1172 0.0387
vn -0.9732 -0.2285 0.0245
vn -0.5175 -0.3541 0.7790
vn -0.5682 -0.7109 0.4145
vn -0.4209 -0.3493 0.8371
vn -0.4825 -0.7812 0.3962
vn -0.8059 -0.3635 0.4674
vn -0.7598 -0.4262 0.4909
vn -0.8779 -0.3586 0.3174
vn -0.8416 -0.4037 0.3589
vn 0.6324 -0.5510 0.5444
vn 0.7098 -0.5788 0.4016
vn 0.6094 -0.4947 0.6196
vn 0.6939 -0.5372 0.4796
vn -0.3565 -0.9336 0.0367
vn -0.3624 -0.9140 0.1822
vn -0.2369 -0.9704 0.0467
vn -0.2605 -0.9409 0.2163
vn -0.5791 -0.8111 -0.0819
vn -0.5420 -0.8377 -0.0669
vn -0.4239 -0.9005 -0.0972
vn -0.3973 -0.9142 -0.0798
vn 0.1281 -0.9751 -0.1809
vn 0.0537 -0.9847 -0.1660
vn 0.1539 -0.9747 -0.1623
vn 0.0788 -0.9849 -0.1543
vn -0.3247 -0.9387 -0.1159
vn -0.2685 -0.9564 -0.1153
vn -0.7066 -0.7061 -0.0461
vn -0.7044 -0.7012 -0.1102
vn -0.7491 -0.6618 -0.0288
vn -0.7513 -0.6520 -0.1025
vn 0.5825 -0.8110 0.0545
vn 0.6047 -0.7959 0.0306
vn 0.4894 -0.8715 0.0319
vn 0.5096 -0.8603 0.0110
vn 0.2161 -0.3580 0.9084
vn 0.1393 -0.3760 0.9161
vn 0.1969 -0.3676 0.9089
vn 0.1034 -0.3628 0.9261
vn -0.9522 -0.2574 0.1646
vn -0.9349 -0.3118 0.1696
vn -0.9409 -0.2737 0.1994
vn 0.6514 -0.5048 0.5664
vn 0.7064 -0.5533 0.4414
vn 0.6539 -0.5002 0.5677
vn 0.3189 -0.3478 0.8816
vn 0.3107 -0.3518 0.8830
vn 0.3695 -0.3605 0.8565
vn 0.3729 -0.3693 0.8512
vn -0.0817 -0.9963 -0.0255
vn -0.0913 -0.9932 0.0722
vn 0.0956 -0.9954 -0.0037
vn 0.0842 -0.9910 0.1038
vn -0.7193 -0.6927 0.0533
vn -0.6168 -0.7858 0.0458
vn -0.7416 -0.6709 0.0004
vn -0.6453 -0.7638 -0.0133
vn -0.4406 -0.8893 -0.1223
vn -0.5158 -0.8475 -0.1252
vn -0.3959 -0.9136 -0.0925
vn -0.4601 -0.8813 -0.1076
vn -0.1112 -0.9896 -0.0914
vn -0.1421 -0.9894 0.0297
vn -0.1406 -0.9866 -0.0829
vn -0.1582 -0.9868 0.0356
vn 0.2391 -0.9510 -0.1961
vn 0.1610 -0.9719 -0.1716
vn 0.4238 -0.8869 -0.1837
vn 0.3291 -0.9260 -0.1851
vn -0.6016 -0.7921 -0.1032
vn -0.8032 -0.5412 0.2488
vn -0.6391 -0.7504 -0.1686
vn -0.8589 -0.4923 0.1409
vn -0.0977 -0.9044 0.4154
vn -0.1738 -0.9013 0.3968
vn -0.1064 -0.9836 0.1457
vn -0.1632 -0.9780 0.1299
vn 0.6512 -0.7179 0.2462
vn 0.5710 -0.7478 0.3387
vn 0.3980 -0.9165 -0.0413
vn 0.3445 -0.9385 0.0216
vn 0.8722 0.1210 -0.4740
vn 0.6651 -0.7468 -0.0037
vn 0.8170 0.0799 -0.5711
vn 0.6108 -0.7889 -0.0670
vn -0.4632 -0.8178 -0.3416
vn -0.5375 -0.7713 -0.3409
vn -0.3468 -0.1037 -0.9322
vn -0.4076 -0.0274 -0.9128
vn 0.6184 0.7689 -0.1623
vn 0.8620 0.4892 0.1331
vn 0.6362 0.7457 -0.1979
vn 0.8902 0.4524 0.0540
vn 0.1934 0.3741 -0.9070
vn 0.2355 0.3713 -0.8982
vn 0.1510 -0.2112 -0.9657
vn 0.2227 -0.2135 -0.9512
vn -0.7555 0.4103 -0.5108
vn -0.7567 0.4696 -0.4549
vn -0.3675 0.6930 -0.6202
vn -0.3913 0.7152 -0.5792
vn 0.0381 0.9879 0.1502
vn 0.0515 0.8960 0.4411
vn -0.4683 0.8620 0.1941
vn -0.4409 0.7401 0.5078
vn 0.7471 -0.4348 0.5027
vn 0.7027 -0.3888 0.5958
vn 0.6950 -0.4944 0.5220
vn 0.6484 -0.4485 0.6151
vn 0.5403 -0.8415 -0.0060
vn 0.4809 -0.8756 -0.0445
vn 0.5526 -0.8254 -0.1160
vn -0.0349 -0.9522 -0.3034
vn 0.0311 -0.9533 -0.3005
vn -0.0667 -0.9854 -0.1567
vn -0.0092 -0.9876 -0.1567
vn -0.6099 -0.7194 -0.3323
vn -0.5698 -0.7981 -0.1959
vn -0.5040 -0.8392 -0.2044
vn -0.9661 -0.2551 0.0389
vn -0.9483 -0.3166 -0.0198
vn -0.9263 -0.3642 0.0970
vn -0.9047 -0.4231 0.0498
vn -0.9568 -0.2730 0.1002
vn -0.9567 -0.2765 0.0907
vn -0.9912 0.1305 0.0242
vn -0.9604 0.2759 0.0385
vn -0.9922 0.1247 -0.0013
vn -0.9611 0.2759 0.0140
vn -0.8941 0.4468 0.0314
vn -0.8960 0.4433 0.0276
vn -0.7740 0.6319 0.0395
vn -0.7825 0.6213 0.0400
vn -0.8438 0.3866 0.3723
vn -0.7520 0.5326 0.3883
vn -0.8673 0.3982 0.2987
vn -0.7726 0.5524 0.3129
vn -0.5832 0.8112 0.0423
vn -0.3342 0.9419 0.0340
vn -0.5620 0.8265 0.0319
vn -0.3010 0.9533 0.0260
vn -0.4408 0.8558 0.2709
vn -0.6315 0.7300 0.2613
vn -0.4391 0.8305 0.3426
vn -0.6237 0.7087 0.3298
vn -0.2765 0.3378 0.8997
vn -0.3767 0.3114 0.8724
vn -0.2011 0.6005 0.7739
vn -0.3525 0.5571 0.7519
vn -0.1861 0.4825 0.8559
vn -0.3188 0.4538 0.8321
vn -0.9533 0.2991 0.0428
vn -0.9918 0.1191 0.0468
vn -0.6337 0.7363 0.2375
vn -0.6667 0.7289 0.1555
vn -0.4856 0.8523 0.1944
vn -0.5310 0.8375 0.1289
vn -0.9835 0.0692 0.1674
vn -0.9614 0.2054 0.1830
vn -0.0121 0.9151 -0.4031
vn -0.0263 0.8976 -0.4400
vn -0.3047 0.9413 -0.1450
vn -0.3729 0.9126 -0.1676
vn 0.1200 0.9881 0.0967
vn 0.0132 0.9951 0.0984
vn 0.1092 0.9833 0.1454
vn 0.0029 0.9892 0.1468
vn 0.0119 0.7106 0.7035
vn -0.0516 0.7091 0.7033
vn -0.0058 0.6227 0.7824
vn -0.0599 0.6200 0.7823
vn -0.0596 0.9977 0.0321
vn 0.0467 0.9982 0.0375
vn -0.0550 0.9969 0.0559
vn 0.0436 0.9974 0.0576
vn -0.9984 -0.0552 0.0153
vn -0.9989 -0.0453 -0.0068
vn -0.9997 -0.0164 0.0187
vn -1.0000 -0.0061 -0.0037
vn -0.9786 0.0443 0.2010
vn -0.9806 -0.0003 0.1960
vn -0.9626 0.0490 0.2665
vn -0.9649 0.0023 0.2625
vn -0.5489 0.0349 0.8352
vn -0.5513 0.0112 0.8342
vn -0.4095 0.0141 0.9122
vn -0.4169 -0.0086 0.9089
vn -0.1817 -0.0243 0.9831
vn -0.1908 -0.0041 0.9816
vn -0.2828 -0.0132 0.9591
vn -0.2795 0.0055 0.9601
vn -0.8514 0.4053 0.3331
vn -0.8711 0.2780 0.4049
vn -0.7626 0.5653 0.3144
vn -0.8066 0.4449 0.3892
vn -0.0576 0.9078 -0.4154
vn -0.0601 0.8971 -0.4378
vn -0.0584 0.9073 -0.4164
vn -0.0602 0.8969 -0.4382
vn 0.0323 0.9187 -0.3936
vn 0.0511 0.9179 -0.3935
vn 0.0327 0.9189 -0.3931
vn 0.0516 0.9180 -0.3933
vn 0.1972 0.8793 -0.4336
vn 0.1976 0.8793 -0.4334
vn 0.1848 0.8872 -0.4227
vn 0.1851 0.8872 -0.4226
vn 0.2298 0.8270 -0.5131
vn 0.2297 0.8271 -0.5129
vn 0.2294 0.8222 -0.5209
vn 0.2291 0.8220 -0.5213
vn 0.3562 0.6928 -0.6270
vn 0.3612 0.6830 -0.6349
vn 0.3453 0.6985 -0.6268
vn 0.3477 0.6952 -0.6291
vn 0.2043 0.7959 -0.5699
vn 0.2413 0.7820 -0.5748
vn 0.2054 0.7962 -0.5691
vn 0.2418 0.7828 -0.5733
vn -0.8926 -0.4509 0.0076
vn 0.9878 -0.1388 0.0711
vn 0.9861 -0.1485 0.0747
vn 0.9877 -0.1389 0.0713
vn 0.9861 -0.1483 0.0751
vn -0.4511 0.8865 0.1027
vn 0.8006 0.5878 0.1162
vn -0.4898 0.8597 0.1450
vn 0.7770 0.6089 0.1600
vn 0.7306 0.6777 0.0834
vn 0.7375 0.6695 0.0882
vn 0.9400 0.3353 0.0638
vn 0.9400 0.3346 0.0660
vn 0.9427 0.2343 0.2376
vn 0.7439 0.5348 0.4007
vn 0.9511 0.2393 0.1954
vn 0.7592 0.5594 0.3326
vn -0.8083 0.5787 0.1082
vn -0.7934 0.6036 0.0788
vn -0.5139 0.8354 0.1951
vn -0.6882 -0.7007 -0.1884
vn -0.6843 0.4511 0.5730
vn -0.6609 -0.7456 -0.0855
vn -0.6721 0.5134 0.5335
vn -0.5883 0.8017 0.1058
vn -0.8030 -0.5946 0.0409
vn -0.5908 0.8035 0.0729
vn -0.8051 -0.5930 0.0110
vn 0.8865 0.4579 0.0674
vn 0.4821 -0.8761 -0.0006
vn 0.8957 0.4401 0.0631
vn 0.4601 -0.8878 -0.0088
vn 0.0333 -0.9989 -0.0330
vn 0.4812 -0.8766 0.0043
vn 0.0269 -0.9990 -0.0368
vn 0.4764 -0.8792 -0.0083
vn 0.5604 0.8206 0.1123
vn 0.5661 0.8197 0.0871
vn 0.8665 0.4740 0.1567
vn 0.8748 0.4719 0.1096
vn 0.8022 -0.5902 -0.0904
vn 0.7738 -0.6190 -0.1345
vn 0.7586 -0.5718 0.3124
vn 0.7217 -0.6137 0.3202
vn -0.2710 -0.9302 0.2474
vn -0.3951 -0.6851 0.6120
vn -0.2293 -0.9375 0.2618
vn -0.3028 -0.7011 0.6456
vn -0.3538 -0.9344 -0.0427
vn -0.3534 -0.9348 -0.0358
vn -0.7051 -0.7080 -0.0408
vn -0.7076 -0.7060 -0.0297
vn -0.1246 0.9708 0.2052
vn -0.4922 0.7749 0.3966
vn -0.1374 0.9738 0.1810
vn -0.5215 0.7816 0.3422
vn -0.5913 0.7700 -0.2395
vn -0.4743 0.6606 -0.5820
vn 0.8277 0.5265 -0.1943
vn 0.8322 0.3726 -0.4106
vn -0.0144 0.6813 0.7318
vn 0.0911 0.9283 0.3605
vn 0.1880 0.9789 0.0805
vn 0.1393 0.9302 0.3397
vn 0.1472 0.1247 0.9812
vn 0.1528 0.1549 0.9761
vn 0.0755 0.1090 0.9912
vn 0.0793 0.1429 0.9866
vn -0.0923 -0.9957 0.0121
vn -0.1115 -0.9937 0.0066
vn 0.5240 -0.8511 0.0314
vn 0.6000 -0.7998 -0.0163
vn 0.7531 -0.6578 -0.0079
vn 0.1487 -0.0148 0.9888
vn 0.8970 -0.4058 0.1752
vn 0.8973 -0.4135 0.1543
vn 0.9546 0.2584 0.1478
vn 0.9407 0.3172 0.1199
vn 0.9762 0.1869 0.1096
vn 0.9650 0.2504 0.0783
vn -0.1255 0.5426 0.8306
vn -0.0593 0.5253 0.8489
vn -0.2121 0.1304 0.9685
vn -0.1434 0.1173 0.9827
vn 0.8363 0.4906 0.2447
vn 0.8378 0.4951 0.2301
vn 0.9947 -0.0336 0.0969
vn 0.9991 -0.0129 0.0412
vn -0.0768 0.8969 -0.4356
vn -0.1579 0.3166 -0.9353
vn -0.0069 0.8884 -0.4590
vn -0.0723 0.3020 -0.9506
vn -0.1654 -0.9381 -0.3043
vn -0.1655 -0.9381 -0.3042
vn -0.1292 -0.9469 -0.2945
vn -0.1291 -0.9469 -0.2944
vn -0.3030 -0.9501 -0.0744
vn -0.3280 -0.9417 -0.0745
vn -0.0161 -0.9588 -0.2837
vn -0.0161 -0.9588 -0.2836
vn -0.0136 -0.9666 -0.2561
vn -0.0134 -0.9665 -0.2561
vn 0.2726 -0.9560 -0.1080
vn 0.3965 -0.8540 0.3368
vn 0.4096 -0.9032 -0.1284
vn 0.4781 -0.8154 0.3266
vn 0.3927 -0.8870 0.2428
vn 0.0822 -0.9922 -0.0935
vn -0.0128 -0.9258 0.3779
vn -0.1842 -0.3574 0.9156
vn -0.4153 -0.8263 -0.3804
vn -0.4240 -0.8243 -0.3751
vn -0.4153 -0.8263 -0.3805
vn -0.4240 -0.8243 -0.3752
vn -0.2677 -0.9628 -0.0376
vn -0.1807 -0.9807 -0.0746
vn -0.6430 -0.7655 0.0263
vn -0.6034 -0.7972 0.0172
vn 0.3572 0.0326 0.9335
vn 0.5747 0.1571 0.8031
vn 0.9185 0.0556 0.3914
vn 0.9265 -0.0530 0.3726
vn 0.9060 0.3340 0.2601
vn 0.9588 0.1737 0.2248
vn 0.6905 0.6982 0.1893
vn 0.8457 0.5058 0.1699
vn 0.6854 0.7185 0.1180
vn 0.9887 -0.1412 0.0508
vn 0.9524 -0.1751 0.2495
vn 0.9696 -0.2407 0.0434
vn 0.9703 -0.2386 0.0387
vn 0.5312 0.8277 0.1811
vn 0.4873 0.8493 0.2028
vn 0.5186 -0.0707 0.8521
vn 0.5177 -0.1088 0.8486
vn 0.2797 0.6995 -0.6576
vn 0.2724 0.6873 -0.6733
vn -0.0600 -0.6899 -0.7214
vn 0.2031 0.8752 0.4391
vn 0.1944 0.8274 0.5269
vn 0.2134 0.9765 0.0300
vn 0.2009 0.9793 0.0237
vn 0.0954 0.3335 0.9379
vn 0.2536 -0.2744 0.9276
vn 0.2701 -0.2783 0.9217
vn 0.2655 -0.1901 0.9452
vn 0.1933 0.9762 0.0983
vn 0.1716 0.9806 0.0946
vn 0.1662 0.9804 0.1059
vn 0.3854 -0.9187 -0.0859
vn 0.3997 -0.9134 -0.0767
vn -0.6025 -0.7876 -0.1288
vn -0.5796 -0.8087 -0.1000
vn 0.7186 -0.6600 0.2193
vn 0.7117 -0.6612 0.2375
vn -0.2284 -0.9610 -0.1561
vn -0.2209 -0.9647 -0.1438
vn -0.9683 0.0425 -0.2463
vn -0.9364 0.3195 -0.1451
vn 0.1979 0.0520 0.9788
vn 0.1522 -0.1437 0.9779
vn 0.6576 -0.1095 -0.7454
vn 0.7639 0.1553 -0.6264
vn -0.0217 -0.0254 -0.9994
vn 0.0031 0.2910 -0.9567
vn -0.0881 -0.0144 -0.9960
vn 0.7730 -0.4634 0.4333
vn 0.7041 -0.5756 0.4159
vn 0.5986 -0.6912 0.4050
vn -0.0399 -0.9987 -0.0316
vn -0.0486 -0.9987 0.0154
vn -0.1025 -0.8040 0.5857
vn -0.1022 -0.7339 0.6716
vn -0.9743 -0.2148 0.0673
vn -0.9724 -0.2025 0.1161
vn -0.7406 -0.1870 0.6453
vn -0.6538 -0.1905 0.7323
vn 0.9466 -0.3211 0.0277
vn 0.9365 -0.3497 0.0246
vn 0.9436 -0.3299 0.0265
vn 0.9349 -0.3428 0.0917
vn 0.9394 -0.3079 0.1509
vn 0.9465 -0.3086 0.0938
vn 0.1192 -0.2324 0.9653
vn -0.0063 -0.2115 0.9774
vn -0.0077 -0.1994 0.9799
vn -0.9651 -0.0361 0.2593
vn -0.9405 -0.0220 0.3392
vn -0.9408 -0.0627 0.3332
vn -0.9939 -0.1078 -0.0221
vn -0.9887 -0.1477 -0.0258
vn -0.9955 -0.0943 0.0031
vn -0.6153 -0.3606 0.7010
vn -0.6512 -0.6450 0.3998
vn -0.9149 -0.3642 0.1742
vn -0.8923 -0.3869 0.2325
vn 0.5296 -0.5131 0.6754
vn 0.5034 -0.4469 0.7395
vn -0.3926 -0.8266 0.4033
vn -0.3042 -0.8353 0.4579
vn -0.2587 -0.9608 -0.0997
vn -0.2465 -0.9657 -0.0816
vn -0.0771 -0.9931 -0.0880
vn -0.0795 -0.9945 -0.0689
vn 0.1507 -0.9751 -0.1628
vn 0.0747 -0.9863 -0.1470
vn 0.2121 -0.9590 -0.1880
vn -0.2158 -0.9697 -0.1145
vn -0.2576 -0.9637 -0.0704
vn -0.2124 -0.9745 -0.0724
vn -0.6536 -0.7482 -0.1143
vn -0.6306 -0.7599 -0.1577
vn -0.6870 -0.7070 -0.1681
vn 0.3007 -0.3771 0.8760
vn 0.4651 -0.4564 0.7585
vn 0.3402 -0.3751 0.8623
vn -0.9275 -0.3094 0.2100
vn -0.9255 -0.3376 0.1718
vn 0.3316 -0.3462 0.8776
vn 0.3060 -0.3616 0.8807
vn 0.3889 -0.3845 0.8372
vn 0.7438 -0.6536 0.1398
vn 0.7019 -0.7070 0.0867
vn 0.7190 -0.6938 0.0401
vn -0.5092 -0.8602 -0.0283
vn -0.6802 -0.7316 -0.0448
vn -0.4276 -0.8952 -0.1253
vn -0.4835 -0.8622 -0.1510
vn -0.4657 -0.8714 -0.1540
vn -0.1767 -0.9834 0.0403
vn -0.1773 -0.9813 0.0749
vn -0.1627 -0.9840 0.0725
vn 0.1349 -0.9751 -0.1761
vn 0.0683 -0.9883 -0.1362
vn 0.0878 -0.9868 -0.1361
vn -0.6657 -0.7112 -0.2261
vn -0.5856 -0.7586 -0.2858
vn -0.5617 -0.7921 -0.2389
vn -0.2427 -0.9638 0.1106
vn -0.2301 -0.9727 0.0311
vn -0.1577 -0.9864 0.0454
vn 0.2119 -0.9773 -0.0082
vn 0.2679 -0.9610 -0.0680
vn 0.2738 -0.9580 0.0850
vn 0.5891 -0.7964 -0.1369
vn 0.6584 -0.7478 -0.0852
vn 0.7096 -0.7014 0.0668
vn 0.9141 0.1557 -0.3743
vn -0.3890 -0.8571 -0.3378
vn -0.2743 -0.1604 -0.9482
vn 0.8249 0.5095 0.2449
vn 0.6045 0.7893 -0.1071
vn 0.2820 0.3770 -0.8822
vn 0.3056 -0.1763 -0.9357
vn -0.7399 0.3536 -0.5723
vn -0.3491 0.6660 -0.6592
vn -0.4742 0.8766 0.0815
vn 0.0323 0.9980 0.0535
vn 0.6882 -0.4967 0.5288
vn 0.6351 -0.4483 0.6290
vn 0.5243 -0.8515 -0.0097
vn 0.4638 -0.8848 -0.0455
vn -0.0730 -0.9869 -0.1442
vn -0.0195 -0.9896 -0.1426
vn -0.5448 -0.8249 -0.1507
vn -0.4845 -0.8589 -0.1660
vn -0.8885 -0.4456 0.1097
vn -0.8644 -0.4974 0.0737
vn -0.9561 -0.2618 0.1314
vn -0.9931 0.1172 -0.0057
vn -0.9620 0.2729 0.0109
vn -0.8866 0.4617 0.0282
vn -0.9630 0.2689 0.0189
vn -0.9609 0.2755 0.0277
vn -0.9220 0.2601 0.2867
vn -0.9386 0.2638 0.2225
vn -0.8828 0.4072 0.2343
vn -0.5079 0.2101 0.8354
vn -0.5319 0.1483 0.8337
vn -0.6360 0.7442 0.2039
vn -0.7925 0.5786 0.1927
vn -0.7852 0.5677 0.2473
vn -0.4447 0.4032 0.7998
vn -0.5363 0.3367 0.7740
vn -0.4618 0.2696 0.8450
vn -0.2079 0.6875 0.6958
vn -0.3737 0.6344 0.6767
vn -0.0773 0.9968 0.0180
vn -0.2747 0.9613 0.0215
vn -0.0669 0.9976 0.0197
vn -0.3531 0.9299 0.1030
vn -0.8358 0.4571 0.3041
vn -0.8230 0.4315 0.3695
vn -0.8894 0.3318 0.3145
vn -0.8795 0.2818 0.3835
vn 0.0005 0.9376 -0.3476
vn -0.2127 0.9688 -0.1275
vn 0.0207 0.9979 0.0606
vn -0.1612 0.9849 0.0636
vn -0.1722 0.9797 0.1021
vn -0.2144 0.7568 0.6174
vn -0.0490 0.7792 0.6249
vn 0.0823 0.9949 0.0585
vn 0.0858 0.9954 0.0414
vn -0.9940 0.1069 0.0241
vn -0.9940 0.1090 0.0056
vn -0.9672 0.1411 0.2110
vn -0.9506 0.1429 0.2754
vn -0.5469 0.0862 0.8328
vn -0.1982 0.0536 0.9787
vn -0.0573 0.9069 -0.4174
vn -0.0596 0.8963 -0.4395
vn 0.0490 0.9173 -0.3951
vn 0.0311 0.9179 -0.3955
vn 0.1830 0.8877 -0.4225
vn 0.1954 0.8796 -0.4337
vn 0.2292 0.8275 -0.5125
vn 0.2288 0.8225 -0.5207
vn 0.2362 0.9015 -0.3626
vn 0.2271 0.7955 -0.5619
vn 0.2372 0.7764 -0.5840
vn 0.2853 0.7538 -0.5919
vn 0.2802 0.7492 -0.6001
vn 0.0686 0.9548 -0.2893
vn -0.0060 0.9541 -0.2994
vn 0.0279 0.8098 -0.5861
vn -0.0411 0.7998 -0.5988
vn 0.0967 0.9937 0.0570
vn 0.1002 0.9938 0.0490
vn 0.0967 0.9937 0.0571
vn -0.4402 0.8955 0.0653
vn 0.8038 0.5890 0.0841
vn 0.7487 0.6566 0.0910
vn 0.9395 0.3357 0.0673
vn 0.9531 0.2568 0.1604
vn 0.7619 0.5898 0.2677
vn -0.8087 0.5690 0.1492
vn -0.5155 0.8166 0.2597
vn -0.7154 0.5251 0.4610
vn -0.6414 -0.7667 -0.0279
vn -0.5841 0.7995 0.1399
vn -0.7988 -0.5969 0.0753
vn 0.6060 0.7525 -0.2579
vn 0.3617 -0.8201 -0.4435
vn 0.0202 -0.9991 -0.0383
vn 0.4719 -0.8816 -0.0138
vn 0.5451 0.8253 0.1476
vn 0.8468 0.4827 0.2235
vn 0.9058 -0.4068 -0.1186
vn 0.9587 -0.2661 0.1003
vn -0.1967 -0.9340 0.2983
vn -0.2265 -0.7189 0.6572
vn -0.3770 -0.9252 -0.0442
vn -0.7282 -0.6842 -0.0400
vn -0.1487 0.9768 0.1542
vn -0.5471 0.7883 0.2816
vn -0.2503 0.8242 0.5080
vn -0.2911 0.8600 0.4191
vn 0.4864 0.5566 0.6735
vn 0.1486 0.9823 0.1138
vn 0.3362 0.8656 0.3711
vn 0.2622 0.8855 0.3836
vn -0.3936 -0.0065 0.9192
vn -0.4789 0.5206 0.7068
vn 0.1086 0.7403 0.6635
vn 0.1282 0.8056 0.5784
vn 0.1095 0.7418 0.6616
vn 0.1321 0.8103 0.5709
vn -0.0234 0.9977 0.0631
vn -0.3642 0.9299 0.0522
vn -0.9946 0.1014 -0.0241
vn -0.9988 -0.0468 0.0105
vn -0.9896 0.1419 -0.0248
vn 0.1950 0.9803 0.0305
vn 0.9295 -0.3686 0.0150
vn 0.6729 -0.6615 0.3310
vn 0.8843 -0.4498 0.1253
vn 0.9839 0.1755 0.0322
vn 0.9928 0.1015 0.0639
vn 0.1891 0.9798 -0.0649
vn 0.1775 0.9821 0.0634
vn 0.1776 0.9821 0.0633
vn -0.2996 0.1511 0.9420
vn -0.2050 0.5689 0.7965
vn 0.8350 0.4866 0.2568
vn 0.9880 -0.0490 0.1466
vn 0.0577 0.8797 -0.4720
vn -0.1011 -0.9511 -0.2918
vn -0.1009 -0.9511 -0.2921
vn -0.3424 -0.9358 -0.0842
vn -0.0090 -0.9756 -0.2194
vn -0.0089 -0.9756 -0.2193
vn 0.5306 -0.7714 0.3512
vn -0.0415 0.3206 0.9463
vn 0.0517 0.3603 0.9314
vn -0.4562 0.5525 0.6976
vn -0.1769 0.2475 0.9526
vn -0.3749 0.6130 0.6955
vn -0.1073 0.2844 0.9527
vn 0.3544 -0.8831 0.3074
vn 0.4622 0.4063 0.7882
vn 0.5979 0.4185 0.6836
vn -0.3953 -0.8382 -0.3756
vn -0.0050 -0.9988 -0.0481
vn -0.6263 -0.7745 0.0890
vn 0.3327 -0.1759 0.9265
vn 0.4825 -0.1166 0.8681
vn 0.6713 0.7365 0.0828
vn 0.4928 0.8640 0.1031
vn 0.4808 0.8735 0.0761
vn 0.9955 -0.0010 0.0945
vn 0.9908 0.0106 0.1350
vn 0.9452 0.3139 0.0899
vn 0.9433 0.3129 0.1112
vn 0.9898 -0.1336 0.0486
vn 0.9450 -0.2181 0.2436
vn 0.9595 -0.2789 0.0400
vn 0.9607 -0.2752 0.0349
vn 0.4065 0.7624 0.5034
vn 0.2420 0.3250 0.9142
vn 0.3844 0.6816 0.6226
vn 0.5755 0.6361 0.5140
vn 0.5143 0.5982 0.6145
vn 0.3440 0.6231 0.7024
vn 0.3020 0.5503 0.7784
vn 0.4598 0.5519 0.6957
vn 0.4007 0.4896 0.7744
vn 0.3170 0.6813 -0.6598
vn 0.3126 0.6672 -0.6762
vn -0.1140 -0.8281 -0.5489
vn 0.3276 0.9395 0.1004
vn 0.3205 0.9448 0.0684
vn 0.2323 0.9721 0.0314
vn 0.3661 0.9297 0.0408
vn 0.1592 0.4588 0.8742
vn 0.3230 -0.1489 0.9346
vn 0.1745 0.9811 0.0839
vn 0.4511 -0.8905 -0.0584
vn -0.5259 -0.8416 -0.1227
vn 0.7238 -0.6040 0.3336
vn -0.1729 -0.9739 -0.1471
vn -0.1701 -0.9761 -0.1355
vn -0.9141 -0.3910 0.1071
vn -0.9103 -0.3820 0.1596
vn -0.9008 -0.4280 0.0739
vn -0.8974 -0.4186 0.1395
vn 0.0916 0.0676 0.9935
vn 0.0532 -0.1208 0.9913
vn 0.6722 0.1793 -0.7183
vn 0.5628 -0.0912 -0.8215
vn 0.0709 0.2775 -0.9581
vn 0.0358 -0.0325 -0.9988
vn 0.8283 -0.4610 0.3184
vn 0.7591 -0.5727 0.3094
vn 0.6534 -0.6915 0.3079
vn 0.7565 -0.6540 -0.0055
vn 0.6196 -0.7847 -0.0207
vn 0.4137 -0.7679 0.4891
vn 0.2018 -0.9780 -0.0531
vn 0.4390 -0.8977 -0.0375
vn 0.2695 -0.8312 0.4863
vn 0.0918 -0.8661 0.4914
vn -0.3010 -0.9518 -0.0591
vn -0.5285 -0.8476 -0.0480
vn -0.2858 -0.8093 0.5132
vn -0.4492 -0.7221 0.5260
vn -0.7139 -0.6996 -0.0308
vn -0.8520 -0.5234 -0.0101
vn -0.5919 -0.5988 0.5396
vn -0.7050 -0.4511 0.5473
vn -0.9330 -0.3597 0.0090
vn -0.7749 -0.3086 0.5517
vn 0.9019 -0.4316 0.0164
vn 0.8960 -0.4354 0.0868
vn -0.0438 -0.2614 0.9642
vn -0.9321 -0.1767 0.3161
vn -0.9661 -0.2562 -0.0334
vn -0.7144 -0.3653 0.5968
vn -0.7316 -0.5896 0.3423
vn 0.7519 -0.6019 0.2689
vn 0.7043 -0.6945 0.1472
vn 0.4179 -0.4771 0.7731
vn 0.4049 -0.4072 0.8187
vn -0.4827 -0.8749 0.0385
vn -0.4707 -0.8678 0.1591
vn 0.1173 -0.9911 -0.0624
vn 0.1046 -0.9935 -0.0443
vn 0.2352 -0.9583 -0.1622
vn -0.6611 -0.7476 -0.0635
vn 0.0695 -0.4130 0.9081
vn 0.0205 -0.3638 0.9313
vn 0.2344 -0.4177 0.8778
vn 0.2259 -0.5213 0.8229
vn 0.3882 -0.3542 0.8508
vn 0.3724 -0.3551 0.8575
vn 0.4487 -0.3962 0.8011
vn 0.4524 -0.4051 0.7945
vn 0.7124 -0.5542 0.4305
vn 0.7490 -0.6055 0.2690
vn 0.7235 -0.5584 0.4058
vn -0.5733 -0.8069 -0.1424
vn -0.1716 -0.9821 -0.0772
vn 0.2361 -0.9556 -0.1763
vn -0.8904 -0.4532 0.0427
vn -0.2737 -0.8837 0.3796
vn 0.4677 -0.7775 0.4203
vn 0.5798 -0.8143 -0.0255
vn 0.9350 0.2175 -0.2802
vn 0.7461 -0.6498 0.1449
vn -0.3140 -0.8904 -0.3295
vn -0.1936 -0.2072 -0.9590
vn 0.7739 0.5040 0.3836
vn 0.5953 0.8030 -0.0285
vn 0.3305 0.3862 -0.8611
vn 0.3912 -0.1253 -0.9117
vn -0.3325 0.6360 -0.6964
vn -0.7163 0.2961 -0.6318
vn -0.0757 0.5009 -0.8622
vn -0.5766 0.2691 -0.7714
vn -0.0925 0.2448 -0.9652
vn -0.5963 0.0478 -0.8014
vn 0.6334 -0.3420 0.6942
vn 0.5738 -0.4047 0.7121
vn 0.5976 -0.8006 0.0439
vn 0.1085 -0.9493 -0.2950
vn 0.0592 -0.9858 -0.1569
vn -0.4365 -0.8759 -0.2055
vn -0.9213 -0.3810 -0.0776
vn -0.8757 -0.4829 0.0026
vn -0.7621 0.6468 0.0291
vn -0.4406 0.8728 0.2099
vn -0.3937 0.6962 0.6003
vn -0.5415 0.8403 0.0259
vn -0.9226 0.2301 0.3097
vn -0.9108 0.1702 0.3762
vn -0.1429 0.9846 -0.1008
vn 0.0170 0.9564 -0.2915
vn 0.1280 0.9900 0.0599
vn 0.0264 0.7792 0.6262
vn 0.0517 0.9985 0.0164
vn 0.0505 0.9985 0.0232
vn -0.9882 0.0354 0.1489
vn -0.9895 -0.0139 0.1435
vn -0.6595 0.0509 0.7500
vn -0.6622 0.0288 0.7488
vn -0.9023 0.2825 0.3258
vn -0.9049 0.1612 0.3938
vn -0.0541 0.8832 -0.4659
vn -0.0541 0.8830 -0.4662
vn 0.0176 0.9201 -0.3913
vn 0.0181 0.9202 -0.3911
vn 0.1724 0.8938 -0.4141
vn 0.1729 0.8937 -0.4141
vn 0.2296 0.8330 -0.5033
vn 0.2300 0.8332 -0.5028
vn 0.2258 0.7992 -0.5570
vn 0.2259 0.7991 -0.5571
vn 0.2861 0.7545 -0.5906
vn -0.0086 0.5197 -0.8543
vn -0.4478 0.8935 0.0341
vn 0.7964 0.6017 0.0600
vn 0.9693 0.2241 -0.1009
vn 0.9539 0.2706 0.1298
vn 0.7620 0.6123 0.2107
vn -0.8109 0.5515 0.1957
vn -0.5198 0.7867 0.3331
vn -0.8350 0.5140 0.1965
vn -0.8329 0.4913 0.2547
vn -0.5829 -0.8125 0.0093
vn -0.7923 -0.5997 0.1126
vn -0.5776 0.7970 0.1767
vn 0.0365 -0.4787 -0.8772
vn 0.2231 0.8336 -0.5054
vn 0.0157 -0.9992 -0.0380
vn 0.4679 -0.8836 -0.0140
vn 0.5212 0.8318 0.1912
vn 0.8136 0.4934 0.3075
vn 0.2796 0.7824 -0.5564
vn 0.9039 0.0963 -0.4168
vn -0.7800 -0.6255 -0.0213
vn -0.4283 -0.9028 -0.0376
vn -0.1569 0.9792 0.1289
vn -0.5656 0.7933 0.2255
vn -0.2754 0.7473 0.6047
vn 0.2189 -0.8288 0.5149
vn -0.2757 -0.7382 0.6157
vn -0.0950 0.1131 -0.9890
vn -0.0228 0.1228 -0.9922
vn -0.0992 0.0865 -0.9913
vn -0.0275 0.1010 -0.9945
vn -0.1317 0.7081 0.6937
vn -0.6452 0.4992 0.5784
vn 0.2154 0.9118 -0.3497
vn 0.9899 -0.1226 0.0718
vn 0.9904 -0.1149 0.0772
vn 0.9924 -0.1214 0.0183
vn 0.9809 -0.1937 0.0148
vn 0.9809 -0.1938 0.0148
vn -0.9327 0.3600 -0.0235
vn 0.1020 0.9947 0.0119
vn 0.1830 0.1765 -0.9671
vn 0.1728 0.2366 -0.9561
vn 0.9763 0.1362 0.1683
vn 0.9875 0.0793 0.1362
vn 0.8221 -0.5373 0.1879
vn 0.7084 -0.6862 0.1654
vn -0.4328 0.1839 0.8826
vn -0.3123 0.6108 0.7276
vn 0.8333 0.4831 0.2687
vn 0.9776 -0.0589 0.2022
vn 0.1205 0.8703 -0.4776
vn -0.0779 -0.9534 -0.2913
vn -0.0780 -0.9534 -0.2913
vn -0.3489 -0.9315 -0.1023
vn -0.3490 -0.9315 -0.1023
vn -0.0062 -0.9841 -0.1775
vn -0.0063 -0.9841 -0.1775
vn 0.2029 0.3722 0.9057
vn -0.2877 0.6574 0.6965
vn 0.2144 0.4665 0.8581
vn 0.0485 -0.9522 -0.3015
vn 0.0486 -0.9522 -0.3015
vn 0.0803 -0.9483 -0.3071
vn 0.0802 -0.9483 -0.3071
vn 0.4240 0.8794 0.2165
vn 0.3582 0.8783 0.3166
vn 0.3681 0.6215 0.6916
vn 0.9874 0.1379 0.0773
vn 0.9424 0.3243 0.0824
vn 0.9886 -0.0944 0.1173
vn 0.9856 0.1423 0.0915
vn 0.6072 0.7924 0.0585
vn 0.5693 0.8206 0.0498
vn 0.9910 -0.1240 0.0495
vn 0.9717 -0.2335 0.0366
vn 0.9739 -0.2236 0.0383
vn 0.9693 -0.2414 0.0475
vn 0.4356 0.8838 0.1708
vn 0.3549 0.8665 0.3510
vn 0.3851 0.9190 0.0843
vn 0.4351 -0.0564 0.8986
vn 0.4311 -0.0950 0.8973
vn 0.6466 0.4747 0.5972
vn 0.5802 0.4453 0.6820
vn 0.5027 0.4036 0.7645
vn 0.9246 0.3724 0.0806
vn 0.9301 0.3264 0.1686
vn -0.2032 -0.9759 0.0790
vn -0.1980 -0.9717 -0.1285
vn -0.1981 -0.9717 -0.1285
vn 0.1710 0.9828 0.0699
vn 0.1690 0.9839 0.0585
vn 0.2023 0.9768 0.0698
vn 0.2029 0.9775 0.0574
vn 0.1836 0.9826 0.0268
vn 0.1717 0.9845 0.0343
vn 0.2141 0.9761 0.0384
vn 0.2421 0.9667 -0.0835
vn 0.2516 0.9627 -0.0991
vn 0.2821 -0.3168 0.9056
vn 0.5733 -0.8192 0.0153
vn 0.6383 -0.7641 0.0928
vn 0.5838 -0.8111 0.0360
vn -0.4221 -0.8895 -0.1751
vn -0.3591 -0.9162 -0.1779
vn -0.4110 -0.8984 -0.1547
vn 0.6788 -0.4973 0.5402
vn 0.6149 -0.4467 0.6499
vn 0.6664 -0.4975 0.5553
vn 0.5900 -0.4456 0.6733
vn -0.0788 -0.9879 -0.1339
vn -0.0307 -0.9907 -0.1326
vn -0.0862 -0.9879 -0.1290
vn -0.0424 -0.9900 -0.1346
vn -0.8517 -0.5235 0.0225
vn -0.8593 -0.5041 0.0869
vn -0.8218 -0.5697 0.0045
vn -0.8331 -0.5495 0.0626
vn -0.0682 0.0991 0.9927
vn -0.1709 -0.0712 0.9827
vn -0.0986 -0.0886 0.9912
vn 0.9606 -0.2349 -0.1485
vn 0.9625 -0.2652 -0.0574
vn 0.9993 0.0123 -0.0352
vn -0.4934 0.0041 -0.8698
vn -0.5215 0.3337 -0.7853
vn -0.6350 0.0119 -0.7724
vn -0.6625 0.3390 -0.6680
vn 0.8383 -0.5388 0.0837
vn 0.8230 -0.5502 0.1411
vn 0.7444 -0.6627 0.0817
vn 0.7250 -0.6739 0.1421
vn 0.5757 -0.8177 0.0014
vn 0.3649 -0.9305 -0.0311
vn 0.3823 -0.9236 -0.0291
vn 0.4667 -0.7859 0.4056
vn 0.3105 -0.8568 0.4117
vn -0.0665 -0.9944 -0.0823
vn -0.0742 -0.9933 -0.0886
vn 0.1475 -0.9873 -0.0588
vn 0.1330 -0.9890 -0.0653
vn 0.1172 -0.8996 0.4208
vn -0.0879 -0.8982 0.4307
vn -0.0956 -0.8601 0.5012
vn -0.2791 -0.9553 -0.0979
vn -0.2703 -0.9574 -0.1016
vn -0.2990 -0.8463 0.4410
vn -0.6497 -0.7550 -0.0883
vn -0.6171 -0.7819 -0.0887
vn -0.4740 -0.8749 -0.0997
vn -0.4514 -0.8866 -0.1013
vn -0.4768 -0.7548 0.4505
vn -0.6350 -0.6216 0.4587
vn -0.8930 -0.4478 -0.0443
vn -0.9528 -0.3024 -0.0276
vn -0.8679 -0.4950 -0.0407
vn -0.9389 -0.3437 -0.0186
vn -0.8275 -0.3062 0.4706
vn -0.8551 -0.1789 0.4867
vn -0.8073 -0.1811 0.5616
vn 0.9494 -0.3085 0.0581
vn 0.9384 -0.3411 0.0553
vn 0.9490 -0.3130 0.0370
vn 0.9385 -0.3435 0.0340
vn 0.4805 -0.3018 0.8234
vn 0.6342 -0.3347 0.6970
vn 0.4839 -0.2601 0.8355
vn 0.6475 -0.2797 0.7088
vn -0.9043 -0.0119 0.4268
vn -0.9058 -0.0595 0.4194
vn -0.8597 -0.0159 0.5106
vn -0.8603 -0.0642 0.5057
vn -0.9915 -0.1293 -0.0124
vn -0.9830 -0.1830 -0.0172
vn -0.9927 -0.1177 -0.0247
vn -0.9862 -0.1634 -0.0282
vn 0.0885 -0.4005 0.9120
vn 0.1891 -0.4239 0.8858
vn -0.1249 -0.9562 0.2648
vn -0.1834 -0.8325 0.5228
vn -0.0006 -0.4581 0.8889
vn -0.0687 -0.4985 0.8642
vn -0.0514 -0.3674 0.9286
vn -0.1151 -0.3732 0.9206
vn 0.3895 -0.9045 -0.1737
vn 0.3008 -0.9354 -0.1858
vn -0.1324 -0.9845 -0.1152
vn -0.1691 -0.9790 -0.1143
vn -0.5461 -0.8297 -0.1160
vn -0.6006 -0.7912 -0.1157
vn 0.5823 -0.5109 0.6324
vn -0.6974 -0.7030 0.1397
vn -0.6878 -0.6727 0.2728
vn -0.5906 -0.7938 0.1448
vn -0.5844 -0.7495 0.3110
vn 0.4756 -0.4233 0.7711
vn 0.5819 -0.4734 0.6612
vn 0.4574 -0.3925 0.7979
vn 0.5588 -0.4558 0.6928
vn 0.2910 -0.9563 0.0271
vn 0.3092 -0.9510 -0.0077
vn -0.5228 -0.8334 -0.1791
vn -0.4965 -0.8489 -0.1814
vn -0.5600 -0.8023 -0.2067
vn -0.5212 -0.8274 -0.2091
vn -0.2314 -0.9726 0.0209
vn -0.2012 -0.9789 0.0366
vn -0.2233 -0.9737 0.0444
vn -0.1969 -0.9781 0.0667
vn -0.0358 -0.9981 -0.0509
vn 0.0212 -0.9955 -0.0929
vn -0.0506 -0.9980 -0.0389
vn 0.0062 -0.9961 -0.0883
vn -0.7134 -0.6548 -0.2496
vn -0.6021 -0.7386 -0.3033
vn -0.6900 -0.6787 -0.2516
vn -0.5980 -0.7399 -0.3081
vn -0.3997 -0.9138 0.0729
vn -0.3716 -0.9284 -0.0035
vn -0.3284 -0.9403 0.0893
vn -0.3080 -0.9512 0.0164
vn 0.0844 -0.9938 0.0725
vn 0.1476 -0.9881 0.0437
vn 0.1224 -0.9778 0.1702
vn 0.1966 -0.9703 0.1411
vn 0.7719 -0.4859 0.4100
vn 0.7791 -0.5406 0.3175
vn 0.9149 0.4032 -0.0199
vn 0.9308 0.3507 -0.1030
vn -0.1679 -0.9334 -0.3173
vn -0.0106 -0.2045 -0.9788
vn -0.1059 -0.9450 -0.3094
vn 0.0690 -0.1940 -0.9786
vn -0.7774 0.5327 -0.3344
vn -0.7589 0.5236 -0.3872
vn -0.9761 -0.1940 0.0981
vn 0.5501 -0.1030 -0.8288
vn 0.4300 0.3951 -0.8118
vn 0.6246 -0.0669 -0.7781
vn 0.4802 0.4097 -0.7756
vn -0.2824 0.5766 -0.7667
vn -0.2498 0.5513 -0.7960
vn -0.6387 0.1865 -0.7465
vn -0.5874 0.1406 -0.7970
vn -0.1767 -0.2647 0.9480
vn -0.1766 -0.2646 0.9480
vn -0.1701 -0.2296 0.9583
vn 0.4802 -0.3713 0.7947
vn 0.5517 -0.4014 0.7311
vn 0.4541 -0.3640 0.8132
vn 0.6485 -0.7542 0.1025
vn 0.1337 -0.9792 -0.1529
vn 0.0440 -0.9889 -0.1421
vn 0.1154 -0.9835 -0.1393
vn -0.3698 -0.9072 -0.2009
vn -0.8397 -0.5414 -0.0429
vn -0.8336 -0.5511 0.0364
vn -0.7965 -0.6046 -0.0010
vn -0.9592 -0.2003 0.1997
vn -0.9778 -0.1501 0.1460
vn -0.6500 0.1104 0.7519
vn -0.6291 0.1829 0.7555
vn -0.7273 0.1303 0.6739
vn -0.7060 0.2100 0.6764
vn -0.9485 0.2676 0.1694
vn -0.8915 0.4155 0.1808
vn -0.9548 0.2716 0.1209
vn -0.8960 0.4238 0.1327
vn -0.5943 0.2607 0.7608
vn -0.6656 0.3013 0.6828
vn -0.7961 0.5879 0.1436
vn -0.6373 0.7554 0.1522
vn -0.7960 0.5968 0.1007
vn -0.6339 0.7660 0.1073
vn -0.5233 0.5504 0.6505
vn -0.6415 0.4436 0.6258
vn -0.4912 0.4864 0.7226
vn -0.5957 0.3975 0.6980
vn -0.4319 0.7965 0.4232
vn -0.2133 0.8754 0.4338
vn -0.2116 0.9131 0.3486
vn -0.8747 0.4837 0.0319
vn -0.1675 0.9778 0.1259
vn -0.1870 0.9783 0.0889
vn -0.0442 0.9930 0.1100
vn -0.0502 0.9954 0.0821
vn -0.8431 0.5014 0.1944
vn -0.8935 0.4019 0.2006
vn -0.0197 0.9930 0.1166
vn 0.0729 0.9955 -0.0608
vn -0.1005 0.9878 0.1186
vn 0.0279 0.9964 -0.0800
vn -0.1464 0.9884 0.0395
vn 0.0272 0.9990 0.0356
vn -0.1224 0.9921 0.0282
vn 0.0375 0.9990 0.0228
vn -0.0311 0.8990 0.4368
vn -0.0392 0.8486 0.5276
vn -0.2147 0.8245 0.5235
vn -0.1115 0.0967 0.9890
vn -0.1185 0.0373 0.9922
vn -0.0642 0.0945 0.9935
vn -0.0712 0.0276 0.9971
vn 0.1561 0.9834 -0.0923
vn 0.1264 0.9916 -0.0256
vn 0.2189 0.9721 -0.0841
vn 0.1889 0.9819 -0.0098
vn -0.9846 0.1367 0.1091
vn -0.9947 0.0271 0.0991
vn -0.9775 0.1390 0.1587
vn -0.7387 0.0579 0.6716
vn -0.7363 0.5890 0.3332
vn -0.7108 0.6114 0.3478
vn -0.9590 -0.1253 0.2542
vn -0.9529 -0.0882 0.2903
vn -0.0387 0.8663 -0.4980
vn -0.0535 0.8826 -0.4670
vn -0.0383 0.8662 -0.4983
vn 0.0034 0.9217 -0.3878
vn 0.0161 0.9193 -0.3932
vn 0.0022 0.9210 -0.3895
vn 0.1541 0.9005 -0.4067
vn 0.1702 0.8940 -0.4144
vn 0.1563 0.9004 -0.4061
vn 0.2282 0.8396 -0.4929
vn 0.2278 0.8400 -0.4925
vn 0.2290 0.8336 -0.5027
vn 0.2259 0.7989 -0.5574
vn 0.2258 0.8029 -0.5516
vn 0.2260 0.8032 -0.5511
vn 0.3128 0.7290 -0.6088
vn 0.3083 0.7261 -0.6146
vn 0.3263 0.7094 -0.6247
vn 0.3243 0.7084 -0.6269
vn 0.1855 0.7986 -0.5726
vn 0.1965 0.7942 -0.5750
vn 0.1682 0.8024 -0.5726
vn 0.4806 0.6277 -0.6123
vn 0.4793 0.6282 -0.6129
vn 0.9297 0.2328 -0.2856
vn 0.9323 0.2267 -0.2820
vn 0.7760 0.6297 0.0365
vn -0.4945 0.8692 0.0034
vn 0.7569 0.6528 0.0319
vn -0.5253 0.8509 -0.0025
vn -0.5572 0.8290 0.0469
vn -0.8353 0.5497 0.0140
vn -0.5522 0.8320 0.0534
vn -0.8348 0.5502 0.0173
vn 0.9721 0.2230 0.0733
vn 0.9743 0.2181 0.0565
vn -0.8446 0.4367 0.3099
vn -0.8428 0.4672 0.2673
vn -0.5710 0.6237 0.5338
vn -0.5722 0.6750 0.4658
vn -0.5511 0.8337 0.0360
vn -0.5437 0.8388 0.0280
vn -0.8348 0.5506 0.0072
vn -0.8345 0.5510 0.0020
vn -0.7620 -0.6097 0.2185
vn -0.7362 -0.6164 0.2796
vn -0.2691 0.1393 0.9530
vn -0.3020 0.1960 0.9329
vn 0.7065 0.5068 0.4940
vn 0.7656 0.5004 0.4044
vn 0.3811 -0.8600 0.3394
vn 0.4277 -0.8637 0.2667
vn 0.4114 0.8463 0.3384
vn 0.4609 0.8389 0.2896
vn 0.6170 0.5203 0.5905
vn 0.0047 -0.9993 -0.0368
vn 0.4628 -0.8864 -0.0123
vn 0.0091 -0.9993 -0.0374
vn 0.0121 0.9445 0.3283
vn -0.1834 0.7169 0.6726
vn -0.0263 0.9524 0.3038
vn -0.2723 0.7349 0.6211
vn -0.4549 -0.8905 -0.0103
vn -0.4531 -0.8914 0.0051
vn -0.1671 0.9830 0.0755
vn -0.1652 0.9821 0.0910
vn -0.7150 -0.6442 -0.2717
vn -0.3405 -0.7807 -0.5240
vn -0.7224 -0.5483 -0.4213
vn -0.2554 -0.5685 -0.7820
vn 0.9685 0.1434 -0.2036
vn -0.0709 -0.9965 -0.0437
vn -0.0510 -0.9977 -0.0451
vn -0.0677 -0.9971 -0.0351
vn -0.0484 -0.9981 -0.0376
vn 0.1513 0.4349 -0.8877
vn 0.1706 0.4661 -0.8681
vn 0.2275 0.8962 -0.3810
vn -0.9925 0.1225 0.0008
vn -0.9925 0.1225 0.0009
vn -0.9607 0.2772 0.0123
vn -0.9607 0.2773 0.0123
vn -0.9975 -0.0633 -0.0306
vn -0.9975 -0.0632 -0.0306
vn -0.8416 -0.5382 -0.0444
vn -0.8416 -0.5383 -0.0444
vn 0.9341 -0.0762 0.3487
vn 0.9342 -0.0763 0.3486
vn 0.9867 -0.0563 0.1527
vn 0.9865 -0.1108 0.1206
vn 0.9954 0.0080 0.0955
vn 0.1799 0.9822 0.0540
vn 0.1798 0.9822 0.0540
vn 0.1842 0.9806 0.0663
vn 0.1842 0.9806 0.0662
vn -0.5963 0.7360 0.3206
vn -0.5463 0.7106 0.4434
vn -0.8822 0.2642 0.3898
vn -0.7776 0.2485 0.5776
vn 0.8225 0.4761 0.3111
vn 0.9386 -0.0693 0.3379
vn 0.8074 0.4725 0.3533
vn 0.9017 -0.0679 0.4270
vn 0.3608 0.8220 -0.4406
vn 0.2603 0.8449 -0.4674
vn 0.3037 0.2480 -0.9199
vn 0.2049 0.2599 -0.9437
vn -0.0447 -0.9558 -0.2905
vn -0.0444 -0.9558 -0.2906
vn -0.0230 -0.9563 -0.2915
vn -0.0231 -0.9563 -0.2914
vn -0.3504 -0.9225 -0.1622
vn -0.3503 -0.9225 -0.1621
vn -0.3493 -0.9152 -0.2011
vn -0.3493 -0.9152 -0.2012
vn -0.0272 -0.9958 -0.0869
vn -0.0093 -0.9951 -0.0989
vn -0.0272 -0.9958 -0.0870
vn 0.5722 -0.7305 0.3728
vn 0.6246 -0.6954 0.3554
vn -0.0008 0.7445 0.6676
vn 0.1586 0.7801 0.6051
vn 0.3624 0.3752 0.8532
vn 0.0950 -0.9482 -0.3030
vn 0.0949 -0.9481 -0.3034
vn 0.0929 -0.9500 -0.2982
vn 0.0925 -0.9501 -0.2980
vn -0.7912 0.4945 0.3599
vn -0.4352 0.8378 0.3296
vn 0.0602 0.6996 0.7120
vn -0.4447 0.4918 0.7486
vn -0.7960 0.5871 0.1474
vn -0.7390 0.6438 0.1987
vn 0.3342 0.8189 -0.4665
vn 0.3087 0.8198 -0.4824
vn 0.7717 0.5021 0.3903
vn 0.7206 0.4934 0.4871
vn 0.8702 0.3419 0.3549
vn 0.8214 0.3457 0.4536
vn 0.4902 0.8304 0.2649
vn 0.4742 0.8118 0.3407
vn 0.6795 0.6894 0.2509
vn 0.6580 0.6790 0.3255
vn 0.5328 0.8449 0.0470
vn 0.3452 0.9374 0.0463
vn 0.9177 0.2254 0.3273
vn 0.9201 0.3856 0.0682
vn 0.7996 0.5970 0.0650
vn 0.9359 0.3438 0.0770
vn 0.8235 0.5619 0.0778
vn 0.9918 -0.1141 0.0579
vn 0.9913 -0.1047 0.0794
vn 0.9761 -0.2120 0.0474
vn 0.9767 -0.2035 0.0682
vn 0.7204 -0.1692 0.6725
vn 0.8009 -0.1457 0.5808
vn 0.5725 0.8054 0.1533
vn 0.5740 0.8052 0.1489
vn 0.6352 0.4974 0.5908
vn 0.6306 0.5362 0.5611
vn 0.8108 0.2074 0.5473
vn 0.7349 0.2090 0.6452
vn 0.8483 0.0727 0.5245
vn 0.7720 0.0869 0.6297
vn 0.6384 0.2021 0.7427
vn 0.4883 0.1699 0.8560
vn 0.6716 0.0954 0.7348
vn 0.5135 0.0941 0.8529
vn 0.9115 0.4089 0.0444
vn 0.9127 0.4062 0.0441
vn -0.1869 -0.3568 0.9153
vn -0.1827 -0.3166 0.9308
vn 0.3936 0.6556 -0.6444
vn 0.3654 0.7638 -0.5320
vn 0.3287 0.9055 0.2684
vn 0.3330 0.9208 0.2029
vn 0.2319 0.9350 0.2681
vn 0.2331 0.9515 0.2008
vn 0.3029 0.9518 0.0485
vn 0.2325 0.9706 0.0629
vn 0.2230 0.9739 0.0416
vn 0.1590 0.6012 0.7831
vn 0.1230 0.4687 0.8747
vn 0.2012 0.5891 0.7826
vn 0.2107 0.1987 0.9572
vn 0.2656 0.5734 0.7750
vn 0.2871 0.2488 0.9250
vn 0.3925 -0.9108 -0.1283
vn 0.3163 -0.9366 -0.1508
vn -0.6136 -0.7855 -0.0808
vn -0.5639 -0.8200 -0.0981
vn -0.8114 0.0046 0.5845
vn -0.9254 0.0059 0.3789
vn 0.8506 -0.3206 0.4168
vn 0.8926 -0.3235 0.3139
vn 0.5827 0.2021 -0.7872
vn 0.4971 0.2206 -0.8392
vn 0.4764 -0.0741 -0.8761
vn 0.3979 -0.0604 -0.9155
vn 0.8403 -0.5420 0.0154
vn 0.8380 -0.5450 0.0273
vn 0.8946 -0.4457 0.0324
vn 0.7459 -0.6661 0.0028
vn 0.7414 -0.6709 0.0165
vn 0.6041 -0.7968 -0.0149
vn 0.6135 -0.7893 -0.0241
vn 0.4145 -0.9093 -0.0364
vn 0.4293 -0.9022 -0.0428
vn 0.5867 -0.7967 0.1451
vn 0.5552 -0.8002 0.2269
vn 0.4125 -0.8988 0.1485
vn 0.3840 -0.8930 0.2348
vn -0.0355 -0.9967 -0.0735
vn -0.0427 -0.9962 -0.0762
vn 0.1946 -0.9790 -0.0614
vn 0.1803 -0.9818 -0.0595
vn 0.1762 -0.9725 0.1522
vn 0.1575 -0.9574 0.2421
vn -0.0682 -0.9852 0.1574
vn -0.0770 -0.9653 0.2495
vn -0.2920 -0.9533 -0.0768
vn -0.2858 -0.9545 -0.0850
vn -0.3299 -0.9292 0.1665
vn -0.3258 -0.9094 0.2586
vn -0.7030 -0.7089 -0.0563
vn -0.6905 -0.7197 -0.0723
vn -0.5169 -0.8532 -0.0697
vn -0.5045 -0.8594 -0.0825
vn -0.5458 -0.8191 0.1768
vn -0.5320 -0.8039 0.2660
vn -0.7226 -0.6651 0.1884
vn -0.7041 -0.6554 0.2735
vn -0.9279 -0.3721 -0.0233
vn -0.9209 -0.3875 -0.0434
vn -0.9218 -0.3186 0.2209
vn -0.9019 -0.3109 0.2998
vn -0.1718 -0.2856 0.9428
vn -0.2016 -0.4016 0.8934
vn -0.1585 -0.4199 0.8936
vn 0.9298 -0.3657 0.0425
vn 0.9388 -0.3418 0.0422
vn 0.9291 -0.3680 0.0356
vn 0.9403 -0.3384 0.0369
vn 0.8753 -0.3500 0.3336
vn 0.8894 -0.3053 0.3402
vn 0.8187 -0.3505 0.4548
vn 0.8336 -0.2998 0.4638
vn -0.7502 -0.0437 0.6598
vn -0.7505 -0.0811 0.6559
vn -0.6611 -0.0569 0.7482
vn -0.6589 -0.0960 0.7461
vn -0.9939 -0.0656 0.0886
vn -0.9912 -0.1029 0.0833
vn -0.9890 -0.0539 0.1378
vn -0.9870 -0.0908 0.1326
vn -0.1509 -0.1869 0.9707
vn -0.1450 -0.1478 0.9783
vn -0.3014 -0.1645 0.9392
vn -0.2957 -0.1184 0.9479
vn 0.0021 -0.3808 0.9246
vn -0.0695 -0.3650 0.9284
vn -0.0278 -0.8963 0.4425
vn -0.3912 -0.4062 0.8258
vn -0.2952 -0.3929 0.8709
vn -0.3244 -0.3472 0.8799
vn -0.2591 -0.5622 0.7853
vn -0.3617 -0.5824 0.7280
vn 0.5474 -0.8278 -0.1230
vn 0.5179 -0.8392 -0.1658
vn -0.0588 -0.9894 -0.1326
vn -0.0088 -0.9889 -0.1481
vn -0.0807 -0.9917 -0.1005
vn -0.0410 -0.9928 -0.1129
vn -0.4356 -0.8926 -0.1158
vn -0.3804 -0.9175 -0.1158
vn -0.4071 -0.9087 -0.0922
vn -0.3562 -0.9310 -0.0803
vn -0.7927 -0.6026 -0.0922
vn -0.7873 -0.5931 -0.1688
vn -0.8288 -0.5537 -0.0800
vn -0.8276 -0.5390 -0.1566
vn -0.8713 -0.4307 0.2351
vn -0.8053 -0.4922 0.3305
vn -0.8673 -0.4619 0.1858
vn -0.7842 -0.5754 0.2321
vn 0.1749 -0.6534 0.7366
vn 0.0774 -0.7452 0.6624
vn -0.3732 -0.9270 -0.0376
vn -0.6399 -0.7288 -0.2438
vn -0.5666 -0.7844 -0.2524
vn -0.6755 -0.6937 -0.2501
vn -0.5853 -0.7655 -0.2674
vn -0.3070 -0.9512 -0.0301
vn -0.2961 -0.9549 -0.0221
vn -0.3510 -0.9344 -0.0611
vn -0.3401 -0.9386 -0.0586
vn -0.1373 -0.9890 0.0542
vn -0.1267 -0.9917 0.0222
vn -0.1200 -0.9922 0.0332
vn -0.1064 -0.9943 0.0062
vn 0.3101 -0.9246 -0.2214
vn 0.2621 -0.9392 -0.2218
vn 0.3902 -0.8981 -0.2027
vn 0.3182 -0.9252 -0.2070
vn -0.5587 -0.8285 -0.0392
vn -0.4966 -0.8584 -0.1287
vn -0.5100 -0.8601 0.0136
vn -0.4599 -0.8846 -0.0766
vn -0.0637 -0.9954 0.0720
vn -0.0188 -0.9969 0.0762
vn -0.0551 -0.9854 0.1608
vn -0.0020 -0.9857 0.1683
vn 0.4724 -0.8711 -0.1342
vn 0.4361 -0.8944 -0.0992
vn 0.3494 -0.9156 -0.1987
vn 0.3327 -0.9275 -0.1706
vn 0.7241 0.4748 0.5002
vn 0.4561 -0.2847 0.8431
vn 0.5444 -0.3039 0.7818
vn 0.3471 -0.9079 -0.2350
vn 0.4724 -0.1106 -0.8744
vn 0.2711 -0.9256 -0.2643
vn -0.7957 -0.5578 -0.2361
vn -0.8464 -0.4988 -0.1864
vn -0.6815 0.2419 -0.6907
vn 0.6937 0.5973 -0.4026
vn 0.6827 0.5577 -0.4721
vn -0.0532 0.4172 -0.9072
vn -0.0033 0.3997 -0.9166
vn 0.1218 0.8986 0.4215
vn 0.1132 0.9837 0.1400
vn 0.7245 -0.6010 0.3374
vn 0.7127 -0.6567 0.2468
vn 0.7282 -0.5958 0.3387
vn 0.7178 -0.6494 0.2513
vn 0.3526 -0.9297 -0.1061
vn 0.2805 -0.9513 -0.1276
vn -0.1772 -0.9694 -0.1696
vn -0.1757 -0.9718 -0.1575
vn -0.2387 -0.9541 -0.1811
vn -0.2339 -0.9578 -0.1673
vn -0.7472 -0.6530 -0.1235
vn -0.6927 -0.7045 -0.1544
vn -0.9682 -0.2081 0.1389
vn -0.8978 0.4372 0.0533
vn -0.8968 0.4413 0.0301
vn -0.8166 0.2411 0.5245
vn -0.7689 0.3505 0.5348
vn -0.8623 0.2492 0.4408
vn -0.8116 0.3703 0.4518
vn -0.7884 0.6137 0.0434
vn -0.6157 0.7863 0.0503
vn -0.6018 0.7973 0.0453
vn -0.7219 0.5084 0.4695
vn -0.5861 0.6451 0.4903
vn -0.6098 0.6801 0.4070
vn -0.4153 0.9070 0.0696
vn -0.3961 0.9170 0.0475
vn -0.2430 0.9695 0.0315
vn -0.7745 0.6067 0.1791
vn -0.9341 0.0597 0.3519
vn -0.9487 0.1230 0.2913
vn -0.6541 0.7031 0.2788
vn -0.5024 0.8348 0.2251
vn 0.1104 0.9851 -0.1319
vn 0.0860 0.9812 -0.1730
vn -0.2059 0.9396 0.2734
vn -0.0183 0.9626 0.2705
vn -0.1963 0.9581 0.2088
vn -0.0082 0.9788 0.2047
vn -0.0666 0.4915 0.8683
vn -0.0735 0.3555 0.9318
vn -0.1720 0.3530 0.9197
vn 0.0495 0.9940 0.0972
vn 0.0446 0.9960 0.0771
vn 0.0888 0.9919 0.0904
vn 0.0839 0.9938 0.0730
vn -0.9999 0.0104 -0.0119
vn -0.9998 0.0158 0.0140
vn -0.8882 0.1476 0.4351
vn -0.9013 0.0468 0.4307
vn -0.8406 0.1487 0.5208
vn -0.8554 0.0457 0.5159
vn -0.4487 0.8657 0.2221
vn -0.4124 0.8830 0.2244
vn -0.6002 0.7508 0.2759
vn -0.5637 0.7762 0.2823
vn 0.0533 0.9895 0.1346
vn 0.0561 0.9924 0.1091
vn 0.0976 0.9867 0.1298
vn 0.0955 0.9904 0.1000
vn 0.0129 0.8303 -0.5571
vn 0.0432 0.8131 -0.5806
vn 0.0132 0.8302 -0.5573
vn 0.0439 0.8128 -0.5809
vn -0.0240 0.9232 -0.3836
vn -0.0377 0.9207 -0.3884
vn -0.0246 0.9224 -0.3855
vn -0.0378 0.9199 -0.3903
vn 0.1185 0.9105 -0.3961
vn 0.0952 0.9143 -0.3936
vn 0.1159 0.9106 -0.3966
vn 0.0930 0.9140 -0.3949
vn 0.2156 0.8626 -0.4577
vn 0.2147 0.8630 -0.4573
vn 0.2217 0.8545 -0.4697
vn 0.2206 0.8551 -0.4691
vn 0.2269 0.8134 -0.5356
vn 0.2271 0.8134 -0.5355
vn 0.2264 0.8099 -0.5412
vn 0.2264 0.8096 -0.5416
vn 0.3383 0.7013 -0.6275
vn 0.3389 0.7008 -0.6277
vn 0.3326 0.7027 -0.6290
vn 0.3329 0.7027 -0.6288
vn 0.0793 0.1069 -0.9911
vn 0.1543 0.7637 -0.6269
vn 0.0904 0.0993 -0.9909
vn 0.1791 0.7621 -0.6222
vn -0.5378 0.5974 -0.5950
vn 0.7294 0.6803 0.0723
vn -0.5419 0.7408 0.3968
vn 0.7206 0.4969 0.4836
vn 0.7395 0.6720 0.0403
vn 0.9429 0.3310 0.0371
vn 0.7479 0.6629 0.0343
vn 0.9466 0.3205 0.0339
vn 0.9107 0.0319 0.4119
vn 0.7047 0.1621 0.6907
vn 0.9174 0.0903 0.3875
vn 0.7045 0.2695 0.6566
vn -0.7961 0.6050 -0.0111
vn -0.7740 0.6332 -0.0031
vn -0.4581 0.8888 0.0152
vn -0.4874 -0.6668 0.5638
vn -0.6798 -0.7332 -0.0165
vn -0.6193 0.7848 0.0245
vn -0.6652 0.7456 0.0387
vn 0.8843 0.4622 0.0663
vn 0.8797 0.4685 0.0813
vn 0.0463 -0.9985 0.0290
vn 0.0396 -0.9976 0.0574
vn 0.4608 -0.8676 0.1871
vn 0.8934 0.4456 0.0579
vn 0.8903 0.4520 0.0558
vn 0.5922 0.8037 0.0576
vn 0.5868 0.8077 0.0565
vn -0.5876 0.4166 0.6937
vn -0.5804 0.6433 0.4993
vn -0.3210 0.6693 0.6701
vn -0.4118 -0.9031 0.1221
vn -0.7067 -0.6235 0.3345
vn -0.3970 -0.9063 0.1447
vn -0.6737 -0.6311 0.3845
vn -0.2302 0.9726 0.0336
vn -0.2648 0.9635 0.0401
vn -0.4636 0.8694 0.1709
vn -0.3871 0.9144 0.1184
vn -0.0909 -0.1243 -0.9881
vn -0.0933 -0.1125 -0.9893
vn 0.0034 0.7732 -0.6342
vn 0.0132 0.7679 -0.6404
vn 0.0949 0.7175 0.6900
vn 0.0477 -0.1382 -0.9893
vn 0.1049 -0.5109 0.8532
vn 0.1051 -0.5112 0.8530
vn 0.1484 -0.0149 0.9888
vn 0.1487 -0.0149 0.9888
vn 0.1486 -0.0146 0.9888
vn 0.1057 -0.9936 -0.0399
vn 0.6910 -0.3315 0.6424
vn 0.9811 -0.1918 0.0266
vn 0.9817 -0.1570 0.1077
vn 0.9669 0.2528 0.0347
vn 0.9511 0.3086 0.0078
vn -0.6100 0.7799 0.1402
vn -0.6018 0.7920 0.1025
vn 0.2714 0.4842 0.8318
vn 0.3920 0.4791 0.7853
vn 0.7272 0.6689 -0.1541
vn 0.7773 0.6263 -0.0602
vn -0.5114 0.8549 -0.0874
vn -0.7818 0.3410 -0.5221
vn -0.4461 0.8780 -0.1737
vn -0.3067 -0.8853 -0.3497
vn -0.3377 -0.8702 -0.3587
vn -0.3378 -0.8702 -0.3587
vn -0.1495 -0.9836 -0.1011
vn -0.1739 -0.9796 -0.1006
vn -0.1738 -0.9796 -0.1007
vn 0.6629 -0.6686 0.3371
vn 0.7002 -0.6352 0.3259
vn 0.6989 -0.6989 -0.1520
vn 0.7461 -0.6473 -0.1561
vn -0.1479 -0.8894 -0.4326
vn -0.1381 -0.8670 -0.4788
vn -0.9162 -0.3608 0.1746
vn -0.9056 -0.3921 0.1619
vn 0.8101 0.5062 0.2959
vn 0.4981 0.8436 0.2004
vn 0.7714 0.6340 0.0549
vn 0.7375 0.6735 0.0497
vn 0.7976 0.0060 0.6031
vn 0.8562 0.0105 0.5166
vn 0.8412 0.5338 0.0858
vn 0.6443 0.7615 0.0703
vn 0.9691 -0.2427 0.0441
vn 0.9666 -0.2538 0.0347
vn 0.5460 -0.2134 0.8102
vn 0.3585 -0.2477 0.9001
vn 0.3476 -0.2239 0.9105
vn 0.8851 0.1989 0.4207
vn 0.9167 0.3963 0.0517
vn -0.2505 -0.6447 0.7223
vn -0.2036 -0.4433 0.8730
vn 0.3688 0.7722 -0.5174
vn 0.3792 0.6542 -0.6543
vn 0.4576 0.8872 0.0592
vn 0.2681 0.8976 0.3499
vn 0.2914 0.8810 0.3726
vn 0.2565 0.6388 0.7253
vn 0.7168 -0.5466 0.4329
vn 0.7134 -0.5467 0.4385
vn -0.1270 -0.9806 -0.1495
vn -0.1276 -0.9820 -0.1392
vn -0.9056 -0.3994 0.1428
vn -0.8796 -0.4624 0.1120
vn -0.6329 -0.0075 0.7742
vn -0.6091 0.2196 0.7621
vn 0.9203 -0.3200 0.2250
vn 0.9622 -0.0660 0.2642
vn 0.3150 -0.0505 -0.9477
vn 0.4046 0.2356 -0.8836
vn 0.8374 -0.5452 0.0380
vn 0.8961 -0.4418 0.0424
vn 0.7380 -0.6743 0.0271
vn 0.7520 -0.6592 -0.0080
vn 0.6945 -0.6849 0.2202
vn -0.8437 -0.5354 -0.0391
vn -0.8334 -0.5497 -0.0575
vn -0.8511 -0.4840 0.2034
vn -0.8322 -0.4759 0.2844
vn -0.3070 -0.2624 0.9148
vn -0.2948 -0.3560 0.8868
vn 0.8976 -0.4382 0.0474
vn 0.9309 -0.3624 0.0449
vn 0.7427 -0.3473 0.5726
vn -0.8136 -0.0736 0.5767
vn -0.5467 -0.1189 0.8288
vn -0.4243 -0.1431 0.8941
vn 0.0500 -0.8805 0.4714
vn -0.2231 -0.3504 0.9097
vn -0.1960 -0.3822 0.9031
vn 0.4720 -0.8682 -0.1530
vn 0.5221 -0.8502 -0.0680
vn 0.4603 -0.8821 -0.0997
vn -0.0968 -0.9878 -0.1217
vn -0.5117 -0.8513 -0.1156
vn -0.4567 -0.8801 -0.1300
vn -0.4910 -0.8634 -0.1157
vn -0.8623 -0.5024 -0.0637
vn -0.4843 -0.8001 0.3540
vn -0.9163 -0.3840 0.1138
vn -0.8741 -0.4657 0.1383
vn 0.2581 -0.3654 0.8944
vn -0.2368 -0.9708 -0.0385
vn -0.7405 -0.6497 -0.1720
vn -0.6001 -0.7664 -0.2291
vn -0.3061 -0.9492 -0.0728
vn -0.2668 -0.9637 -0.0023
vn 0.0101 -0.9915 -0.1296
vn -0.0775 -0.9968 -0.0186
vn 0.4571 -0.8713 -0.1787
vn -0.4576 -0.8877 0.0500
vn 0.0576 -0.9834 0.1723
vn 0.1401 -0.8597 0.4912
vn 0.4894 -0.8583 -0.1541
vn 0.4071 -0.2802 0.8694
vn 0.6981 0.4489 0.5579
vn 0.1919 -0.9391 -0.2852
vn -0.8873 -0.4418 -0.1324
vn 0.6551 0.5256 -0.5427
vn -0.0985 0.4396 -0.8928
vn 0.1744 0.2358 -0.9560
vn 0.1774 0.2567 -0.9501
vn 0.1744 0.2360 -0.9560
vn 0.1775 0.2569 -0.9500
vn 0.0704 0.2407 0.9680
vn 0.0634 0.4600 0.8857
vn 0.1374 0.2601 0.9557
vn 0.1286 0.4776 0.8691
vn 0.7699 -0.5964 0.2270
vn 0.4215 -0.8839 -0.2025
vn -0.2403 -0.9154 -0.3229
vn -0.7401 -0.6136 -0.2751
vn -0.9731 -0.1804 0.1432
vn -0.7715 -0.6357 -0.0254
vn -0.9250 0.1448 0.3513
vn -0.8971 0.2556 0.3605
vn -0.8977 0.4313 0.0901
vn -0.7931 0.6056 0.0651
vn -0.6817 0.4780 0.5539
vn -0.7215 0.3303 0.6086
vn -0.6263 0.7763 0.0714
vn -0.4163 0.7528 0.5099
vn -0.5534 0.6007 0.5770
vn -0.4291 0.8969 0.1069
vn -0.2107 0.9758 0.0580
vn -0.7574 0.5905 0.2786
vn 0.0473 0.9987 0.0164
vn 0.1167 0.9930 0.0155
vn 0.1050 0.9943 0.0180
vn 0.0855 0.9595 0.2684
vn 0.0728 0.9353 0.3464
vn -0.0258 0.9372 0.3478
vn -0.0905 0.2173 0.9719
vn -0.0364 0.3552 0.9341
vn -0.0526 0.2167 0.9748
vn -0.9992 -0.0361 -0.0155
vn -0.9992 -0.0398 0.0101
vn -0.9047 -0.0203 0.4256
vn -0.8612 -0.0242 0.5077
vn -0.9653 0.0113 0.2611
vn -0.3634 0.9136 0.1826
vn 0.1020 0.9810 0.1652
vn 0.0485 0.9873 0.1516
vn 0.0130 0.8303 -0.5572
vn 0.0431 0.8132 -0.5804
vn -0.0237 0.9234 -0.3832
vn -0.0374 0.9209 -0.3879
vn 0.0957 0.9144 -0.3934
vn 0.1190 0.9105 -0.3960
vn 0.2222 0.8544 -0.4697
vn 0.2162 0.8625 -0.4575
vn 0.2273 0.8134 -0.5355
vn 0.2266 0.8098 -0.5411
vn 0.3330 0.7027 -0.6288
vn 0.3295 0.7035 -0.6297
vn 0.3296 0.7034 -0.6298
vn 0.3919 0.6684 -0.6322
vn 0.3943 0.6642 -0.6351
vn -0.5151 0.7953 -0.3197
vn 0.7338 0.6765 0.0619
vn 0.7135 0.4436 0.5424
vn 0.9515 0.3060 0.0324
vn -0.8155 0.5786 -0.0150
vn -0.3499 0.7503 0.5609
vn -0.5675 -0.6504 0.5049
vn 0.4826 -0.8755 0.0252
vn 0.0240 -0.9963 0.0821
vn 0.5955 0.8010 0.0608
vn 0.0343 0.8093 -0.5864
vn -0.5210 0.8535 0.0112
vn -0.4251 -0.8999 0.0972
vn -0.6174 0.7865 0.0182
vn -0.2284 0.9730 0.0328
vn -0.0538 -0.9972 -0.0526
vn -0.0745 -0.9958 -0.0526
vn 0.1079 0.7154 0.6904
vn 0.1045 0.7337 0.6714
vn 0.1485 -0.0146 0.9888
vn 0.1488 -0.0145 0.9888
vn 0.1487 -0.0146 0.9888
vn 0.9796 0.1906 0.0637
vn -0.6150 0.7700 0.1698
vn 0.5225 0.4750 0.7081
vn 0.6677 0.7066 -0.2344
vn -0.5571 0.8304 -0.0101
vn -0.8647 0.3375 -0.3720
vn -0.3684 -0.8539 -0.3676
vn -0.3684 -0.8539 -0.3677
vn -0.1279 -0.9867 -0.1005
vn 0.3404 -0.8753 0.3436
vn -0.2124 0.2008 0.9563
vn -0.5072 0.4991 0.7026
vn -0.1531 -0.9002 -0.4076
vn -0.1531 -0.9003 -0.4075
vn -0.9244 -0.3507 0.1501
vn 0.3489 0.8126 -0.4669
vn 0.6562 -0.0399 0.7535
vn 0.9289 0.1878 0.3192
vn 0.8326 0.5061 0.2252
vn 0.9699 -0.2346 0.0645
vn 0.4018 -0.2473 0.8817
vn 0.5976 0.6031 0.5283
vn 0.8608 -0.0376 0.5076
vn 0.7861 -0.0203 0.6178
vn 0.6839 -0.0054 0.7296
vn 0.9945 -0.0877 0.0569
vn 0.9844 -0.1680 0.0522
vn 0.1787 0.2698 -0.9462
vn 0.1812 0.2944 -0.9384
vn 0.1812 0.2941 -0.9384
vn 0.3137 0.8845 0.3453
vn 0.3337 0.9414 0.0492
vn 0.3270 0.9433 0.0568
vn 0.2042 0.9779 0.0458
vn 0.2462 0.7393 0.6267
vn 0.5188 -0.3967 0.7573
vn 0.0276 -0.9908 -0.1322
vn -0.8011 -0.5974 0.0361
vn -0.9773 -0.0004 0.2117
vn -0.9312 0.2684 0.2465
vn 0.8418 -0.0605 0.5364
vn 0.7848 -0.3081 0.5378
vn 0.8447 -0.5352 0.0062
vn 0.6077 -0.7901 0.0803
vn 0.4314 -0.8988 0.0783
vn 0.1903 -0.9788 0.0762
vn -0.3272 -0.9409 0.0872
vn -0.5499 -0.8293 0.0996
vn -0.7304 -0.6732 0.1150
vn -0.8597 -0.4927 0.1344
vn -0.9320 -0.3281 0.1542
vn -0.1608 -0.5171 0.8407
vn -0.1358 -0.3557 0.9247
vn -0.4819 -0.4215 0.7681
vn -0.0473 -0.8059 0.5902
vn -0.1523 -0.5348 0.8311
vn 0.0129 -0.9895 -0.1438
vn -0.3996 -0.9058 -0.1410
vn -0.7877 -0.6159 -0.0119
vn -0.7205 -0.6910 -0.0580
vn 0.7572 -0.6035 0.2501
vn 0.6902 0.6389 -0.3396
vn 0.9372 0.2899 -0.1939
vn 0.0487 0.3892 -0.9198
vn -0.1049 -0.2217 -0.9694
vn 0.1080 0.9930 0.0480
vn 0.7208 -0.5437 0.4300
vn 0.4162 -0.9059 -0.0786
vn 0.4858 -0.8586 -0.1637
vn -0.1256 -0.9789 -0.1612
vn -0.6776 -0.6673 -0.3091
vn -0.6327 -0.7534 -0.1789
vn -0.9412 -0.3074 0.1404
vn -0.3687 0.9287 0.0393
vn -0.1914 0.8492 -0.4922
vn -0.6193 0.7356 -0.2744
vn -0.1118 0.8645 -0.4900
vn -0.5573 0.7907 -0.2535
vn 0.0981 0.9743 0.2030
vn -0.0224 0.4911 0.8708
vn -0.9991 -0.0381 -0.0204
vn -0.9999 0.0033 -0.0168
vn -0.9376 0.0492 0.3443
vn -0.9404 -0.0066 0.3399
vn -0.9970 -0.0299 0.0721
vn -0.9988 -0.0238 0.0436
vn -0.1332 0.9791 0.1535
vn -0.0321 0.9900 0.1371
vn -0.9393 0.1594 0.3038
vn -0.9302 0.0480 0.3639
vn 0.0520 0.7993 -0.5987
vn 0.0734 0.7960 -0.6008
vn 0.0516 0.7998 -0.5980
vn 0.0729 0.7962 -0.6007
vn -0.0495 0.9156 -0.3991
vn -0.0502 0.9152 -0.3998
vn 0.0726 0.9167 -0.3930
vn 0.0731 0.9167 -0.3928
vn 0.2074 0.8709 -0.4455
vn 0.2080 0.8709 -0.4454
vn 0.2283 0.8175 -0.5288
vn 0.2278 0.8176 -0.5289
vn 0.3386 0.7014 -0.6272
vn 0.0922 0.0981 -0.9909
vn 0.1825 0.7619 -0.6214
vn 0.7355 0.6757 0.0498
vn 0.9411 0.3354 0.0423
vn 0.9237 0.1494 0.3528
vn 0.7031 0.3797 0.6012
vn -0.7691 0.6390 0.0093
vn -0.0920 0.7012 0.7070
vn 0.8879 0.4563 0.0586
vn 0.0430 -0.9991 0.0038
vn 0.4749 -0.8723 0.1169
vn 0.5831 0.8104 0.0574
vn -0.5762 0.4087 0.7078
vn -0.3774 -0.9099 0.1725
vn -0.6273 -0.6398 0.4440
vn -0.3304 0.9427 0.0457
vn -0.4989 0.8355 0.2304
vn 0.1744 0.7016 -0.6909
vn -0.8377 0.4300 -0.3368
vn -0.0610 -0.9971 -0.0459
vn 0.0501 -0.1366 -0.9894
vn 0.1047 -0.5109 0.8532
vn 0.1534 0.9870 0.0484
vn 0.1502 0.9884 0.0215
vn -0.5599 -0.8264 -0.0593
vn -0.9637 -0.2627 -0.0475
vn -0.8028 -0.1570 0.5752
vn -0.9851 -0.0827 0.1507
vn 0.9656 0.2570 0.0402
vn 0.9593 0.2735 0.0707
vn 0.4888 -0.8646 0.1169
vn 0.1686 0.4907 0.8549
vn 0.8138 0.5791 0.0488
vn -0.3556 0.8963 -0.2648
vn -0.2769 -0.8984 -0.3410
vn -0.2774 -0.8983 -0.3407
vn -0.2017 -0.9747 -0.0964
vn -0.2018 -0.9747 -0.0964
vn 0.1129 0.9039 0.4125
vn 0.1129 0.9039 0.4126
vn -0.0230 0.4973 0.8672
vn -0.0231 0.4971 0.8674
vn 0.6491 -0.7483 -0.1367
vn -0.1335 -0.8557 -0.5000
vn -0.1334 -0.8557 -0.5000
vn 0.0972 0.9937 -0.0565
vn 0.0207 0.9981 -0.0574
vn 0.3590 0.8077 -0.4677
vn 0.4880 0.8709 0.0584
vn 0.3126 -0.2691 0.9109
vn 0.5607 0.8136 0.1538
vn 0.5246 0.0093 0.8513
vn 0.9981 0.0040 0.0608
vn 0.1835 0.7553 -0.6291
vn 0.1418 0.7641 -0.6293
vn 0.1759 0.7497 -0.6380
vn 0.1563 0.1237 -0.9799
vn 0.2193 0.9116 0.3476
vn 0.1668 0.9850 0.0445
vn 0.1866 0.7564 0.6269
vn 0.2597 -0.0151 0.9656
vn 0.4181 -0.3573 0.8352
vn 0.0945 -0.9867 -0.1321
vn -0.7638 -0.6454 0.0085
vn 0.5126 -0.8582 -0.0263
vn -0.4697 -0.8715 -0.1413
vn -0.9957 0.0014 0.0927
vn -0.9517 0.2693 0.1473
vn 0.7496 -0.0445 0.6604
vn 0.6872 -0.2831 0.6690
vn 0.2278 -0.0435 -0.9727
vn 0.8487 -0.5287 0.0071
vn -0.0351 -0.9975 -0.0608
vn -0.0585 -0.9952 0.0783
vn -0.1173 -0.6598 0.7423
vn 0.9410 -0.3371 0.0300
vn 0.9224 -0.3064 0.2351
vn -0.5473 -0.0801 0.8331
vn -0.9804 -0.0465 0.1914
vn -0.5738 -0.4336 0.6948
vn 0.3359 -0.9416 -0.0242
vn -0.7607 -0.6458 -0.0658
vn -0.7154 -0.5508 0.4299
vn -0.9249 -0.3533 0.1402
vn 0.5653 -0.4459 0.6940
vn -0.7095 -0.6598 -0.2475
vn -0.5982 -0.7492 -0.2845
vn -0.3847 -0.9183 -0.0937
vn -0.1497 -0.9865 0.0657
vn 0.2031 -0.9572 -0.2063
vn -0.5300 -0.8277 -0.1843
vn -0.1084 -0.9923 0.0601
vn 0.3073 -0.9434 -0.1245
vn 0.6922 -0.0242 -0.7213
vn -0.5225 0.1056 -0.8461
vn 0.6769 0.6801 -0.2814
vn 0.1012 0.3850 -0.9173
vn -0.0237 0.2650 -0.9640
vn -0.0961 0.9951 0.0218
vn -0.7499 0.6610 0.0254
vn -0.2923 0.9398 0.1771
vn -0.3176 0.9359 0.1525
vn -0.9290 0.3139 0.1959
vn -0.0592 0.9946 -0.0851
vn -0.2301 0.9618 0.1485
vn -0.4635 0.8494 -0.2523
vn -0.0684 0.8731 -0.4827
vn -0.1839 0.9712 0.1512
vn -0.1509 0.9776 0.1466
vn -0.0365 0.9913 0.1262
vn 0.0733 0.7947 -0.6025
vn -0.0498 0.9144 -0.4018
vn 0.0701 0.9162 -0.3944
vn 0.2057 0.8716 -0.4450
vn 0.2280 0.8176 -0.5287
vn 0.3281 0.7253 -0.6052
vn 0.3227 0.7775 -0.5398
vn 0.3709 0.6838 -0.6284
vn 0.3061 0.7794 -0.5466
vn -0.5722 0.8177 0.0621
vn 0.9408 0.3353 0.0499
vn 0.9276 0.1889 0.3224
vn -0.7624 0.6464 0.0303
vn -0.6080 0.7936 0.0230
vn 0.0383 -0.9992 -0.0148
vn 0.4794 -0.8754 0.0624
vn 0.5775 0.8141 0.0619
vn -0.2372 0.1511 0.9596
vn -0.5524 0.4428 0.7063
vn -0.3508 -0.9146 0.2011
vn -0.6427 0.2449 -0.7259
vn -0.0597 0.9593 0.2759
vn -0.0874 0.9639 0.2516
vn -0.4109 0.7601 0.5034
vn -0.4764 0.6618 -0.5788
vn -0.4389 0.7477 -0.4982
vn -0.4794 0.7371 -0.4762
vn -0.8129 0.5033 -0.2929
vn 0.1047 -0.5110 0.8532
vn -0.2123 -0.9763 -0.0413
vn -0.2354 -0.9710 -0.0416
vn -0.2353 -0.9710 -0.0416
vn 0.9693 -0.1685 0.1793
vn 0.9684 -0.1905 0.1609
vn 0.9704 0.2414 0.0119
vn -0.1556 -0.1402 0.9778
vn -0.1555 -0.1401 0.9778
vn 0.0824 0.4995 0.8624
vn 0.0064 0.0815 0.9967
vn 0.8330 0.5333 0.1472
vn 0.9862 0.0477 -0.1585
vn -0.2518 0.9046 -0.3441
vn -0.2462 -0.9106 -0.3319
vn -0.2467 -0.9106 -0.3315
vn -0.2337 -0.9681 -0.0901
vn -0.2341 -0.9681 -0.0895
vn -0.1713 0.6983 0.6950
vn 0.3632 0.7814 0.5075
vn 0.2481 0.7887 0.5625
vn -0.4248 -0.8263 -0.3698
vn -0.4247 -0.8264 -0.3698
vn -0.3874 -0.8558 -0.3429
vn -0.9306 -0.2728 0.2439
vn 0.3548 0.6644 -0.6577
vn 0.3673 0.7915 -0.4885
vn 0.4697 0.8758 0.1115
vn 0.4981 0.8546 0.1467
vn 0.1705 0.7471 -0.6425
vn 0.1156 -0.1030 -0.9879
vn 0.1157 -0.1029 -0.9879
vn 0.1744 0.6852 0.7072
vn 0.2250 0.6705 0.7070
vn 0.2811 0.9485 0.1464
vn 0.1666 -0.9774 -0.1303
vn 0.1877 -0.9733 -0.1324
vn -0.7546 -0.6551 -0.0374
vn -0.7226 -0.6910 -0.0195
vn -1.0000 0.0071 -0.0008
vn -0.9589 0.2752 0.0692
vn 0.6237 -0.0190 0.7814
vn 0.5588 -0.2462 0.7919
vn 0.0823 -0.0362 -0.9960
vn 0.1453 -0.0393 -0.9886
vn 0.1277 0.2674 -0.9551
vn -0.1647 -0.0045 -0.9863
vn 0.4605 -0.4176 0.7833
vn 0.4309 -0.5320 0.7289
vn 0.1299 -0.7094 0.6927
vn 0.2327 -0.6831 0.6923
vn 0.0199 -0.7091 0.7048
vn 0.3114 -0.2483 0.9173
vn -0.9959 -0.0800 0.0434
vn -0.3864 -0.8425 0.3754
vn -0.6682 -0.4364 0.6026
vn 0.7393 -0.5717 0.3559
vn 0.2088 -0.8977 0.3879
vn 0.0388 -0.9465 0.3203
vn 0.7612 0.0278 -0.6479
vn -0.4608 0.0538 -0.8859
vn 0.6564 0.7168 -0.2352
vn 0.1462 0.3812 -0.9129
vn -0.4168 0.7387 -0.5297
vn -0.4526 0.2427 0.8580
vn -0.4154 0.0667 0.9072
vn -0.9586 0.2743 0.0768
vn -0.9890 0.1339 0.0633
vn -0.4182 0.8815 -0.2194
vn -0.0487 0.8822 -0.4684
vn 0.0935 0.9953 0.0268
vn -0.2680 0.9458 0.1832
vn -0.9435 -0.0314 0.3298
vn -0.9756 -0.2192 0.0128
vn -0.9753 -0.2181 0.0345
vn -0.1305 -0.9915 0.0012
vn -0.1305 -0.9914 0.0013
vn 0.9404 0.3352 0.0573
vn 0.9296 0.2241 0.2925
vn -0.7680 0.6382 0.0544
vn -0.6836 0.4195 0.5972
vn -0.5957 0.8020 0.0434
vn 0.0372 -0.9990 -0.0260
vn 0.5714 0.8176 0.0710
vn -0.3138 -0.9220 0.2267
vn -0.3304 -0.9434 -0.0302
vn -0.1102 0.9676 0.2273
vn -0.4595 0.7680 0.4462
vn 0.1807 0.9177 0.3539
vn -0.9941 -0.0836 0.0687
vn 0.1046 -0.5111 0.8532
vn 0.1488 -0.0150 0.9888
vn 0.8964 -0.3994 0.1921
vn 0.7578 -0.6389 0.1323
vn 0.7079 -0.6990 0.1012
vn 0.0071 0.5115 0.8592
vn 0.8384 0.5052 0.2044
vn -0.1572 0.9034 -0.3990
vn -0.2092 -0.9242 -0.3194
vn -0.2091 -0.9243 -0.3193
vn -0.2696 -0.9595 -0.0813
vn -0.2696 -0.9596 -0.0812
vn -0.0140 -0.9533 -0.3017
vn 0.5030 -0.8541 -0.1320
vn 0.1068 -0.9902 -0.0898
vn -0.4247 -0.8314 -0.3582
vn -0.4247 -0.8315 -0.3581
vn -0.4901 0.8700 -0.0546
vn 0.3063 0.9460 0.1062
vn 0.3208 0.9443 0.0728
vn 0.3712 -0.5139 0.7734
vn 0.3209 -0.6232 0.7132
vn 0.2741 -0.9515 0.1395
vn 0.5552 -0.4486 0.7004
vn -0.8642 -0.4859 -0.1311
vn -0.9968 -0.0684 0.0404
vn -0.9603 0.0742 0.2688
vn 0.3756 0.6731 -0.6371
vn -0.2231 -0.8751 0.4294
vn -0.1866 -0.3391 0.9221
vn 0.8349 0.3717 -0.4060
vn 0.1046 -0.5107 0.8534
vn -0.4971 -0.8665 -0.0448
vn 0.9665 -0.2152 0.1398
vn 0.0388 -0.9524 -0.3024
vn -0.1597 -0.2070 0.9652
vn -0.8909 -0.4534 -0.0282
vn 0.9634 -0.2659 0.0330
vn 0.3525 0.6483 -0.6749
vn 0.3797 0.6374 -0.6705
vn -0.1652 -0.9251 -0.3418
vn 0.2854 0.9578 -0.0333
vn 0.2984 -0.3261 0.8970
vn -0.1284 -0.9832 -0.1299
vn -0.8778 -0.4772 0.0410
vn -0.0271 -0.1034 0.9943
vn 0.9381 -0.1952 -0.2860
vn -0.7693 0.0255 -0.6384
vn 0.7973 -0.5629 0.2179
vn -0.7948 -0.6032 -0.0665
vn -0.7598 -0.4571 0.4624
vn 0.9018 -0.4293 0.0491
vn -0.8994 -0.1764 0.3999
vn -0.9614 -0.2729 -0.0363
vn 0.3027 -0.4495 0.8405
vn 0.3037 -0.3817 0.8730
vn 0.6725 -0.5211 0.5256
vn 0.4843 -0.3932 0.7816
vn 0.5631 -0.8214 0.0904
vn 0.4706 -0.8798 0.0665
vn 0.3499 -0.8057 0.4780
vn 0.5970 0.8007 0.0492
vn 0.3800 0.3901 -0.8387
vn -0.3103 0.6060 -0.7324
vn -0.1720 -0.2290 0.9581
vn -0.9327 -0.2468 0.2631
vn -0.4375 0.8859 0.1546
vn 0.0433 0.9740 -0.2226
vn 0.1274 0.9912 0.0349
vn 0.0457 0.8479 0.5282
vn -0.9952 -0.0285 0.0940
vn -0.7437 0.0258 0.6681
vn -0.9752 0.0151 0.2207
vn -0.9830 -0.0180 0.1828
vn -0.0388 0.8665 -0.4976
vn 0.0035 0.9220 -0.3871
vn 0.1567 0.9003 -0.4061
vn 0.2287 0.8394 -0.4930
vn 0.2260 0.8033 -0.5511
vn 0.3136 0.7294 -0.6080
vn 0.1877 0.7980 -0.5726
vn 0.7943 0.6058 0.0454
vn -0.8388 0.5437 0.0275
vn 0.9615 0.2562 0.0996
vn -0.8241 0.5168 0.2318
vn -0.7807 -0.6039 0.1606
vn 0.3124 -0.8509 0.4223
vn 0.4924 0.8361 0.2417
vn 0.0525 0.9376 0.3437
vn -0.4561 -0.8896 -0.0240
vn -0.1627 0.9807 0.1081
vn -0.2749 0.6901 0.6694
vn 0.9689 0.1441 -0.2011
vn 0.9917 -0.1267 0.0240
vn 0.9838 -0.0114 0.1787
vn 0.1732 0.9832 0.0568
vn 0.1737 0.9832 0.0563
vn -0.4419 0.6651 0.6019
vn 0.8298 0.4798 0.2850
vn 0.1819 0.8596 -0.4775
vn -0.0609 -0.9549 -0.2907
vn -0.0606 -0.9549 -0.2908
vn -0.3511 -0.9275 -0.1284
vn -0.3511 -0.9275 -0.1283
vn -0.0045 -0.9910 -0.1339
vn -0.0045 -0.9910 -0.1338
vn 0.5754 -0.8079 -0.1275
vn 0.0933 -0.9470 -0.3073
vn 0.0933 -0.9471 -0.3072
vn 0.1263 0.7117 0.6911
vn 0.9979 -0.0212 0.0611
vn 0.6224 0.6611 0.4191
vn 0.9974 -0.0115 0.0709
vn 0.9696 -0.2396 0.0486
vn 0.3142 0.9403 0.1310
vn 0.3427 0.9381 -0.0504
vn 0.4363 0.0165 0.8997
vn 0.7447 0.3431 0.5724
vn 0.6700 0.3326 0.6636
vn 0.5816 0.3102 0.7521
vn 0.9780 0.1990 0.0632
vn 0.9572 0.2811 0.0689
vn -0.2631 -0.9021 0.3420
vn -0.2226 -0.9555 0.1938
vn -0.2631 -0.9021 0.3419
vn -0.2226 -0.9555 0.1937
vn 0.2002 0.9761 0.0847
vn 0.1725 0.9815 0.0835
vn 0.3306 0.9323 0.1465
vn 0.2288 0.9629 0.1432
vn 0.2313 0.9679 0.0979
vn 0.2809 0.9402 -0.1928
vn 0.2827 0.9387 -0.1972
vn 0.3968 0.6386 -0.6593
vn 0.6837 -0.7109 0.1648
vn -0.2960 -0.9391 -0.1747
vn -0.2362 -0.0576 0.9700
vn -0.3220 -0.0445 0.9457
vn 0.9582 -0.2858 0.0134
vn 0.9508 -0.3000 0.0773
vn -0.8725 0.0411 -0.4869
vn 0.9035 -0.4278 0.0267
vn 0.8498 -0.5268 0.0193
vn 0.8466 -0.5305 0.0438
vn 0.5927 -0.8054 -0.0032
vn 0.3979 -0.9170 -0.0289
vn 0.5159 -0.7969 0.3145
vn 0.3507 -0.8789 0.3235
vn -0.0536 -0.9956 -0.0774
vn 0.1638 -0.9849 -0.0558
vn 0.1390 -0.9331 0.3318
vn -0.0829 -0.9368 0.3399
vn -0.2828 -0.9548 -0.0918
vn -0.3150 -0.8825 0.3492
vn -0.6755 -0.7327 -0.0827
vn -0.4924 -0.8654 -0.0930
vn -0.5091 -0.7841 0.3549
vn -0.6767 -0.6420 0.3604
vn -0.9111 -0.4094 -0.0484
vn -0.8710 -0.3069 0.3837
vn 0.7579 -0.2936 0.5825
vn -0.8127 -0.0329 0.5817
vn -0.9901 -0.1405 0.0058
vn -0.9785 -0.2064 -0.0015
vn -0.4221 -0.1026 0.9007
vn 0.2381 -0.8337 0.4982
vn -0.4469 -0.5986 0.6648
vn -0.6226 -0.5880 0.5163
vn 0.6556 -0.5095 0.5572
vn -0.5439 -0.8061 -0.2332
vn -0.2568 -0.9664 0.0128
vn -0.0927 -0.9957 0.0018
vn 0.3558 -0.9114 -0.2067
vn 0.3436 -0.9152 -0.2107
vn -0.4199 -0.9069 -0.0346
vn 0.0305 -0.9966 0.0771
vn 0.5773 0.4593 -0.6751
vn 0.5278 0.4300 -0.7325
vn -0.2097 0.5299 -0.8217
vn -0.1709 0.5047 -0.8462
vn 0.1908 0.3498 -0.9172
vn 0.3943 -0.3526 0.8486
vn 0.3511 -0.3453 0.8703
vn 0.6912 -0.7016 0.1731
vn 0.2067 -0.9679 -0.1431
vn -0.3035 -0.9333 -0.1920
vn -0.7971 -0.5978 -0.0851
vn -0.9719 -0.2100 0.1066
vn -0.9772 -0.1813 0.1105
vn -0.7654 0.2298 0.6011
vn -0.7873 0.1441 0.5994
vn -0.9984 0.0206 0.0530
vn -0.8021 0.0536 0.5948
vn -0.6600 0.6882 -0.3014
vn -0.3089 0.8240 -0.4749
vn -0.0162 0.8482 -0.5294
vn -0.0157 0.8482 -0.5294
vn -0.0097 0.9232 -0.3842
vn -0.0107 0.9224 -0.3860
vn 0.1395 0.9056 -0.4006
vn 0.1375 0.9055 -0.4014
vn 0.2262 0.8467 -0.4816
vn 0.2250 0.8474 -0.4809
vn 0.2263 0.8062 -0.5467
vn 0.2264 0.8065 -0.5462
vn 0.3293 0.7034 -0.6300
vn 0.3739 0.6997 -0.6088
vn -0.5489 0.8358 0.0059
vn -0.5395 0.8420 -0.0004
vn -0.5979 0.4530 0.6613
vn -0.6292 0.3398 0.6990
vn 0.9721 0.2303 0.0455
vn 0.9703 0.2388 0.0389
vn -0.8557 0.3386 0.3913
vn -0.8484 0.3986 0.3485
vn -0.5736 0.5592 0.5986
vn -0.5472 0.8368 0.0162
vn -0.8339 0.5518 -0.0045
vn -0.8310 0.5561 -0.0102
vn -0.0213 -0.9870 0.1595
vn 0.0563 -0.9980 -0.0301
vn 0.7255 0.2644 -0.6354
vn 0.7178 0.2724 -0.6407
vn -0.4450 -0.8945 0.0438
vn -0.4501 -0.8927 0.0222
vn -0.1682 0.9838 0.0612
vn -0.1779 0.9829 0.0478
vn -0.3243 -0.8430 -0.4292
vn -0.2919 -0.9024 -0.3171
vn 0.9500 0.1811 -0.2545
vn 0.0533 -0.3806 0.9232
vn 0.0544 -0.3911 0.9187
vn -0.9005 -0.4324 -0.0459
vn -0.6161 0.7554 0.2231
vn -0.6118 0.7483 0.2565
vn 0.7779 0.4699 0.4173
vn 0.7244 0.4694 0.5048
vn 0.5332 0.7684 -0.3539
vn 0.4545 0.7953 -0.4011
vn 0.0085 -0.9555 -0.2949
vn 0.0085 -0.9555 -0.2948
vn -0.3487 -0.9056 -0.2415
vn -0.3478 -0.8957 -0.2769
vn -0.3486 -0.9056 -0.2416
vn -0.3478 -0.8957 -0.2770
vn -0.0840 -0.9914 -0.0999
vn -0.0561 -0.9941 -0.0930
vn -0.0841 -0.9914 -0.0998
vn -0.0561 -0.9941 -0.0929
vn 0.1646 0.9790 0.1206
vn 0.1647 0.9790 0.1204
vn 0.1409 -0.9861 -0.0880
vn -0.6062 -0.7953 -0.0054
vn -0.2164 -0.9431 -0.2523
vn -0.1303 -0.9717 -0.1969
vn 0.9599 -0.2767 0.0457
vn 0.9317 0.3573 0.0650
vn 0.3127 0.9366 -0.1583
vn -0.8197 -0.5690 -0.0652
vn -0.8033 -0.4666 0.3700
vn -0.9780 -0.1794 0.1067
vn -0.9722 -0.2111 0.1009
vn 0.1235 0.9921 0.0216
vn 0.0603 0.8972 0.4374
vn -0.9981 -0.0387 0.0483
vn -0.8103 -0.0018 0.5860
vn -0.4263 0.7910 -0.4388
vn -0.7022 0.6457 -0.3000
vn -0.0161 0.8485 -0.5290
vn -0.0093 0.9234 -0.3838
vn 0.1399 0.9056 -0.4005
vn 0.2264 0.8467 -0.4815
vn 0.2264 0.8065 -0.5461
vn 0.3271 0.7095 -0.6242
vn 0.4694 0.6318 -0.6168
vn -0.0357 0.4522 0.8912
vn 0.5748 -0.7826 0.2390
vn 0.5749 -0.7825 0.2391
vn -0.1212 -0.9855 -0.1187
vn 0.6079 0.7883 0.0954
vn -0.6009 -0.0328 -0.7987
vn -0.7343 0.6778 0.0387
vn -0.7342 0.6779 0.0387
vn 0.1898 0.3473 -0.9184
vn 0.2280 0.4178 -0.8795
vn 0.9918 0.1114 0.0633
vn 0.9160 0.3981 0.0491
vn -0.2761 -0.7802 0.5614
vn -0.2761 -0.7801 0.5614
vn -0.4544 -0.0255 0.8905
vn 0.9386 -0.3117 0.1477
vn -0.9098 0.3329 -0.2481
vn -0.9327 0.0482 -0.3575
vn 0.8370 -0.5456 0.0420
vn 0.9370 -0.3467 0.0424
vn -0.5330 -0.6025 0.5940
vn 0.6171 0.4917 -0.6144
vn -0.1366 0.4709 -0.8715
vn 0.1796 0.2715 -0.9455
vn 0.1795 0.2715 -0.9455
vn -0.9889 -0.1476 0.0180
vn 0.9611 0.2739 0.0347
vn -0.8644 0.2691 0.4247
vn -0.8247 0.5654 -0.0138
vn -0.4591 0.8306 -0.3152
vn -0.4695 0.8286 -0.3050
vn 0.0032 -0.9936 0.1133
vn 0.5498 0.8332 0.0590
vn -0.4366 -0.8969 0.0695
vn -0.2068 0.9777 0.0372
vn 0.0438 -0.9977 -0.0510
vn -0.6168 0.7622 0.1965
vn 0.6395 0.4715 0.6073
vn 0.6033 0.7391 -0.2997
vn -0.5860 0.8086 0.0534
vn -0.1071 -0.9891 -0.1013
vn -0.9435 -0.2313 0.2375
vn 0.9607 -0.2735 0.0479
vn -0.9880 -0.1530 0.0210
vn 0.1654 0.8063 -0.5679
vn 0.1654 0.8062 -0.5681
vn 0.1654 0.8062 -0.5680
vn 0.1654 0.8063 -0.5680
vn -0.9435 -0.2918 0.1572
vn -0.2191 -0.9735 -0.0652
vn -0.8824 -0.3017 0.3610
vn -0.2219 -0.9736 -0.0533
vn 0.7875 -0.6146 0.0457
vn 0.7827 -0.6125 0.1106
vn -0.0705 -0.9631 -0.2598
vn -0.1529 -0.9839 -0.0926
vn 0.6017 -0.2671 -0.7527
vn -0.1123 -0.1363 0.9843
vn 0.0196 -0.7619 -0.6473
vn -0.1696 -0.4692 0.8667
vn 0.6184 -0.5734 0.5374
vn 0.5024 -0.5408 0.6746
vn -0.1493 -0.9876 -0.0488
vn -0.1544 -0.9871 -0.0426
vn -0.5928 -0.3177 0.7401
vn -0.2107 -0.9771 -0.0288
vn -0.4449 -0.3237 0.8350
vn -0.2003 -0.9793 -0.0278
vn -0.1975 -0.1193 0.9730
vn -0.2635 -0.4520 0.8522
vn 0.1075 -0.1772 -0.9783
vn 0.0528 -0.3720 -0.9267
vn 0.0481 -0.1645 -0.9852
vn 0.0037 -0.3613 -0.9324
vn 0.7715 -0.6096 0.1824
vn 0.7460 -0.6043 0.2798
vn -0.1475 -0.9869 -0.0657
vn -0.1462 -0.9874 -0.0612
vn 0.4416 -0.1522 -0.8842
vn 0.5158 -0.2005 -0.8329
vn 0.0856 -0.6292 -0.7725
vn 0.0504 -0.7029 -0.7095
vn 0.2441 -0.0580 -0.9680
vn 0.3110 -0.0848 -0.9466
vn 0.0958 -0.4153 -0.9046
vn 0.1298 -0.4352 -0.8910
vn -0.1344 -0.3549 0.9252
vn -0.1885 -0.3461 0.9191
vn -0.1767 -0.9837 -0.0336
vn -0.1855 -0.9821 -0.0340
vn -0.0281 -0.3785 0.9252
vn -0.0853 -0.3647 0.9272
vn -0.1785 -0.9835 -0.0307
vn -0.1812 -0.9830 -0.0298
vn -0.1719 -0.6498 -0.7404
vn -0.1468 -0.5832 -0.7990
vn -0.3342 -0.3305 0.8827
vn -0.1937 -0.9807 -0.0278
vn -0.2517 -0.3382 0.9068
vn -0.1892 -0.9815 -0.0288
vn -0.4397 -0.0340 -0.8975
vn -0.3215 -0.0139 -0.9468
vn -0.1926 -0.7047 -0.6828
vn -0.8922 -0.2941 -0.3428
vn -0.2458 -0.8900 -0.3840
vn -0.9368 -0.2852 -0.2027
vn -0.2685 -0.9195 -0.2870
vn -0.9451 -0.2840 -0.1614
vn -0.2099 -0.9731 -0.0949
vn -0.9545 -0.2840 -0.0910
vn -0.2175 -0.9731 -0.0764
vn 0.1741 -0.0347 -0.9841
vn 0.0593 -0.3966 -0.9161
vn -0.7569 -0.3110 0.5749
vn -0.2204 -0.9747 -0.0379
vn -0.0570 -0.9314 -0.3596
vn 0.1065 -0.0162 -0.9942
vn 0.0216 -0.3882 -0.9213
vn 0.0736 -0.0084 -0.9973
vn -0.0003 -0.3893 -0.9211
vn -0.9580 -0.2863 0.0137
vn -0.2191 -0.9731 -0.0717
vn 0.2386 -0.4578 0.8564
vn 0.1339 -0.4251 0.8952
vn -0.1667 -0.9854 -0.0354
vn -0.1715 -0.9846 -0.0344
vn 0.7801 -0.6162 -0.1081
vn 0.3749 -0.1150 -0.9199
vn 0.0859 -0.5651 -0.8205
vn 0.6981 -0.5934 0.4007
vn -0.1468 -0.9876 -0.0554
vn -0.1065 -0.5282 -0.8424
vn 0.3635 -0.4978 0.7874
vn -0.1611 -0.9862 -0.0384
vn 0.0489 -0.0053 -0.9988
vn -0.0129 -0.3979 -0.9173
vn -0.0014 -0.0004 -1.0000
vn -0.0410 -0.4021 -0.9147
vn 0.0432 -0.3980 0.9164
vn -0.1755 -0.9839 -0.0337
vn -0.0622 0.0024 -0.9981
vn -0.0726 -0.3996 -0.9138
vn -0.1332 0.0021 -0.9911
vn -0.2179 -0.0026 -0.9760
vn 0.0993 0.7876 -0.6081
vn 0.1218 0.8220 -0.5563
vn 0.1209 0.7937 -0.5962
vn 0.1273 0.7999 -0.5865
vn 0.1320 0.8035 -0.5805
vn 0.1137 0.7929 -0.5986
vn 0.1336 0.8328 -0.5373
vn 0.1333 0.8027 -0.5813
vn 0.1463 0.7936 -0.5906
vn 0.1584 0.8055 -0.5711
vn 0.1144 0.8184 -0.5631
vn 0.1493 0.8040 -0.5755
vn 0.1372 0.7995 -0.5848
vn 0.0550 0.7927 -0.6071
vn 0.1336 0.8034 -0.5802
vn 0.0922 0.8015 -0.5908
vn 0.0789 0.8172 -0.5709
vn 0.1328 0.8087 -0.5730
vn 0.1178 0.8245 -0.5534
vn 0.1225 0.8085 -0.5756
vn 0.1129 0.8088 -0.5772
vn 0.0701 0.8085 -0.5843
vn 0.1584 0.8059 -0.5705
vn 0.1548 0.8043 -0.5736
vn 0.1213 0.8085 -0.5759
vn 0.1137 0.8088 -0.5770
vn 0.0833 0.8094 -0.5813
vn 0.0628 0.8133 -0.5784
vn 0.0834 0.8094 -0.5813
vn 0.0893 0.8166 -0.5702
vn 0.1284 0.8052 -0.5789
vn 0.1445 0.7970 -0.5864
vn 0.1569 0.8035 -0.5742
vn 0.0653 0.8059 -0.5885
vn 0.0812 0.8012 -0.5929
vn 0.1614 0.7987 -0.5796
vn 0.1540 0.8041 -0.5742
vn 0.0474 0.8261 -0.5615
vn 0.1543 0.8040 -0.5743
vn 0.0688 0.8134 -0.5777
vn 0.1541 0.8037 -0.5747
vn 0.1269 0.8109 -0.5713
vn 0.1079 0.8268 -0.5521
vn 0.0933 0.7991 -0.5939
vn 0.1453 0.8044 -0.5761
vn 0.1326 0.8095 -0.5720
vn 0.1308 0.7993 -0.5865
vn 0.1545 0.8040 -0.5742
vn 0.1499 0.8040 -0.5754
vn 0.1335 0.8041 -0.5793
vn 0.1235 0.8207 -0.5578
vn 0.1248 0.7973 -0.5905
vn 0.1565 0.8047 -0.5727
vn 0.1576 0.8052 -0.5717
vn 0.1555 0.8045 -0.5733
vn 0.1501 0.8040 -0.5754
vn 0.1578 0.8050 -0.5719
vn 0.1291 0.8014 -0.5841
vn 0.1273 0.8081 -0.5751
vn 0.0708 0.8056 -0.5883
vn 0.1340 0.8007 -0.5839
vn 0.1257 0.8146 -0.5663
vn 0.0915 0.8402 -0.5345
vn 0.1247 0.8201 -0.5584
vn 0.1145 0.8168 -0.5654
vn 0.1301 0.8165 -0.5624
vn 0.1228 0.8250 -0.5517
vn 0.1150 0.8256 -0.5524
vn 0.1329 0.8080 -0.5740
vn 0.1228 0.8210 -0.5576
vn 0.1142 0.8242 -0.5546
vn 0.1534 0.8044 -0.5740
vn 0.1365 0.7985 -0.5864
vn 0.0692 0.8104 -0.5818
vt 0.807664 0.169642
vt 0.813047 0.189248
vt 0.804306 0.177651
vt 0.803789 0.190224
vt 0.816178 0.223124
vt 0.817644 0.249759
vt 0.812836 0.243023
vt 0.810098 0.235991
vt 0.814539 0.205628
vt 0.826240 0.186954
vt 0.827524 0.226214
vt 0.807509 0.221231
vt 0.813855 0.163766
vt 0.822220 0.253492
vt 0.827577 0.255954
vt 0.818883 0.160997
vt 0.825164 0.159059
vt 0.052277 0.475620
vt 0.061088 0.475283
vt 0.061755 0.475940
vt 0.061604 0.528161
vt 0.060939 0.528942
vt 0.052342 0.530175
vt 0.005000 0.967292
vt 0.005000 0.962634
vt 0.014271 0.967292
vt 0.014271 0.962634
vt 0.853277 0.230567
vt 0.869104 0.232934
vt 0.857906 0.259207
vt 0.873034 0.259203
vt 0.089040 0.705217
vt 0.085271 0.699310
vt 0.093324 0.701681
vt 0.088164 0.697558
vt 0.847169 0.155253
vt 0.835297 0.156961
vt 0.846487 0.153209
vt 0.834648 0.154998
vt 0.043847 0.687046
vt 0.044437 0.690132
vt 0.038244 0.689401
vt 0.039202 0.692803
vt 0.083859 0.666879
vt 0.097207 0.666879
vt 0.083863 0.669657
vt 0.097239 0.669657
vt 0.842619 0.259212
vt 0.839286 0.228645
vt 0.083809 0.707737
vt 0.081187 0.700654
vt 0.858296 0.151572
vt 0.858925 0.153554
vt 0.005000 0.970471
vt 0.014271 0.970471
vt 0.097859 0.695294
vt 0.092235 0.692556
vt 0.100685 0.687992
vt 0.094532 0.686692
vt 0.014271 0.925421
vt 0.005000 0.925421
vt 0.014271 0.921044
vt 0.005000 0.921044
vt 0.037347 0.675063
vt 0.043612 0.675938
vt 0.037591 0.682807
vt 0.043464 0.681998
vt 0.005000 0.979103
vt 0.005000 0.973650
vt 0.014271 0.979103
vt 0.014271 0.973650
vt 0.095582 0.698484
vt 0.090467 0.695280
vt 0.072828 0.701365
vt 0.076197 0.709169
vt 0.014271 0.903067
vt 0.005000 0.903067
vt 0.014271 0.894460
vt 0.005000 0.894460
vt 0.805083 0.220856
vt 0.808379 0.237311
vt 0.821344 0.255180
vt 0.816660 0.251370
vt 0.103449 0.666879
vt 0.103518 0.669657
vt 0.848636 0.182396
vt 0.861969 0.179768
vt 0.836133 0.184848
vt 0.826813 0.257732
vt 0.842006 0.260980
vt 0.014271 0.913759
vt 0.005000 0.913759
vt 0.014271 0.910490
vt 0.005000 0.910490
vt 0.052293 0.489259
vt 0.061755 0.488656
vt 0.005000 0.917028
vt 0.014271 0.917028
vt 0.043772 0.669657
vt 0.037405 0.669657
vt 0.043804 0.666879
vt 0.037460 0.666879
vt 0.824428 0.157141
vt 0.057143 0.666879
vt 0.057134 0.669657
vt 0.014271 0.985503
vt 0.005000 0.985503
vt 0.042435 0.700532
vt 0.047799 0.696349
vt 0.045821 0.704252
vt 0.051243 0.699136
vt 0.811522 0.244609
vt 0.818099 0.159149
vt 0.812980 0.161967
vt 0.805474 0.204605
vt 0.014271 0.934338
vt 0.005000 0.934338
vt 0.857450 0.261129
vt 0.052325 0.516537
vt 0.061604 0.515471
vt 0.102604 0.677359
vt 0.095891 0.678284
vt 0.806294 0.167997
vt 0.052797 0.708071
vt 0.057909 0.701111
vt 0.014271 0.950438
vt 0.005000 0.950438
vt 0.014271 0.942975
vt 0.005000 0.942975
vt 0.801345 0.190381
vt 0.802375 0.176382
vt 0.062109 0.709182
vt 0.064869 0.701260
vt 0.014271 0.885847
vt 0.005000 0.885847
vt 0.803020 0.204430
vt 0.014271 0.991904
vt 0.005000 0.991904
vt 0.040147 0.696209
vt 0.045500 0.692699
vt 0.014271 0.957855
vt 0.005000 0.957855
vt 0.872824 0.261088
vt 0.454007 0.894453
vt 0.455723 0.878535
vt 0.461776 0.880359
vt 0.349393 0.970132
vt 0.348509 0.964552
vt 0.365502 0.966154
vt 0.447458 0.913101
vt 0.457142 0.898871
vt 0.416597 0.860386
vt 0.412477 0.860802
vt 0.412315 0.850395
vt 0.348982 0.929107
vt 0.356289 0.924941
vt 0.361811 0.930060
vt 0.366364 0.923219
vt 0.373443 0.928269
vt 0.376134 0.919438
vt 0.387269 0.923049
vt 0.384809 0.914415
vt 0.346578 0.924601
vt 0.335584 0.925393
vt 0.330697 0.927469
vt 0.328233 0.921903
vt 0.391715 0.822176
vt 0.382519 0.814999
vt 0.392844 0.820669
vt 0.323443 0.810979
vt 0.328729 0.810954
vt 0.323259 0.820355
vt 0.318782 0.810647
vt 0.345412 0.808126
vt 0.349318 0.805935
vt 0.345865 0.810983
vt 0.339614 0.809513
vt 0.324337 0.678943
vt 0.319637 0.679267
vt 0.322123 0.675856
vt 0.335200 0.676754
vt 0.340604 0.680463
vt 0.334361 0.679370
vt 0.329667 0.678979
vt 0.350079 0.684310
vt 0.345313 0.681963
vt 0.350510 0.679535
vt 0.351747 0.686727
vt 0.306865 0.676443
vt 0.313380 0.680275
vt 0.308630 0.681711
vt 0.303439 0.683894
vt 0.361699 0.708909
vt 0.353849 0.717743
vt 0.352853 0.715831
vt 0.393570 0.742982
vt 0.405453 0.747561
vt 0.393503 0.748103
vt 0.399048 0.722249
vt 0.392043 0.731865
vt 0.390361 0.726443
vt 0.355672 0.718847
vt 0.352633 0.713334
vt 0.357991 0.719102
vt 0.353328 0.693404
vt 0.362935 0.683358
vt 0.384931 0.720569
vt 0.382593 0.712028
vt 0.391963 0.714964
vt 0.387421 0.722146
vt 0.381016 0.719981
vt 0.408118 0.734639
vt 0.419906 0.749051
vt 0.363346 0.779001
vt 0.351885 0.776903
vt 0.352140 0.774451
vt 0.355044 0.771425
vt 0.357399 0.771192
vt 0.353183 0.772525
vt 0.387717 0.810399
vt 0.394417 0.802597
vt 0.397076 0.808808
vt 0.304289 0.919658
vt 0.297141 0.914285
vt 0.307218 0.909332
vt 0.229697 0.807989
vt 0.217089 0.814598
vt 0.215056 0.805037
vt 0.229740 0.821904
vt 0.214241 0.824099
vt 0.285646 0.834513
vt 0.300016 0.848665
vt 0.283898 0.838424
vt 0.277420 0.843864
vt 0.281119 0.841516
vt 0.296549 0.860398
vt 0.268535 0.845888
vt 0.273129 0.845351
vt 0.269063 0.864838
vt 0.238364 0.845214
vt 0.239255 0.838700
vt 0.253204 0.838631
vt 0.251489 0.834741
vt 0.234381 0.832363
vt 0.307070 0.808181
vt 0.312583 0.809636
vt 0.313714 0.828279
vt 0.303173 0.805950
vt 0.286405 0.829182
vt 0.301505 0.803565
vt 0.300600 0.798438
vt 0.286544 0.801618
vt 0.285837 0.796308
vt 0.284116 0.792419
vt 0.295227 0.771273
vt 0.297536 0.771527
vt 0.300359 0.774567
vt 0.300581 0.777007
vt 0.299362 0.772646
vt 0.272229 0.770570
vt 0.281338 0.789373
vt 0.277639 0.787085
vt 0.273341 0.785677
vt 0.268737 0.785229
vt 0.268278 0.770026
vt 0.238196 0.782932
vt 0.253365 0.792659
vt 0.235922 0.789346
vt 0.266092 0.721489
vt 0.263082 0.725828
vt 0.253463 0.713077
vt 0.272540 0.719388
vt 0.268563 0.719947
vt 0.265381 0.708691
vt 0.261323 0.731252
vt 0.259983 0.737870
vt 0.254382 0.730060
vt 0.293279 0.678122
vt 0.301749 0.686275
vt 0.297790 0.694233
vt 0.281812 0.704981
vt 0.300904 0.713073
vt 0.300671 0.715526
vt 0.297861 0.718515
vt 0.295559 0.718749
vt 0.299676 0.717422
vt 0.305864 0.837755
vt 0.367784 0.970683
vt 0.383986 0.964106
vt 0.326606 0.947740
vt 0.310574 0.945719
vt 0.311895 0.938150
vt 0.310359 0.906418
vt 0.300339 0.896196
vt 0.318460 0.912570
vt 0.317699 0.914505
vt 0.422950 0.775403
vt 0.418343 0.767085
vt 0.426975 0.771737
vt 0.425785 0.776019
vt 0.420071 0.775142
vt 0.417500 0.817645
vt 0.413312 0.821305
vt 0.414634 0.817033
vt 0.420406 0.817917
vt 0.420231 0.822358
vt 0.402563 0.783131
vt 0.401298 0.777885
vt 0.404457 0.781084
vt 0.400971 0.785403
vt 0.397075 0.783131
vt 0.437905 0.810382
vt 0.443489 0.810386
vt 0.439179 0.815716
vt 0.435988 0.812450
vt 0.439513 0.808068
vt 0.399701 0.787854
vt 0.394417 0.789268
vt 0.398779 0.790456
vt 0.440768 0.805568
vt 0.446111 0.804127
vt 0.441664 0.802910
vt 0.398212 0.793173
vt 0.398030 0.795942
vt 0.393501 0.795949
vt 0.442203 0.800120
vt 0.442366 0.797273
vt 0.446963 0.797308
vt 0.406615 0.779286
vt 0.406795 0.773883
vt 0.409009 0.777776
vt 0.433827 0.814243
vt 0.433614 0.819678
vt 0.431438 0.815711
vt 0.417201 0.775255
vt 0.414371 0.775728
vt 0.413245 0.771404
vt 0.423294 0.817914
vt 0.427151 0.821932
vt 0.426128 0.817566
vt 0.437635 0.783946
vt 0.443223 0.784139
vt 0.439276 0.786346
vt 0.435708 0.781772
vt 0.438919 0.778640
vt 0.402649 0.808925
vt 0.401337 0.814213
vt 0.401013 0.806571
vt 0.404584 0.811078
vt 0.411619 0.776580
vt 0.428854 0.816824
vt 0.433525 0.779880
vt 0.431123 0.778275
vt 0.433397 0.774443
vt 0.406791 0.812979
vt 0.406862 0.818440
vt 0.409224 0.814624
vt 0.442150 0.794440
vt 0.441562 0.791651
vt 0.445986 0.790525
vt 0.398226 0.798703
vt 0.398799 0.801418
vt 0.428525 0.776985
vt 0.411860 0.815992
vt 0.440591 0.788933
vt 0.399730 0.804057
vt 0.483756 0.766461
vt 0.476673 0.768943
vt 0.477411 0.751561
vt 0.470629 0.754752
vt 0.386119 0.663631
vt 0.383837 0.668905
vt 0.370759 0.658307
vt 0.369158 0.663588
vt 0.258921 0.664299
vt 0.260356 0.669009
vt 0.244075 0.671112
vt 0.245967 0.675568
vt 0.164059 0.768871
vt 0.169396 0.753437
vt 0.168333 0.769975
vt 0.173551 0.754958
vt 0.171326 0.870481
vt 0.177568 0.885835
vt 0.167423 0.873655
vt 0.173944 0.889250
vt 0.292561 0.982830
vt 0.272618 0.977413
vt 0.292974 0.977249
vt 0.273743 0.972241
vt 0.438255 0.934134
vt 0.442822 0.938828
vt 0.422590 0.948784
vt 0.426357 0.953740
vt 0.443679 0.858110
vt 0.432277 0.858450
vt 0.439687 0.840865
vt 0.428685 0.843704
vt 0.364593 0.947434
vt 0.379756 0.946793
vt 0.366239 0.957756
vt 0.382539 0.956667
vt 0.455274 0.838320
vt 0.469207 0.843304
vt 0.456558 0.859217
vt 0.466645 0.862131
vt 0.379339 0.679112
vt 0.374380 0.688883
vt 0.366022 0.673717
vt 0.181684 0.758169
vt 0.189526 0.761293
vt 0.176567 0.772406
vt 0.184386 0.774778
vt 0.279162 0.951262
vt 0.295679 0.957781
vt 0.276160 0.961665
vt 0.293880 0.966813
vt 0.502299 0.813726
vt 0.498305 0.813526
vt 0.500403 0.797780
vt 0.496705 0.797318
vt 0.450406 0.944678
vt 0.431160 0.961619
vt 0.446952 0.942447
vt 0.429446 0.958185
vt 0.291996 0.990943
vt 0.270941 0.985158
vt 0.291960 0.988346
vt 0.271350 0.982678
vt 0.163256 0.877315
vt 0.170018 0.893119
vt 0.160487 0.879177
vt 0.167443 0.894998
vt 0.156910 0.767208
vt 0.162662 0.751256
vt 0.160166 0.767988
vt 0.165699 0.752186
vt 0.257636 0.660416
vt 0.242428 0.667433
vt 0.256456 0.657937
vt 0.241018 0.665161
vt 0.389471 0.656444
vt 0.387771 0.659844
vt 0.372565 0.650738
vt 0.371821 0.654382
vt 0.412794 0.896655
vt 0.405525 0.892141
vt 0.416477 0.885192
vt 0.409978 0.882717
vt 0.398008 0.915706
vt 0.392656 0.908139
vt 0.460302 0.824001
vt 0.451934 0.817494
vt 0.461164 0.811487
vt 0.453646 0.807792
vt 0.259554 0.747573
vt 0.259585 0.742409
vt 0.267614 0.747273
vt 0.267642 0.742759
vt 0.314941 0.688045
vt 0.310770 0.689309
vt 0.376560 0.724675
vt 0.372962 0.724557
vt 0.348056 0.768690
vt 0.349202 0.767074
vt 0.304935 0.770841
vt 0.304961 0.790413
vt 0.202651 0.780014
vt 0.207168 0.768215
vt 0.297270 0.941703
vt 0.283972 0.937044
vt 0.528754 0.714156
vt 0.547108 0.714156
vt 0.528754 0.717011
vt 0.547108 0.717011
vt 0.527536 0.742960
vt 0.528754 0.742960
vt 0.527536 0.745843
vt 0.528754 0.745843
vt 0.527536 0.796461
vt 0.527536 0.793578
vt 0.528754 0.796461
vt 0.528754 0.793578
vt 0.274592 0.792883
vt 0.271784 0.791761
vt 0.258486 0.833987
vt 0.257344 0.831191
vt 0.197010 0.824966
vt 0.197971 0.835756
vt 0.215148 0.833934
vt 0.390761 0.776007
vt 0.394134 0.772661
vt 0.296547 0.884836
vt 0.281982 0.896848
vt 0.289284 0.906781
vt 0.236788 0.881760
vt 0.253928 0.862502
vt 0.247164 0.890389
vt 0.246184 0.735900
vt 0.471651 0.864110
vt 0.465522 0.882498
vt 0.464906 0.757818
vt 0.470682 0.771389
vt 0.459294 0.761333
vt 0.464852 0.774320
vt 0.395001 0.680588
vt 0.392117 0.685844
vt 0.381650 0.673913
vt 0.276334 0.668543
vt 0.277341 0.673284
vt 0.261790 0.673540
vt 0.263358 0.678158
vt 0.184122 0.742780
vt 0.188106 0.744918
vt 0.177624 0.756586
vt 0.174090 0.851918
vt 0.178392 0.866098
vt 0.170616 0.853553
vt 0.175019 0.868186
vt 0.274867 0.967176
vt 0.256894 0.960194
vt 0.258727 0.954925
vt 0.370381 0.811156
vt 0.368716 0.818378
vt 0.358172 0.809976
vt 0.357965 0.817364
vt 0.412167 0.872136
vt 0.407597 0.861526
vt 0.407297 0.871630
vt 0.405286 0.881173
vt 0.401466 0.889955
vt 0.400918 0.879893
vt 0.397584 0.887992
vt 0.306960 0.851389
vt 0.313197 0.853950
vt 0.303869 0.861685
vt 0.310406 0.862948
vt 0.396389 0.878572
vt 0.393415 0.885860
vt 0.317749 0.855862
vt 0.315218 0.863923
vt 0.394233 0.877927
vt 0.391410 0.884839
vt 0.317428 0.864381
vt 0.319828 0.856739
vt 0.448914 0.970448
vt 0.448914 0.974358
vt 0.440971 0.970448
vt 0.440971 0.974358
vt 0.568502 0.970448
vt 0.576435 0.970448
vt 0.568502 0.974358
vt 0.576435 0.974358
vt 0.440971 0.994442
vt 0.448914 0.994442
vt 0.568502 0.994442
vt 0.576435 0.994442
vt 0.633161 0.656385
vt 0.633161 0.653198
vt 0.646002 0.656385
vt 0.646002 0.653198
vt 0.633161 0.754853
vt 0.646002 0.754853
vt 0.633161 0.758040
vt 0.646002 0.758040
vt 0.633161 0.703988
vt 0.646002 0.703988
vt 0.633161 0.707148
vt 0.646002 0.707148
vt 0.633161 0.745307
vt 0.632044 0.745307
vt 0.633161 0.742124
vt 0.632044 0.742124
vt 0.633161 0.640476
vt 0.633161 0.643662
vt 0.632044 0.640476
vt 0.632044 0.643662
vt 0.632044 0.694490
vt 0.632044 0.691328
vt 0.633161 0.694490
vt 0.633161 0.691328
vt 0.488275 0.765124
vt 0.481787 0.749762
vt 0.417583 0.844299
vt 0.422035 0.858996
vt 0.376482 0.936943
vt 0.362784 0.938136
vt 0.386862 0.695783
vt 0.195900 0.749011
vt 0.262758 0.945117
vt 0.922868 0.885981
vt 0.913218 0.885981
vt 0.922868 0.869886
vt 0.913218 0.869886
vt 0.922868 0.737066
vt 0.913218 0.737066
vt 0.922868 0.718687
vt 0.913218 0.718687
vt 0.922868 0.559529
vt 0.922868 0.579359
vt 0.913218 0.559529
vt 0.913218 0.579359
vt 0.922868 0.410096
vt 0.922868 0.426636
vt 0.913218 0.410096
vt 0.913218 0.426636
vt 0.952743 0.780841
vt 0.943077 0.780841
vt 0.952743 0.764722
vt 0.943077 0.764722
vt 0.952743 0.652696
vt 0.943077 0.652696
vt 0.952743 0.636560
vt 0.943077 0.636560
vt 0.952743 0.508494
vt 0.952743 0.523946
vt 0.943077 0.508494
vt 0.943077 0.523946
vt 0.420212 0.900825
vt 0.423822 0.887787
vt 0.453583 0.798841
vt 0.418685 0.832987
vt 0.411029 0.828344
vt 0.259890 0.752113
vt 0.267887 0.751230
vt 0.307506 0.691349
vt 0.353412 0.724616
vt 0.350854 0.765989
vt 0.305439 0.795137
vt 0.212997 0.757445
vt 0.269981 0.931413
vt 0.528754 0.719894
vt 0.547108 0.719894
vt 0.527536 0.748698
vt 0.528754 0.748698
vt 0.527536 0.799345
vt 0.528754 0.799345
vt 0.268769 0.791402
vt 0.255964 0.841694
vt 0.260315 0.836383
vt 0.197574 0.814046
vt 0.387439 0.779297
vt 0.384355 0.770189
vt 0.380383 0.770686
vt 0.393268 0.738466
vt 0.233656 0.797146
vt 0.250880 0.801885
vt 0.251625 0.796561
vt 0.242626 0.719066
vt 0.233210 0.727367
vt 0.476633 0.865961
vt 0.469766 0.884950
vt 0.397787 0.675629
vt 0.275364 0.663855
vt 0.180182 0.740682
vt 0.166772 0.855345
vt 0.255192 0.964954
vt 0.336548 0.922294
vt 0.328115 0.918748
vt 0.307030 0.893184
vt 0.313032 0.902168
vt 0.396281 0.897846
vt 0.392929 0.895343
vt 0.312083 0.841825
vt 0.317723 0.845583
vt 0.389244 0.892551
vt 0.321834 0.848342
vt 0.387438 0.891204
vt 0.323703 0.849607
vt 0.456860 0.970448
vt 0.456860 0.974358
vt 0.584406 0.970448
vt 0.584406 0.974358
vt 0.456860 0.994442
vt 0.584406 0.994442
vt 0.633161 0.659574
vt 0.646002 0.659574
vt 0.633161 0.761234
vt 0.646002 0.761234
vt 0.633161 0.710311
vt 0.646002 0.710311
vt 0.632044 0.732562
vt 0.633161 0.732562
vt 0.632044 0.735745
vt 0.633161 0.735745
vt 0.633161 0.630916
vt 0.633161 0.634099
vt 0.632044 0.630916
vt 0.632044 0.634099
vt 0.632044 0.685001
vt 0.632044 0.681834
vt 0.633161 0.685001
vt 0.633161 0.681834
vt 0.469832 0.737329
vt 0.474136 0.735234
vt 0.402861 0.666752
vt 0.400765 0.670414
vt 0.273491 0.654913
vt 0.274379 0.658950
vt 0.172711 0.737041
vt 0.176184 0.738682
vt 0.162586 0.857961
vt 0.158161 0.860897
vt 0.251677 0.974661
vt 0.253522 0.969715
vt 0.410943 0.970848
vt 0.408510 0.965953
vt 0.497983 0.830881
vt 0.492471 0.830361
vt 0.493119 0.813359
vt 0.394957 0.941466
vt 0.390386 0.931927
vt 0.405383 0.960424
vt 0.403100 0.956648
vt 0.420155 0.945661
vt 0.408182 0.711007
vt 0.398239 0.702498
vt 0.415325 0.702441
vt 0.404099 0.693512
vt 0.204595 0.720832
vt 0.211229 0.726904
vt 0.195818 0.732458
vt 0.203215 0.737764
vt 0.242346 0.946389
vt 0.227056 0.935734
vt 0.247284 0.937675
vt 0.232941 0.928297
vt 0.952743 0.347281
vt 0.943077 0.347281
vt 0.952743 0.330963
vt 0.943077 0.330963
vt 0.922868 0.755562
vt 0.913218 0.755562
vt 0.922868 0.599350
vt 0.913218 0.599350
vt 0.922868 0.444084
vt 0.913218 0.444084
vt 0.952743 0.797219
vt 0.943077 0.797219
vt 0.952743 0.668693
vt 0.943077 0.668693
vt 0.952743 0.540531
vt 0.943077 0.540531
vt 0.424347 0.873627
vt 0.417805 0.872955
vt 0.451876 0.790717
vt 0.404403 0.823151
vt 0.261149 0.758737
vt 0.268840 0.757039
vt 0.262847 0.764174
vt 0.270038 0.761190
vt 0.305897 0.694843
vt 0.305369 0.699633
vt 0.351415 0.724196
vt 0.349796 0.723107
vt 0.352875 0.765589
vt 0.372434 0.765906
vt 0.310141 0.800614
vt 0.306995 0.798623
vt 0.219985 0.747359
vt 0.226036 0.736952
vt 0.244880 0.914529
vt 0.256988 0.923810
vt 0.528754 0.722777
vt 0.547108 0.722777
vt 0.528754 0.725660
vt 0.547108 0.725660
vt 0.547108 0.748698
vt 0.547108 0.773424
vt 0.528754 0.773424
vt 0.527536 0.805111
vt 0.527536 0.802228
vt 0.528754 0.805111
vt 0.528754 0.802228
vt 0.259836 0.787244
vt 0.264133 0.785766
vt 0.262931 0.793021
vt 0.265748 0.791832
vt 0.259651 0.843999
vt 0.262713 0.838208
vt 0.263938 0.845423
vt 0.265509 0.839342
vt 0.197879 0.803186
vt 0.199620 0.791645
vt 0.216398 0.794586
vt 0.428825 0.734245
vt 0.436905 0.744937
vt 0.430430 0.757566
vt 0.250783 0.829427
vt 0.331523 0.975666
vt 0.350546 0.974425
vt 0.332368 0.980621
vt 0.351862 0.978982
vt 0.481259 0.783439
vt 0.475035 0.785051
vt 0.410992 0.683670
vt 0.407599 0.688489
vt 0.290791 0.660129
vt 0.291313 0.664915
vt 0.188201 0.727199
vt 0.191959 0.729771
vt 0.167774 0.839479
vt 0.163773 0.840657
vt 0.237730 0.955444
vt 0.239950 0.951116
vt 0.314939 0.927701
vt 0.300135 0.931616
vt 0.379114 0.821506
vt 0.334104 0.814572
vt 0.336863 0.821452
vt 0.327352 0.826550
vt 0.382772 0.910642
vt 0.380462 0.907262
vt 0.389915 0.904805
vt 0.387112 0.901816
vt 0.331107 0.832216
vt 0.318963 0.833475
vt 0.323755 0.838276
vt 0.383936 0.898518
vt 0.377851 0.903523
vt 0.333880 0.836379
vt 0.327257 0.841816
vt 0.376574 0.901667
vt 0.382379 0.896896
vt 0.335132 0.838256
vt 0.328849 0.843416
vt 0.464856 0.970448
vt 0.472808 0.970448
vt 0.464856 0.974358
vt 0.472808 0.974358
vt 0.600296 0.970448
vt 0.600296 0.974358
vt 0.592333 0.970448
vt 0.592333 0.974358
vt 0.472808 0.994442
vt 0.464856 0.994442
vt 0.600296 0.994442
vt 0.592333 0.994442
vt 0.633161 0.665936
vt 0.633161 0.662759
vt 0.646002 0.665936
vt 0.646002 0.662759
vt 0.633161 0.764422
vt 0.646002 0.764422
vt 0.633161 0.767594
vt 0.646002 0.767594
vt 0.633161 0.713477
vt 0.646002 0.713477
vt 0.633161 0.716651
vt 0.646002 0.716651
vt 0.633161 0.729371
vt 0.632044 0.729371
vt 0.633161 0.726180
vt 0.632044 0.726180
vt 0.632044 0.627747
vt 0.632044 0.624579
vt 0.633161 0.627747
vt 0.633161 0.624579
vt 0.633161 0.675490
vt 0.633161 0.678664
vt 0.632044 0.675490
vt 0.632044 0.678664
vt 0.463371 0.741025
vt 0.461029 0.723721
vt 0.454981 0.727827
vt 0.414685 0.678614
vt 0.290234 0.655091
vt 0.184417 0.724720
vt 0.159375 0.842484
vt 0.235559 0.959712
vt 0.390248 0.974961
vt 0.387926 0.968666
vt 0.489549 0.848964
vt 0.481467 0.846856
vt 0.484296 0.829126
vt 0.399428 0.950452
vt 0.415286 0.940117
vt 0.409163 0.931974
vt 0.329800 0.962097
vt 0.330715 0.970523
vt 0.418139 0.721517
vt 0.425910 0.712578
vt 0.214384 0.710110
vt 0.220317 0.716569
vt 0.213680 0.923549
vt 0.220363 0.917386
vt 0.491803 0.764834
vt 0.493340 0.781118
vt 0.496887 0.781227
vt 0.471623 0.910276
vt 0.475307 0.913327
vt 0.460297 0.926871
vt 0.463677 0.929662
vt 0.335041 0.995000
vt 0.313346 0.994220
vt 0.334289 0.992272
vt 0.313059 0.991563
vt 0.178563 0.908677
vt 0.188988 0.923859
vt 0.176138 0.910463
vt 0.186956 0.925870
vt 0.156093 0.784221
vt 0.153696 0.800190
vt 0.152695 0.783788
vt 0.150114 0.801139
vt 0.227971 0.675945
vt 0.214531 0.685808
vt 0.226286 0.673907
vt 0.212717 0.683904
vt 0.356674 0.647156
vt 0.355797 0.650613
vt 0.339048 0.644945
vt 0.339095 0.648389
vt 0.460191 0.800399
vt 0.457762 0.790925
vt 0.409050 0.834979
vt 0.401838 0.827627
vt 0.265820 0.768497
vt 0.273179 0.764410
vt 0.305212 0.719256
vt 0.348691 0.721493
vt 0.376059 0.765909
vt 0.314206 0.801849
vt 0.234014 0.904144
vt 0.528754 0.728543
vt 0.547108 0.728543
vt 0.528754 0.776278
vt 0.547108 0.776278
vt 0.527536 0.807965
vt 0.528754 0.807965
vt 0.256140 0.789578
vt 0.260511 0.794890
vt 0.268512 0.839707
vt 0.218717 0.784574
vt 0.242605 0.776483
vt 0.477772 0.798710
vt 0.469006 0.787021
vt 0.471628 0.799273
vt 0.419414 0.697628
vt 0.306725 0.662715
vt 0.306788 0.667543
vt 0.291752 0.669619
vt 0.201010 0.717665
vt 0.170150 0.825445
vt 0.171435 0.838404
vt 0.166280 0.826033
vt 0.224314 0.939954
vt 0.303806 0.883095
vt 0.374549 0.915477
vt 0.372858 0.911619
vt 0.339430 0.827741
vt 0.370951 0.907468
vt 0.341358 0.832386
vt 0.370007 0.905427
vt 0.342221 0.834472
vt 0.480812 0.970448
vt 0.480812 0.974358
vt 0.608221 0.970448
vt 0.608221 0.974358
vt 0.480812 0.994442
vt 0.608221 0.994442
vt 0.633161 0.669113
vt 0.646002 0.669113
vt 0.646002 0.770764
vt 0.633161 0.770764
vt 0.633161 0.719829
vt 0.646002 0.719829
vt 0.465144 0.721298
vt 0.454743 0.708005
vt 0.450938 0.710760
vt 0.430826 0.684926
vt 0.427741 0.688138
vt 0.417288 0.675158
vt 0.306168 0.648604
vt 0.306407 0.652714
vt 0.289692 0.650983
vt 0.181189 0.722686
vt 0.191029 0.709284
vt 0.194001 0.711704
vt 0.154809 0.844449
vt 0.153089 0.828262
vt 0.157642 0.827540
vt 0.233120 0.964351
vt 0.215851 0.951752
vt 0.218960 0.947589
vt 0.391710 0.980418
vt 0.372080 0.981151
vt 0.373820 0.986515
vt 0.489613 0.870988
vt 0.484152 0.868927
vt 0.495288 0.850048
vt 0.422247 0.919360
vt 0.413455 0.912806
vt 0.402870 0.923595
vt 0.461074 0.902510
vt 0.450452 0.918775
vt 0.442528 0.755130
vt 0.452500 0.748322
vt 0.445039 0.736175
vt 0.255365 0.692721
vt 0.242620 0.699316
vt 0.249917 0.684285
vt 0.237141 0.691695
vt 0.184453 0.880590
vt 0.191893 0.877506
vt 0.192725 0.895884
vt 0.199851 0.891840
vt 0.952743 0.379231
vt 0.943077 0.379231
vt 0.952743 0.363526
vt 0.943077 0.363526
vt 0.913218 0.776001
vt 0.922868 0.776001
vt 0.913218 0.797458
vt 0.922868 0.797458
vt 0.922868 0.619238
vt 0.922868 0.636774
vt 0.913218 0.619238
vt 0.913218 0.636774
vt 0.922868 0.459969
vt 0.922868 0.479975
vt 0.913218 0.459969
vt 0.913218 0.479975
vt 0.922868 0.330963
vt 0.922868 0.345228
vt 0.913218 0.330963
vt 0.913218 0.345228
vt 0.952743 0.700499
vt 0.943077 0.700499
vt 0.952743 0.684744
vt 0.943077 0.684744
vt 0.952743 0.572160
vt 0.943077 0.572160
vt 0.952743 0.556072
vt 0.943077 0.556072
vt 0.952743 0.427774
vt 0.952743 0.443738
vt 0.943077 0.427774
vt 0.943077 0.443738
vt 0.444039 0.773403
vt 0.448697 0.782125
vt 0.427413 0.832670
vt 0.302059 0.723906
vt 0.303666 0.722828
vt 0.347848 0.695115
vt 0.348319 0.699879
vt 0.391706 0.759138
vt 0.389899 0.764488
vt 0.384043 0.757283
vt 0.382757 0.761364
vt 0.328401 0.802949
vt 0.323749 0.802975
vt 0.215379 0.882004
vt 0.208457 0.869820
vt 0.528754 0.734311
vt 0.547108 0.734311
vt 0.528754 0.737194
vt 0.547108 0.737194
vt 0.528754 0.784927
vt 0.528754 0.782044
vt 0.547108 0.784927
vt 0.547108 0.782044
vt 0.527536 0.717011
vt 0.527536 0.719894
vt 0.257473 0.800131
vt 0.257066 0.803096
vt 0.276753 0.836200
vt 0.274333 0.838081
vt 0.238344 0.755570
vt 0.228139 0.765365
vt 0.267109 0.911659
vt 0.278006 0.919673
vt 0.406274 0.759883
vt 0.393084 0.752598
vt 0.249895 0.769598
vt 0.280043 0.682655
vt 0.285713 0.692896
vt 0.435269 0.930828
vt 0.430157 0.925419
vt 0.485155 0.812999
vt 0.478815 0.812854
vt 0.484125 0.798037
vt 0.434806 0.703505
vt 0.430419 0.707930
vt 0.423356 0.692997
vt 0.322452 0.656973
vt 0.322224 0.661929
vt 0.306593 0.657829
vt 0.208041 0.703126
vt 0.211189 0.706534
vt 0.197517 0.714653
vt 0.162145 0.826607
vt 0.161724 0.813358
vt 0.165957 0.813263
vt 0.221590 0.943774
vt 0.207486 0.930583
vt 0.210618 0.927247
vt 0.310687 0.959809
vt 0.346966 0.920243
vt 0.337474 0.918420
vt 0.347494 0.915957
vt 0.356441 0.920374
vt 0.356247 0.916035
vt 0.367302 0.824969
vt 0.357940 0.824104
vt 0.355884 0.911459
vt 0.348023 0.911422
vt 0.366305 0.829895
vt 0.357962 0.829151
vt 0.355702 0.909198
vt 0.348269 0.909187
vt 0.357960 0.831427
vt 0.365875 0.832110
vt 0.504722 0.970448
vt 0.504722 0.974358
vt 0.496733 0.970448
vt 0.496733 0.974358
vt 0.632016 0.970448
vt 0.632016 0.974358
vt 0.624115 0.970448
vt 0.624115 0.974358
vt 0.496733 0.994442
vt 0.504722 0.994442
vt 0.624115 0.994442
vt 0.632016 0.994442
vt 0.646002 0.678664
vt 0.646002 0.675490
vt 0.646002 0.627747
vt 0.646002 0.624579
vt 0.646002 0.726180
vt 0.646002 0.729371
vt 0.632044 0.713477
vt 0.632044 0.716651
vt 0.632044 0.764422
vt 0.632044 0.767594
vt 0.632044 0.662759
vt 0.632044 0.665936
vt 0.488645 0.781869
vt 0.355008 0.654574
vt 0.230024 0.679335
vt 0.160236 0.784629
vt 0.182355 0.904907
vt 0.312865 0.985888
vt 0.455854 0.923494
vt 0.434642 0.874854
vt 0.346969 0.943535
vt 0.347098 0.935157
vt 0.311154 0.969650
vt 0.351947 0.669912
vt 0.172977 0.786868
vt 0.180893 0.788251
vt 0.922868 0.854558
vt 0.913218 0.854558
vt 0.922868 0.695254
vt 0.913218 0.695254
vt 0.922868 0.539515
vt 0.913218 0.539515
vt 0.922868 0.394011
vt 0.913218 0.394011
vt 0.952743 0.748598
vt 0.943077 0.748598
vt 0.952743 0.620508
vt 0.943077 0.620508
vt 0.952743 0.491849
vt 0.943077 0.491849
vt 0.406652 0.906944
vt 0.406458 0.839036
vt 0.399582 0.830358
vt 0.267960 0.738796
vt 0.320462 0.687214
vt 0.380005 0.726159
vt 0.347584 0.770702
vt 0.304488 0.768843
vt 0.547108 0.807965
vt 0.547108 0.805111
vt 0.527536 0.740077
vt 0.528754 0.740077
vt 0.527536 0.790694
vt 0.528754 0.790694
vt 0.277001 0.794694
vt 0.256973 0.828245
vt 0.200231 0.846608
vt 0.217268 0.843075
vt 0.386860 0.768697
vt 0.275633 0.884092
vt 0.295310 0.872729
vt 0.228531 0.872413
vt 0.245815 0.857619
vt 0.475634 0.845489
vt 0.457924 0.744524
vt 0.367582 0.668607
vt 0.247862 0.679883
vt 0.172509 0.771154
vt 0.181141 0.883193
vt 0.293361 0.972085
vt 0.320017 0.909249
vt 0.328670 0.914959
vt 0.402647 0.871252
vt 0.302778 0.872462
vt 0.309392 0.872379
vt 0.397940 0.870765
vt 0.314296 0.872383
vt 0.395701 0.870546
vt 0.316550 0.872400
vt 0.432982 0.970448
vt 0.432982 0.974358
vt 0.560516 0.970448
vt 0.560516 0.974358
vt 0.432982 0.994442
vt 0.560516 0.994442
vt 0.633161 0.650013
vt 0.646002 0.650013
vt 0.633161 0.751669
vt 0.646002 0.751669
vt 0.646002 0.700828
vt 0.633161 0.700828
vt 0.633161 0.738935
vt 0.632044 0.738935
vt 0.633161 0.637288
vt 0.632044 0.637288
vt 0.632044 0.688167
vt 0.633161 0.688167
vt 0.445379 0.715169
vt 0.369868 0.975111
vt 0.436046 0.724079
vt 0.230874 0.707085
vt 0.225303 0.700285
vt 0.202848 0.910833
vt 0.209611 0.905541
vt 0.485295 0.748943
vt 0.481631 0.891517
vt 0.486062 0.893952
vt 0.356493 0.993164
vt 0.355038 0.990458
vt 0.200740 0.937579
vt 0.198404 0.939005
vt 0.152808 0.813633
vt 0.149320 0.812949
vt 0.200068 0.695326
vt 0.202130 0.697008
vt 0.322716 0.647741
vt 0.322693 0.644485
vt 0.454170 0.780117
vt 0.397097 0.817450
vt 0.304764 0.721236
vt 0.348255 0.719493
vt 0.379546 0.764502
vt 0.319655 0.802692
vt 0.224103 0.893648
vt 0.528754 0.731427
vt 0.547108 0.731427
vt 0.528754 0.779161
vt 0.547108 0.779161
vt 0.527536 0.714156
vt 0.258648 0.797313
vt 0.271522 0.839278
vt 0.222332 0.774663
vt 0.437974 0.764790
vt 0.472714 0.812132
vt 0.322069 0.666823
vt 0.169995 0.813266
vt 0.329170 0.936207
vt 0.388194 0.826902
vt 0.347188 0.818342
vt 0.365736 0.918801
vt 0.364766 0.914579
vt 0.348471 0.825003
vt 0.363598 0.910154
vt 0.349452 0.829927
vt 0.363018 0.907979
vt 0.349890 0.832141
vt 0.488771 0.970448
vt 0.488771 0.974358
vt 0.616146 0.970448
vt 0.616146 0.974358
vt 0.488771 0.994442
vt 0.616146 0.994442
vt 0.633161 0.672302
vt 0.646002 0.672302
vt 0.633161 0.777130
vt 0.633161 0.773947
vt 0.646002 0.777130
vt 0.646002 0.773947
vt 0.633161 0.723002
vt 0.646002 0.723002
vt 0.632044 0.723002
vt 0.632044 0.777130
vt 0.632044 0.773947
vt 0.632044 0.672302
vt 0.439817 0.698864
vt 0.322645 0.651816
vt 0.204852 0.699737
vt 0.157234 0.813578
vt 0.204454 0.934021
vt 0.353435 0.984961
vt 0.476523 0.888627
vt 0.439833 0.910772
vt 0.430563 0.905784
vt 0.449153 0.768164
vt 0.267841 0.687304
vt 0.186064 0.863700
vt 0.477733 0.734201
vt 0.494647 0.872609
vt 0.375104 0.989304
vt 0.214323 0.953770
vt 0.149539 0.828162
vt 0.188914 0.707590
vt 0.305766 0.645502
vt 0.433608 0.682289
vt 0.443299 0.695884
vt 0.446280 0.693548
vt 0.300071 0.724323
vt 0.346284 0.691600
vt 0.385115 0.751560
vt 0.333395 0.810578
vt 0.332510 0.802627
vt 0.203548 0.858005
vt 0.547108 0.740077
vt 0.528754 0.787811
vt 0.547108 0.787811
vt 0.527536 0.722777
vt 0.527536 0.773424
vt 0.278619 0.833765
vt 0.241171 0.744013
vt 0.256863 0.901763
vt 0.372757 0.804682
vt 0.477946 0.828409
vt 0.471319 0.827152
vt 0.440646 0.719391
vt 0.337548 0.662601
vt 0.336753 0.667555
vt 0.222469 0.696436
vt 0.166733 0.800413
vt 0.170785 0.801241
vt 0.199282 0.913744
vt 0.406180 0.851600
vt 0.401959 0.842207
vt 0.338853 0.914164
vt 0.376354 0.827628
vt 0.340298 0.909785
vt 0.374405 0.832275
vt 0.340991 0.907645
vt 0.373543 0.834357
vt 0.512727 0.970448
vt 0.512727 0.974358
vt 0.639976 0.970448
vt 0.639976 0.974358
vt 0.512727 0.994442
vt 0.639976 0.994442
vt 0.646002 0.681834
vt 0.646002 0.630916
vt 0.646002 0.732562
vt 0.632044 0.719829
vt 0.632044 0.770764
vt 0.632044 0.669113
vt 0.445767 0.876526
vt 0.491802 0.797474
vt 0.338792 0.652415
vt 0.216920 0.688896
vt 0.158017 0.799935
vt 0.192604 0.920113
vt 0.333387 0.986605
vt 0.467036 0.906845
vt 0.434019 0.891309
vt 0.316491 0.918212
vt 0.178199 0.825446
vt 0.179418 0.837677
vt 0.952743 0.395265
vt 0.952743 0.411834
vt 0.943077 0.395265
vt 0.943077 0.411834
vt 0.922868 0.837885
vt 0.913218 0.837885
vt 0.922868 0.819291
vt 0.913218 0.819291
vt 0.922868 0.653650
vt 0.922868 0.674391
vt 0.913218 0.653650
vt 0.913218 0.674391
vt 0.922868 0.500063
vt 0.922868 0.519791
vt 0.913218 0.500063
vt 0.913218 0.519791
vt 0.922868 0.377445
vt 0.913218 0.377445
vt 0.922868 0.361439
vt 0.913218 0.361439
vt 0.952743 0.732567
vt 0.943077 0.732567
vt 0.952743 0.716561
vt 0.943077 0.716561
vt 0.952743 0.604210
vt 0.943077 0.604210
vt 0.952743 0.588211
vt 0.943077 0.588211
vt 0.952743 0.459917
vt 0.952743 0.476052
vt 0.943077 0.459917
vt 0.943077 0.476052
vt 0.446563 0.825719
vt 0.436473 0.830049
vt 0.276882 0.724089
vt 0.273440 0.725567
vt 0.333433 0.687305
vt 0.338945 0.688201
vt 0.385524 0.743190
vt 0.385274 0.739266
vt 0.342091 0.800451
vt 0.345276 0.798488
vt 0.299757 0.765691
vt 0.280237 0.765853
vt 0.547108 0.745843
vt 0.547108 0.796461
vt 0.547108 0.793578
vt 0.527536 0.728543
vt 0.527536 0.731427
vt 0.527536 0.782044
vt 0.527536 0.779161
vt 0.280219 0.827966
vt 0.280352 0.802802
vt 0.289497 0.926044
vt 0.402559 0.765077
vt 0.398414 0.768609
vt 0.222664 0.862418
vt 0.219095 0.852584
vt 0.240854 0.851592
vt 0.449895 0.731734
vt 0.353929 0.659801
vt 0.352862 0.664831
vt 0.338194 0.657603
vt 0.232384 0.683490
vt 0.234712 0.687537
vt 0.219719 0.692689
vt 0.162451 0.800147
vt 0.164611 0.785292
vt 0.168881 0.785993
vt 0.195909 0.916819
vt 0.185801 0.901542
vt 0.189286 0.898681
vt 0.317457 0.898564
vt 0.323411 0.905312
vt 0.395878 0.833978
vt 0.391627 0.838100
vt 0.397140 0.845338
vt 0.321394 0.895805
vt 0.326665 0.901851
vt 0.388023 0.841449
vt 0.392905 0.847849
vt 0.328179 0.900188
vt 0.323235 0.894499
vt 0.386388 0.842995
vt 0.390967 0.849009
vt 0.528680 0.970448
vt 0.536630 0.970448
vt 0.528680 0.974358
vt 0.536630 0.974358
vt 0.663788 0.970448
vt 0.663788 0.974358
vt 0.655861 0.970448
vt 0.655861 0.974358
vt 0.536630 0.994442
vt 0.528680 0.994442
vt 0.663788 0.994442
vt 0.655861 0.994442
vt 0.646002 0.691328
vt 0.646002 0.688167
vt 0.646002 0.640476
vt 0.646002 0.637288
vt 0.646002 0.742124
vt 0.646002 0.738935
vt 0.632044 0.700828
vt 0.632044 0.703988
vt 0.632044 0.754853
vt 0.632044 0.751669
vt 0.632044 0.650013
vt 0.632044 0.653198
vt 0.347746 0.954801
vt 0.312469 0.980026
vt 0.444362 0.894332
vt 0.178143 0.813464
vt 0.457897 0.705964
vt 0.468641 0.719850
vt 0.500363 0.850302
vt 0.502553 0.831033
vt 0.412251 0.974111
vt 0.392262 0.983692
vt 0.250952 0.977023
vt 0.232142 0.966626
vt 0.151459 0.845624
vt 0.155042 0.862342
vt 0.169982 0.735837
vt 0.178767 0.721236
vt 0.289118 0.648070
vt 0.272654 0.652183
vt 0.419605 0.672094
vt 0.404755 0.663416
vt 0.399766 0.900607
vt 0.270313 0.728846
vt 0.329299 0.686966
vt 0.384339 0.733490
vt 0.346863 0.794994
vt 0.351010 0.803571
vt 0.301760 0.766128
vt 0.547108 0.799345
vt 0.527536 0.734311
vt 0.527536 0.784927
vt 0.279984 0.799862
vt 0.361604 0.803111
vt 0.312060 0.974886
vt 0.312897 0.890562
vt 0.400892 0.853478
vt 0.317395 0.888597
vt 0.396257 0.855075
vt 0.319464 0.887713
vt 0.394124 0.855782
vt 0.544626 0.970448
vt 0.544626 0.974358
vt 0.671719 0.970448
vt 0.671719 0.974358
vt 0.544626 0.994442
vt 0.671719 0.994442
vt 0.646002 0.694490
vt 0.646002 0.643662
vt 0.646002 0.745307
vt 0.632044 0.707148
vt 0.632044 0.758040
vt 0.632044 0.656385
vt 0.181975 0.850336
vt 0.280534 0.724087
vt 0.343079 0.689539
vt 0.385463 0.747652
vt 0.338002 0.801737
vt 0.276616 0.765845
vt 0.547108 0.742960
vt 0.547108 0.790694
vt 0.527536 0.725660
vt 0.527536 0.776278
vt 0.279802 0.830937
vt 0.330816 0.910659
vt 0.384569 0.832068
vt 0.333138 0.906586
vt 0.381707 0.836164
vt 0.334263 0.904630
vt 0.380435 0.838031
vt 0.520680 0.970448
vt 0.520680 0.974358
vt 0.647898 0.970448
vt 0.647898 0.974358
vt 0.520680 0.994442
vt 0.647898 0.994442
vt 0.646002 0.685001
vt 0.646002 0.634099
vt 0.646002 0.735745
vt 0.632044 0.710311
vt 0.632044 0.761234
vt 0.632044 0.659574
vt 0.178868 0.801542
vt 0.268980 0.732966
vt 0.324600 0.686937
vt 0.383166 0.729337
vt 0.347376 0.790283
vt 0.351897 0.798462
vt 0.303383 0.767226
vt 0.547108 0.802228
vt 0.527536 0.737194
vt 0.527536 0.787811
vt 0.278840 0.797076
vt 0.310206 0.881689
vt 0.402676 0.862320
vt 0.315012 0.880692
vt 0.397932 0.862886
vt 0.317229 0.880259
vt 0.395688 0.863124
vt 0.552573 0.970448
vt 0.552573 0.974358
vt 0.687636 0.970448
vt 0.687636 0.974358
vt 0.679698 0.970448
vt 0.679698 0.974358
vt 0.552573 0.994442
vt 0.687636 0.994442
vt 0.679698 0.994442
vt 0.646002 0.697659
vt 0.633161 0.697659
vt 0.633161 0.646837
vt 0.646002 0.646837
vt 0.633161 0.748489
vt 0.646002 0.748489
vt 0.632044 0.697659
vt 0.632044 0.748489
vt 0.632044 0.646837
vt 0.952743 0.808517
vt 0.943077 0.808517
vt 0.527536 0.832691
vt 0.528754 0.832691
vt 0.547108 0.832691
vt 0.725543 0.264025
vt 0.728293 0.272835
vt 0.717409 0.266490
vt 0.742390 0.267129
vt 0.738412 0.275623
vt 0.704692 0.354373
vt 0.702908 0.335542
vt 0.714080 0.331289
vt 0.663806 0.604182
vt 0.671059 0.602240
vt 0.668715 0.606634
vt 0.672255 0.611277
vt 0.685854 0.588987
vt 0.678310 0.599579
vt 0.679168 0.587568
vt 0.692105 0.591319
vt 0.696681 0.593758
vt 0.685506 0.602022
vt 0.729777 0.310858
vt 0.732543 0.302035
vt 0.736128 0.304377
vt 0.727592 0.325458
vt 0.724970 0.318227
vt 0.734410 0.295021
vt 0.734070 0.288049
vt 0.738943 0.288809
vt 0.733608 0.281259
vt 0.680390 0.338941
vt 0.669824 0.353069
vt 0.670894 0.334021
vt 0.691177 0.336975
vt 0.685939 0.354774
vt 0.720561 0.323667
vt 0.679092 0.616413
vt 0.676727 0.617132
vt 0.676214 0.614144
vt 0.675340 0.616252
vt 0.195696 0.639768
vt 0.200033 0.644374
vt 0.192858 0.644556
vt 0.209470 0.627388
vt 0.214118 0.625505
vt 0.212443 0.631989
vt 0.200086 0.634173
vt 0.203923 0.630966
vt 0.205174 0.636800
vt 0.246881 0.351516
vt 0.254496 0.349063
vt 0.257702 0.351417
vt 0.131920 0.180938
vt 0.123544 0.183550
vt 0.122701 0.172743
vt 0.332470 0.166163
vt 0.325251 0.162158
vt 0.333170 0.154526
vt 0.378347 0.183994
vt 0.380950 0.197337
vt 0.370852 0.196579
vt 0.271263 0.278724
vt 0.270879 0.289763
vt 0.256422 0.281413
vt 0.350342 0.139541
vt 0.353371 0.127084
vt 0.360304 0.138245
vt 0.364182 0.181571
vt 0.355083 0.179496
vt 0.361731 0.167867
vt 0.100853 0.327840
vt 0.106328 0.325349
vt 0.108531 0.333502
vt 0.022619 0.154454
vt 0.020361 0.162245
vt 0.008976 0.156110
vt 0.115184 0.288117
vt 0.104693 0.287894
vt 0.108666 0.278476
vt 0.114500 0.269782
vt 0.513085 0.713772
vt 0.513086 0.708110
vt 0.516968 0.710048
vt 0.495836 0.712556
vt 0.497994 0.709828
vt 0.502541 0.715370
vt 0.507256 0.706710
vt 0.505574 0.710063
vt 0.503927 0.706241
vt 0.501081 0.706881
vt 0.492354 0.346537
vt 0.472798 0.360362
vt 0.480683 0.336869
vt 0.470009 0.339471
vt 0.491253 0.327376
vt 0.454819 0.367859
vt 0.451668 0.350892
vt 0.460815 0.348645
vt 0.501885 0.326289
vt 0.512519 0.346646
vt 0.512973 0.319467
vt 0.443358 0.358593
vt 0.439481 0.375249
vt 0.433851 0.361083
vt 0.512381 0.727812
vt 0.511112 0.727584
vt 0.512490 0.726313
vt 0.513797 0.727186
vt 0.506996 0.238476
vt 0.517669 0.221862
vt 0.521880 0.233380
vt 0.527688 0.221503
vt 0.530441 0.230799
vt 0.523752 0.212266
vt 0.115707 0.326718
vt 0.125281 0.336710
vt 0.959806 0.864037
vt 0.960910 0.872719
vt 0.959783 0.872719
vt 0.074824 0.644485
vt 0.073905 0.645797
vt 0.073442 0.644705
vt 0.072766 0.645112
vt 0.072183 0.645784
vt 0.935872 0.920010
vt 0.928147 0.920105
vt 0.935872 0.915988
vt 0.141076 0.015718
vt 0.144074 0.012537
vt 0.143888 0.015686
vt 0.138584 0.015846
vt 0.138862 0.013731
vt 0.117292 0.012142
vt 0.119261 0.014765
vt 0.118591 0.015017
vt 0.122672 0.005598
vt 0.117696 0.006566
vt 0.117572 0.005936
vt 0.117036 0.005379
vt 0.058838 0.308089
vt 0.039595 0.307367
vt 0.039718 0.306951
vt 0.077760 0.308127
vt 0.077611 0.308583
vt 0.061548 0.295435
vt 0.041632 0.299335
vt 0.042970 0.292922
vt 0.042548 0.343318
vt 0.047713 0.344677
vt 0.045998 0.345465
vt 0.049830 0.346759
vt 0.052510 0.345899
vt 0.055411 0.283899
vt 0.064087 0.284046
vt 0.063015 0.287212
vt 0.069416 0.283686
vt 0.276134 0.289066
vt 0.290398 0.278193
vt 0.281214 0.289872
vt 0.266518 0.292567
vt 0.262557 0.298077
vt 0.249992 0.294914
vt 0.666741 0.238443
vt 0.666534 0.251374
vt 0.650284 0.245656
vt 0.651628 0.237737
vt 0.650136 0.253586
vt 0.346533 0.301020
vt 0.352632 0.279545
vt 0.355318 0.300036
vt 0.338103 0.302955
vt 0.332697 0.290206
vt 0.653839 0.228939
vt 0.670917 0.224319
vt 0.656878 0.220655
vt 0.365430 0.299621
vt 0.378070 0.282214
vt 0.375308 0.300075
vt 0.668747 0.262067
vt 0.653005 0.265877
vt 0.651324 0.259685
vt 0.331600 0.305840
vt 0.325470 0.309216
vt 0.318081 0.298697
vt 0.384518 0.301351
vt 0.398559 0.286720
vt 0.393282 0.303099
vt 0.660663 0.212618
vt 0.677618 0.210703
vt 0.664877 0.204913
vt 0.673175 0.271462
vt 0.657213 0.277108
vt 0.654764 0.271232
vt 0.320762 0.312387
vt 0.307192 0.306871
vt 0.315875 0.316545
vt 0.532704 0.241993
vt 0.524269 0.260414
vt 0.534147 0.257576
vt 0.037689 0.203555
vt 0.032168 0.192383
vt 0.040188 0.197364
vt 0.049738 0.219148
vt 0.044503 0.220077
vt 0.038387 0.168999
vt 0.027161 0.171239
vt 0.095661 0.278883
vt 0.087917 0.263807
vt 0.100533 0.271578
vt 0.099735 0.281890
vt 0.090716 0.276689
vt 0.110406 0.304023
vt 0.118453 0.303664
vt 0.112042 0.311503
vt 0.119107 0.317596
vt 0.111803 0.317242
vt 0.534914 0.300202
vt 0.525320 0.287721
vt 0.534854 0.286349
vt 0.535079 0.314075
vt 0.526397 0.316161
vt 0.116327 0.193705
vt 0.100875 0.179976
vt 0.088985 0.222635
vt 0.084088 0.246667
vt 0.072167 0.221337
vt 0.741473 0.253415
vt 0.761061 0.260489
vt 0.741642 0.259478
vt 0.760920 0.265963
vt 0.662935 0.516540
vt 0.661280 0.533874
vt 0.647811 0.517491
vt 0.647336 0.535136
vt 0.698914 0.483318
vt 0.695628 0.500135
vt 0.683199 0.482354
vt 0.680292 0.499383
vt 0.738885 0.442775
vt 0.733989 0.465759
vt 0.722500 0.441532
vt 0.718289 0.464122
vt 0.758528 0.281569
vt 0.774091 0.286660
vt 0.756050 0.292462
vt 0.771294 0.296995
vt 0.699519 0.383382
vt 0.694945 0.409999
vt 0.682368 0.382120
vt 0.678234 0.408484
vt 0.640457 0.500767
vt 0.639744 0.518408
vt 0.632300 0.501656
vt 0.632044 0.518920
vt 0.876703 0.146388
vt 0.875445 0.146388
vt 0.876703 0.133690
vt 0.875445 0.133690
vt 0.711127 0.216127
vt 0.726450 0.229390
vt 0.710494 0.217069
vt 0.725866 0.230335
vt 0.634152 0.553300
vt 0.640870 0.552811
vt 0.635879 0.564996
vt 0.642364 0.563561
vt 0.644182 0.573159
vt 0.646449 0.582355
vt 0.638131 0.575352
vt 0.640540 0.584128
vt 0.875445 0.095830
vt 0.875445 0.115650
vt 0.865941 0.095830
vt 0.865941 0.115650
vt 0.520195 0.798110
vt 0.507630 0.798110
vt 0.520195 0.787990
vt 0.507630 0.787990
vt 0.740310 0.545185
vt 0.730768 0.561639
vt 0.728600 0.541334
vt 0.722367 0.557386
vt 0.771766 0.367880
vt 0.777631 0.339338
vt 0.783648 0.369922
vt 0.787892 0.341580
vt 0.688029 0.605819
vt 0.709021 0.220425
vt 0.725014 0.232935
vt 0.795951 0.257355
vt 0.796626 0.254891
vt 0.801934 0.256761
vt 0.802428 0.254399
vt 0.337143 0.057786
vt 0.323547 0.050128
vt 0.343507 0.045015
vt 0.328418 0.037343
vt 0.093930 0.075419
vt 0.106530 0.065326
vt 0.103358 0.085660
vt 0.114768 0.075935
vt 0.377493 0.147189
vt 0.373986 0.133093
vt 0.393788 0.142036
vt 0.388976 0.125323
vt 0.178686 0.044974
vt 0.192579 0.041589
vt 0.181326 0.053750
vt 0.194556 0.050451
vt 0.906612 0.479539
vt 0.896812 0.479539
vt 0.906612 0.470248
vt 0.896812 0.470248
vt 0.896812 0.828244
vt 0.906612 0.828244
vt 0.896812 0.839232
vt 0.906612 0.839232
vt 0.896812 0.701721
vt 0.896812 0.691639
vt 0.906612 0.701721
vt 0.906612 0.691639
vt 0.906612 0.559536
vt 0.896812 0.559536
vt 0.906612 0.549702
vt 0.896812 0.549702
vt 0.271482 0.618254
vt 0.264413 0.625284
vt 0.262965 0.611746
vt 0.257469 0.618303
vt 0.254102 0.606499
vt 0.249849 0.612779
vt 0.271655 0.507041
vt 0.271619 0.528373
vt 0.258177 0.507898
vt 0.258452 0.528577
vt 0.242833 0.609549
vt 0.239591 0.616062
vt 0.245112 0.618538
vt 0.244508 0.508713
vt 0.245144 0.528951
vt 0.230287 0.509885
vt 0.231329 0.529821
vt 0.228269 0.607760
vt 0.235803 0.607995
vt 0.227610 0.615569
vt 0.233961 0.615198
vt 0.197940 0.514722
vt 0.200282 0.534184
vt 0.182736 0.518266
vt 0.185774 0.537611
vt 0.212373 0.610322
vt 0.213596 0.617882
vt 0.204830 0.613854
vt 0.207043 0.620520
vt 0.168283 0.522001
vt 0.171985 0.541456
vt 0.153844 0.525648
vt 0.158161 0.545559
vt 0.197867 0.618001
vt 0.200958 0.624487
vt 0.191287 0.623130
vt 0.195559 0.629087
vt 0.135905 0.530302
vt 0.141098 0.551025
vt 0.184404 0.629948
vt 0.190065 0.635174
vt 0.300003 0.421744
vt 0.303112 0.451093
vt 0.291963 0.422999
vt 0.295348 0.452044
vt 0.294320 0.567628
vt 0.301822 0.569833
vt 0.289753 0.584474
vt 0.297067 0.587234
vt 0.233847 0.648371
vt 0.232552 0.640710
vt 0.246496 0.644811
vt 0.244950 0.637599
vt 0.124537 0.577796
vt 0.132193 0.574855
vt 0.132626 0.594506
vt 0.139814 0.591253
vt 0.101478 0.480324
vt 0.110504 0.479704
vt 0.105704 0.510690
vt 0.114448 0.509343
vt 0.183938 0.210602
vt 0.185030 0.207312
vt 0.194555 0.209827
vt 0.195055 0.207348
vt 0.154420 0.204806
vt 0.148058 0.217473
vt 0.145559 0.199856
vt 0.138525 0.211015
vt 0.303913 0.184020
vt 0.312874 0.179379
vt 0.314269 0.193541
vt 0.322318 0.187546
vt 0.171084 0.293556
vt 0.172530 0.278085
vt 0.186589 0.293709
vt 0.187855 0.278720
vt 0.154618 0.337620
vt 0.155047 0.318480
vt 0.169494 0.336424
vt 0.169840 0.317979
vt 0.302604 0.063522
vt 0.289613 0.058896
vt 0.305892 0.053991
vt 0.292034 0.049577
vt 0.184267 0.062875
vt 0.196721 0.059546
vt 0.101942 0.103644
vt 0.114438 0.112959
vt 0.094202 0.114960
vt 0.108472 0.123514
vt 0.255948 0.315750
vt 0.254062 0.331074
vt 0.245005 0.315148
vt 0.244123 0.331542
vt 0.289623 0.241278
vt 0.275263 0.246879
vt 0.274732 0.215718
vt 0.263102 0.219624
vt 0.060285 0.220643
vt 0.063626 0.199744
vt 0.051117 0.198064
vt 0.355036 0.207574
vt 0.360360 0.194330
vt 0.365833 0.210539
vt 0.323674 0.256675
vt 0.312336 0.245391
vt 0.335273 0.243467
vt 0.323569 0.234560
vt 0.201567 0.304639
vt 0.202484 0.293311
vt 0.217585 0.304154
vt 0.218724 0.293083
vt 0.126081 0.290623
vt 0.141966 0.293045
vt 0.126619 0.304192
vt 0.141448 0.305110
vt 0.149661 0.098712
vt 0.147065 0.095024
vt 0.157895 0.090882
vt 0.155836 0.087427
vt 0.249096 0.061447
vt 0.248714 0.064907
vt 0.237969 0.061783
vt 0.238015 0.065263
vt 0.328473 0.109686
vt 0.324951 0.099453
vt 0.332573 0.106371
vt 0.327453 0.096069
vt 0.161043 0.197064
vt 0.157621 0.200330
vt 0.153132 0.192747
vt 0.149473 0.195480
vt 0.235365 0.202620
vt 0.225294 0.204194
vt 0.234412 0.198952
vt 0.224878 0.200499
vt 0.308444 0.175305
vt 0.300097 0.180372
vt 0.304644 0.172106
vt 0.296557 0.177185
vt 0.411532 0.085733
vt 0.410490 0.086374
vt 0.398627 0.067587
vt 0.397667 0.068325
vt 0.157132 0.023039
vt 0.141528 0.028503
vt 0.156585 0.021541
vt 0.140905 0.027118
vt 0.437095 0.235718
vt 0.435639 0.235245
vt 0.439643 0.216443
vt 0.438154 0.216133
vt 0.249301 0.004854
vt 0.265023 0.005189
vt 0.249386 0.006267
vt 0.265084 0.006612
vt 0.033101 0.112209
vt 0.023782 0.126584
vt 0.031852 0.111694
vt 0.022609 0.126166
vt 0.043912 0.473605
vt 0.043912 0.466708
vt 0.045175 0.473605
vt 0.045175 0.466708
vt 0.436947 0.216063
vt 0.434399 0.235061
vt 0.429586 0.215570
vt 0.427089 0.234005
vt 0.393082 0.073158
vt 0.378279 0.057225
vt 0.381877 0.051818
vt 0.249370 0.007818
vt 0.264944 0.008178
vt 0.249780 0.013152
vt 0.265055 0.013590
vt 0.125894 0.035023
vt 0.128500 0.040076
vt 0.143561 0.033639
vt 0.024952 0.127076
vt 0.034286 0.112821
vt 0.034235 0.130513
vt 0.042009 0.117183
vt 0.077114 0.261605
vt 0.083058 0.275234
vt 0.528254 0.520400
vt 0.510908 0.520131
vt 0.525496 0.489360
vt 0.507652 0.490854
vt 0.480842 0.435526
vt 0.483726 0.463077
vt 0.463687 0.438056
vt 0.466366 0.465199
vt 0.499783 0.640181
vt 0.485069 0.638258
vt 0.498720 0.622722
vt 0.482764 0.621003
vt 0.447704 0.439756
vt 0.430728 0.440742
vt 0.445031 0.416521
vt 0.428439 0.417597
vt 0.448583 0.605881
vt 0.465598 0.605290
vt 0.452201 0.622185
vt 0.468291 0.620862
vt 0.489999 0.701259
vt 0.495206 0.698857
vt 0.468389 0.686277
vt 0.476021 0.682736
vt 0.475956 0.695220
vt 0.482288 0.691702
vt 0.495545 0.378714
vt 0.515923 0.374805
vt 0.445498 0.317115
vt 0.447770 0.329117
vt 0.436191 0.326109
vt 0.438741 0.337000
vt 0.510182 0.290267
vt 0.498575 0.293779
vt 0.448832 0.285114
vt 0.458655 0.270780
vt 0.449485 0.285506
vt 0.459302 0.271129
vt 0.399006 0.544207
vt 0.407058 0.544051
vt 0.403528 0.570315
vt 0.411492 0.569676
vt 0.450552 0.683204
vt 0.455617 0.680217
vt 0.459028 0.692607
vt 0.463151 0.689255
vt 0.404684 0.385312
vt 0.390368 0.387229
vt 0.402085 0.373622
vt 0.389184 0.376984
vt 0.537491 0.398904
vt 0.538789 0.423106
vt 0.529834 0.399879
vt 0.531379 0.424563
vt 0.538861 0.615349
vt 0.543385 0.616505
vt 0.537588 0.631836
vt 0.541679 0.632916
vt 0.522107 0.704710
vt 0.523735 0.705567
vt 0.519449 0.711234
vt 0.520968 0.711994
vt 0.515524 0.723714
vt 0.514131 0.722668
vt 0.518155 0.718152
vt 0.516805 0.716978
vt 0.468424 0.259284
vt 0.469714 0.264739
vt 0.460206 0.271713
vt 0.460947 0.276904
vt 0.928147 0.462781
vt 0.928147 0.445651
vt 0.935872 0.463572
vt 0.935872 0.446342
vt 0.935872 0.581349
vt 0.935872 0.595761
vt 0.928147 0.580368
vt 0.928147 0.594763
vt 0.935872 0.704058
vt 0.928147 0.702954
vt 0.935872 0.689373
vt 0.928147 0.688285
vt 0.928147 0.800683
vt 0.935872 0.802251
vt 0.928147 0.815114
vt 0.935872 0.816759
vt 0.370383 0.013212
vt 0.370383 0.005000
vt 0.384756 0.013212
vt 0.384756 0.005000
vt 0.500463 0.013212
vt 0.485549 0.013212
vt 0.500463 0.005000
vt 0.485549 0.005000
vt 0.109688 0.322077
vt 0.110309 0.017788
vt 0.110309 0.025039
vt 0.102042 0.017788
vt 0.102042 0.025039
vt 0.979515 0.554842
vt 0.980413 0.554842
vt 0.979515 0.575367
vt 0.980413 0.575367
vt 0.980413 0.354786
vt 0.980413 0.349085
vt 0.982051 0.354786
vt 0.982051 0.349085
vt 0.982051 0.645146
vt 0.980413 0.645146
vt 0.982051 0.627144
vt 0.980413 0.627144
vt 0.977913 0.592417
vt 0.977913 0.575367
vt 0.979515 0.592417
vt 0.990068 0.601573
vt 0.988844 0.601573
vt 0.990068 0.578151
vt 0.988844 0.578151
vt 0.959763 0.560055
vt 0.960875 0.559494
vt 0.959763 0.598984
vt 0.960875 0.598501
vt 0.969405 0.383362
vt 0.970411 0.383362
vt 0.969405 0.425147
vt 0.970411 0.425147
vt 0.971856 0.683382
vt 0.970411 0.683382
vt 0.971856 0.640946
vt 0.970411 0.640946
vt 0.967960 0.750641
vt 0.967960 0.718895
vt 0.969405 0.750641
vt 0.969405 0.718895
vt 0.469494 0.960495
vt 0.482345 0.960495
vt 0.469494 0.961897
vt 0.482345 0.961897
vt 0.962632 0.356634
vt 0.960879 0.358144
vt 0.962632 0.346405
vt 0.960881 0.347946
vt 0.962632 0.749258
vt 0.962632 0.793102
vt 0.960874 0.749552
vt 0.960874 0.793257
vt 0.958007 0.413718
vt 0.959762 0.412378
vt 0.958007 0.428530
vt 0.959762 0.427238
vt 0.979515 0.343236
vt 0.979515 0.341588
vt 0.980413 0.343236
vt 0.980413 0.341588
vt 0.959966 0.339203
vt 0.958007 0.341113
vt 0.958886 0.330963
vt 0.958007 0.330963
vt 0.034859 0.441740
vt 0.034859 0.432982
vt 0.043912 0.441740
vt 0.043912 0.432982
vt 0.087113 0.291151
vt 0.095901 0.291151
vt 0.087113 0.300999
vt 0.095901 0.300999
vt 0.044075 0.567484
vt 0.034859 0.567484
vt 0.044075 0.565935
vt 0.034859 0.565935
vt 0.116981 0.005235
vt 0.122694 0.005473
vt 0.060020 0.302083
vt 0.040679 0.303145
vt 0.066596 0.337621
vt 0.062205 0.342730
vt 0.050802 0.332748
vt 0.049378 0.337292
vt 0.893312 0.351762
vt 0.893312 0.340204
vt 0.896812 0.351762
vt 0.896812 0.340204
vt 0.893312 0.735943
vt 0.893312 0.729712
vt 0.896812 0.735943
vt 0.896812 0.729712
vt 0.893312 0.569247
vt 0.896812 0.569247
vt 0.893312 0.579094
vt 0.896812 0.579094
vt 0.360822 0.420466
vt 0.367313 0.420466
vt 0.360822 0.424643
vt 0.367313 0.424643
vt 0.360822 0.338332
vt 0.367313 0.338332
vt 0.360822 0.342681
vt 0.367313 0.342681
vt 0.107685 0.651950
vt 0.107685 0.658853
vt 0.103218 0.651950
vt 0.103218 0.658853
vt 0.606571 0.960495
vt 0.606571 0.961897
vt 0.591265 0.960495
vt 0.591265 0.961897
vt 0.642900 0.961897
vt 0.642900 0.960495
vt 0.654370 0.961897
vt 0.654370 0.960495
vt 0.360822 0.387550
vt 0.360822 0.383339
vt 0.367313 0.387550
vt 0.367313 0.383339
vt 0.991032 0.388736
vt 0.991032 0.422048
vt 0.990068 0.388736
vt 0.990068 0.422048
vt 0.721989 0.244796
vt 0.721929 0.252936
vt 0.660578 0.551047
vt 0.648144 0.552202
vt 0.692126 0.516812
vt 0.677398 0.516229
vt 0.729165 0.486628
vt 0.714239 0.484761
vt 0.760278 0.273065
vt 0.663847 0.380212
vt 0.639777 0.536050
vt 0.657032 0.351524
vt 0.652375 0.378316
vt 0.711882 0.215445
vt 0.727233 0.228762
vt 0.649360 0.592220
vt 0.643890 0.594279
vt 0.875445 0.074508
vt 0.865941 0.074508
vt 0.507630 0.804410
vt 0.520195 0.804410
vt 0.747593 0.547456
vt 0.737234 0.565043
vt 0.790490 0.371265
vt 0.794372 0.342901
vt 0.690769 0.609767
vt 0.694278 0.209184
vt 0.690484 0.217203
vt 0.706488 0.226700
vt 0.801203 0.260194
vt 0.807354 0.259498
vt 0.808023 0.255979
vt 0.349728 0.067208
vt 0.358005 0.054879
vt 0.119579 0.056557
vt 0.126811 0.067477
vt 0.378934 0.164827
vt 0.396790 0.160698
vt 0.207171 0.038802
vt 0.208443 0.047794
vt 0.906612 0.488452
vt 0.896812 0.488452
vt 0.896812 0.849641
vt 0.906612 0.849641
vt 0.906612 0.681625
vt 0.896812 0.681625
vt 0.906612 0.588892
vt 0.896812 0.588892
vt 0.906612 0.579094
vt 0.277852 0.609690
vt 0.268059 0.603747
vt 0.257867 0.599072
vt 0.212984 0.512032
vt 0.214681 0.531697
vt 0.219978 0.608562
vt 0.220335 0.616439
vt 0.119707 0.535515
vt 0.125649 0.556755
vt 0.178447 0.636774
vt 0.185381 0.641389
vt 0.312757 0.480694
vt 0.305651 0.480256
vt 0.310081 0.450944
vt 0.305012 0.550937
vt 0.309300 0.570916
vt 0.312347 0.552069
vt 0.235015 0.656066
vt 0.221457 0.651099
vt 0.222578 0.658776
vt 0.125537 0.596643
vt 0.137160 0.615037
vt 0.142945 0.611203
vt 0.090488 0.448362
vt 0.098583 0.447959
vt 0.093505 0.481361
vt 0.173504 0.210119
vt 0.175345 0.206198
vt 0.135593 0.193348
vt 0.127597 0.203175
vt 0.294673 0.188005
vt 0.305614 0.199265
vt 0.174395 0.261982
vt 0.189093 0.263142
vt 0.184965 0.334898
vt 0.185311 0.316942
vt 0.200402 0.333881
vt 0.200878 0.316311
vt 0.311201 0.078293
vt 0.299939 0.071523
vt 0.314869 0.069892
vt 0.209872 0.056888
vt 0.198876 0.067706
vt 0.211329 0.065012
vt 0.121840 0.102935
vt 0.132947 0.112868
vt 0.127743 0.122606
vt 0.309468 0.268146
vt 0.307343 0.289226
vt 0.322465 0.279666
vt 0.044555 0.181396
vt 0.057944 0.183894
vt 0.337281 0.267635
vt 0.301537 0.232856
vt 0.312700 0.224234
vt 0.348120 0.165815
vt 0.362303 0.150633
vt 0.348936 0.152187
vt 0.155487 0.305608
vt 0.141068 0.317252
vt 0.155505 0.107599
vt 0.142726 0.107406
vt 0.150272 0.116614
vt 0.224735 0.066364
vt 0.226118 0.073912
vt 0.238196 0.072738
vt 0.319963 0.106579
vt 0.316885 0.097459
vt 0.319225 0.089839
vt 0.145340 0.187036
vt 0.157227 0.182345
vt 0.163114 0.186764
vt 0.215435 0.201617
vt 0.215781 0.193383
vt 0.223764 0.192352
vt 0.278538 0.175384
vt 0.286906 0.170688
vt 0.287890 0.181647
vt 0.338142 0.129467
vt 0.336785 0.141065
vt 0.420953 0.106443
vt 0.422117 0.105888
vt 0.172984 0.018422
vt 0.172533 0.016855
vt 0.432013 0.253319
vt 0.433342 0.254079
vt 0.282373 0.006604
vt 0.282347 0.008022
vt 0.043417 0.098377
vt 0.042160 0.097727
vt 0.045175 0.490320
vt 0.043912 0.490320
vt 0.415781 0.214797
vt 0.413280 0.232132
vt 0.384490 0.081939
vt 0.371434 0.066924
vt 0.250234 0.022516
vt 0.265053 0.023017
vt 0.133172 0.048971
vt 0.147197 0.042599
vt 0.049158 0.136410
vt 0.054879 0.124340
vt 0.071368 0.248060
vt 0.522316 0.455374
vt 0.504110 0.459737
vt 0.478415 0.411434
vt 0.500952 0.431542
vt 0.498322 0.406518
vt 0.517349 0.626866
vt 0.517099 0.610282
vt 0.497744 0.607310
vt 0.506380 0.698837
vt 0.513785 0.700917
vt 0.463169 0.588796
vt 0.479151 0.589541
vt 0.480933 0.605712
vt 0.489251 0.688996
vt 0.496479 0.688182
vt 0.500465 0.698103
vt 0.461983 0.677474
vt 0.470822 0.674136
vt 0.409743 0.416743
vt 0.425596 0.396142
vt 0.406962 0.397762
vt 0.429301 0.343923
vt 0.463959 0.298432
vt 0.462064 0.286515
vt 0.474010 0.288892
vt 0.471683 0.275207
vt 0.439988 0.297002
vt 0.440605 0.297441
vt 0.403460 0.517353
vt 0.420233 0.518949
vt 0.423239 0.544356
vt 0.456389 0.668284
vt 0.449204 0.671264
vt 0.381910 0.378718
vt 0.382957 0.388199
vt 0.517841 0.402340
vt 0.519716 0.426761
vt 0.531785 0.613609
vt 0.531213 0.630121
vt 0.519552 0.703423
vt 0.510376 0.720093
vt 0.936887 0.463683
vt 0.936887 0.446440
vt 0.936887 0.595897
vt 0.936887 0.581483
vt 0.936887 0.689518
vt 0.936887 0.704204
vt 0.936887 0.802454
vt 0.936887 0.816971
vt 0.936887 0.919902
vt 0.936887 0.916213
vt 0.485549 0.014613
vt 0.472212 0.013212
vt 0.472212 0.014613
vt 0.034859 0.504192
vt 0.043912 0.504192
vt 0.034859 0.509624
vt 0.043912 0.509624
vt 0.034859 0.244639
vt 0.034859 0.238897
vt 0.043445 0.244639
vt 0.043445 0.238897
vt 0.979515 0.530377
vt 0.980413 0.530377
vt 0.980413 0.345460
vt 0.982051 0.345460
vt 0.982051 0.608716
vt 0.980413 0.608716
vt 0.977913 0.608716
vt 0.979515 0.608716
vt 0.988844 0.554231
vt 0.990068 0.554231
vt 0.959763 0.528638
vt 0.960875 0.528014
vt 0.969405 0.355843
vt 0.970411 0.355843
vt 0.971856 0.593321
vt 0.970411 0.593321
vt 0.967960 0.783554
vt 0.969405 0.783554
vt 0.466882 0.960495
vt 0.466882 0.961897
vt 0.962632 0.336965
vt 0.961009 0.338312
vt 0.962632 0.691476
vt 0.960874 0.691952
vt 0.958007 0.451332
vt 0.959763 0.450107
vt 0.987866 0.578151
vt 0.987866 0.554231
vt 0.969405 0.889350
vt 0.969405 0.915746
vt 0.967960 0.889350
vt 0.967960 0.915746
vt 0.045175 0.441740
vt 0.045175 0.432982
vt 0.935872 0.920856
vt 0.935872 0.921853
vt 0.928147 0.920929
vt 0.928147 0.921853
vt 0.043445 0.249451
vt 0.043445 0.252581
vt 0.034859 0.249451
vt 0.034859 0.252581
vt 0.087113 0.586064
vt 0.096713 0.586064
vt 0.087113 0.591074
vt 0.096713 0.591074
vt 0.034859 0.568505
vt 0.034859 0.567956
vt 0.044075 0.568505
vt 0.044075 0.567956
vt 0.039358 0.306968
vt 0.039285 0.307244
vt 0.035997 0.333637
vt 0.034859 0.328818
vt 0.644436 0.830876
vt 0.644436 0.850442
vt 0.632044 0.830876
vt 0.632044 0.850442
vt 0.896812 0.364536
vt 0.893312 0.364536
vt 0.893312 0.743907
vt 0.896812 0.743907
vt 0.893312 0.588892
vt 0.165013 0.651950
vt 0.165013 0.658853
vt 0.160581 0.651950
vt 0.160581 0.658853
vt 0.360822 0.347067
vt 0.367313 0.347067
vt 0.098277 0.658853
vt 0.098277 0.651950
vt 0.575959 0.961897
vt 0.575959 0.962953
vt 0.591265 0.962953
vt 0.540812 0.964417
vt 0.540812 0.962953
vt 0.558386 0.964417
vt 0.558386 0.962953
vt 0.631429 0.961897
vt 0.631429 0.962953
vt 0.642900 0.962953
vt 0.360822 0.391521
vt 0.367313 0.391521
vt 0.991032 0.355425
vt 0.990068 0.355425
vt 0.703062 0.236013
vt 0.701397 0.245787
vt 0.744168 0.415600
vt 0.756488 0.444280
vt 0.761657 0.417775
vt 0.667539 0.481976
vt 0.665121 0.499398
vt 0.706413 0.440353
vt 0.702538 0.462898
vt 0.658294 0.407314
vt 0.632621 0.536985
vt 0.647052 0.349171
vt 0.643858 0.376966
vt 0.743700 0.242455
vt 0.743303 0.243412
vt 0.716980 0.567486
vt 0.709732 0.553547
vt 0.706032 0.563809
vt 0.711317 0.576084
vt 0.704439 0.585184
vt 0.702373 0.572831
vt 0.697815 0.581879
vt 0.875445 0.053377
vt 0.865941 0.053377
vt 0.507630 0.811362
vt 0.520195 0.811362
vt 0.771267 0.445520
vt 0.775985 0.418808
vt 0.791443 0.317390
vt 0.782787 0.315171
vt 0.700350 0.596362
vt 0.696285 0.204965
vt 0.808527 0.253690
vt 0.361631 0.078885
vt 0.139309 0.060265
vt 0.398201 0.179102
vt 0.222321 0.036576
vt 0.222768 0.045745
vt 0.072825 0.181625
vt 0.056714 0.173884
vt 0.076168 0.169017
vt 0.058702 0.162547
vt 0.896812 0.860535
vt 0.906612 0.860535
vt 0.896812 0.671094
vt 0.906612 0.671094
vt 0.896812 0.598326
vt 0.906612 0.598326
vt 0.283849 0.599048
vt 0.272933 0.593818
vt 0.261437 0.589982
vt 0.270461 0.482432
vt 0.256825 0.483679
vt 0.245837 0.603231
vt 0.228507 0.486039
vt 0.242955 0.484745
vt 0.237605 0.601567
vt 0.229065 0.601280
vt 0.195319 0.491035
vt 0.179590 0.494589
vt 0.211246 0.604179
vt 0.202826 0.607536
vt 0.164640 0.498201
vt 0.149744 0.501463
vt 0.195029 0.611854
vt 0.187570 0.617341
vt 0.131351 0.505230
vt 0.179487 0.624728
vt 0.297920 0.480240
vt 0.297357 0.549362
vt 0.219923 0.643699
vt 0.149151 0.606990
vt 0.108105 0.447137
vt 0.163699 0.208253
vt 0.166235 0.203920
vt 0.322663 0.173242
vt 0.317094 0.169059
vt 0.284805 0.191833
vt 0.295819 0.205390
vt 0.156238 0.293120
vt 0.157861 0.277081
vt 0.216247 0.333022
vt 0.216705 0.315666
vt 0.319278 0.060026
vt 0.111240 0.093282
vt 0.260878 0.249491
vt 0.251692 0.222461
vt 0.282844 0.262307
vt 0.266423 0.264409
vt 0.363531 0.257832
vt 0.348755 0.251391
vt 0.343758 0.230718
vt 0.332575 0.223558
vt 0.350360 0.191068
vt 0.346433 0.177340
vt 0.342349 0.187409
vt 0.139406 0.103571
vt 0.224297 0.063005
vt 0.320495 0.086700
vt 0.141218 0.189139
vt 0.215315 0.205297
vt 0.291431 0.184764
vt 0.368017 0.117452
vt 0.430097 0.127071
vt 0.428925 0.127495
vt 0.188669 0.014775
vt 0.188305 0.013125
vt 0.426110 0.274045
vt 0.427236 0.274885
vt 0.299732 0.009281
vt 0.299564 0.010654
vt 0.053755 0.084246
vt 0.054979 0.084983
vt 0.043912 0.514383
vt 0.045175 0.514383
vt 0.043912 0.520424
vt 0.045175 0.520424
vt 0.430740 0.253032
vt 0.423491 0.251694
vt 0.405137 0.090809
vt 0.282094 0.009476
vt 0.281729 0.014935
vt 0.158678 0.028239
vt 0.044586 0.099097
vt 0.051323 0.103799
vt 0.461183 0.414447
vt 0.445437 0.588534
vt 0.466302 0.665218
vt 0.441750 0.392676
vt 0.486080 0.279161
vt 0.482828 0.262109
vt 0.429410 0.310220
vt 0.428872 0.309736
vt 0.395453 0.517296
vt 0.443548 0.674047
vt 0.393270 0.415909
vt 0.391569 0.398585
vt 0.539666 0.597297
vt 0.544602 0.598278
vt 0.524692 0.697037
vt 0.526691 0.698050
vt 0.477950 0.244900
vt 0.479790 0.250542
vt 0.928147 0.427902
vt 0.935872 0.428507
vt 0.935872 0.565742
vt 0.928147 0.564731
vt 0.935872 0.675574
vt 0.928147 0.674451
vt 0.935872 0.788434
vt 0.928147 0.786965
vt 0.928147 0.899486
vt 0.935872 0.901661
vt 0.472212 0.005000
vt 0.034859 0.514383
vt 0.979515 0.505047
vt 0.980413 0.505047
vt 0.982051 0.343236
vt 0.982051 0.592417
vt 0.980413 0.592417
vt 0.977913 0.627144
vt 0.979515 0.627144
vt 0.988844 0.422048
vt 0.988844 0.490009
vt 0.990068 0.490009
vt 0.960875 0.501309
vt 0.959763 0.501985
vt 0.970411 0.330963
vt 0.969405 0.330963
vt 0.971856 0.537662
vt 0.970411 0.537662
vt 0.967960 0.813080
vt 0.969405 0.813080
vt 0.464786 0.960495
vt 0.464786 0.961897
vt 0.961983 0.330963
vt 0.962632 0.330963
vt 0.960875 0.642955
vt 0.962632 0.642327
vt 0.958007 0.479200
vt 0.959763 0.478053
vt 0.987866 0.601573
vt 0.970411 0.889350
vt 0.970411 0.915746
vt 0.043912 0.539237
vt 0.034859 0.539237
vt 0.043912 0.527418
vt 0.034859 0.527418
vt 0.987866 0.645834
vt 0.988844 0.645834
vt 0.987866 0.650085
vt 0.988844 0.650085
vt 0.102042 0.011082
vt 0.102042 0.005000
vt 0.110309 0.011082
vt 0.110309 0.005000
vt 0.034859 0.561327
vt 0.044075 0.561327
vt 0.034859 0.564645
vt 0.044075 0.564645
vt 0.087113 0.591569
vt 0.096713 0.591569
vt 0.087113 0.592034
vt 0.096713 0.592034
vt 0.971856 0.355843
vt 0.971856 0.330963
vt 0.069393 0.332465
vt 0.052350 0.327768
vt 0.080807 0.295813
vt 0.081932 0.288326
vt 0.896812 0.377066
vt 0.893312 0.377066
vt 0.893312 0.752779
vt 0.896812 0.752779
vt 0.893312 0.598326
vt 0.156494 0.651950
vt 0.156494 0.658853
vt 0.360822 0.351496
vt 0.367313 0.351496
vt 0.093507 0.651950
vt 0.093507 0.658853
vt 0.606571 0.962953
vt 0.575959 0.964417
vt 0.654370 0.962953
vt 0.135336 0.651950
vt 0.135336 0.658853
vt 0.130780 0.651950
vt 0.130780 0.658853
vt 0.778789 0.264305
vt 0.779510 0.259822
vt 0.761205 0.256324
vt 0.690161 0.439140
vt 0.711430 0.412007
vt 0.649020 0.499974
vt 0.686524 0.461979
vt 0.754650 0.365594
vt 0.761400 0.336173
vt 0.654771 0.436646
vt 0.648707 0.406909
vt 0.645544 0.435965
vt 0.660001 0.330328
vt 0.744261 0.241693
vt 0.762329 0.252131
vt 0.762634 0.251372
vt 0.653475 0.605662
vt 0.648733 0.607209
vt 0.695464 0.560993
vt 0.693198 0.569927
vt 0.690233 0.579257
vt 0.728651 0.282697
vt 0.724868 0.276756
vt 0.507630 0.833593
vt 0.507630 0.827732
vt 0.520195 0.833593
vt 0.520195 0.827732
vt 0.804813 0.272814
vt 0.803054 0.282781
vt 0.798737 0.272866
vt 0.797026 0.282085
vt 0.797697 0.318696
vt 0.799988 0.302512
vt 0.793830 0.301497
vt 0.808435 0.252809
vt 0.802537 0.253564
vt 0.682941 0.201496
vt 0.381744 0.108437
vt 0.403650 0.116898
vt 0.395152 0.098776
vt 0.161425 0.037298
vt 0.175934 0.032944
vt 0.165281 0.049139
vt 0.397544 0.213935
vt 0.394691 0.229649
vt 0.378901 0.212596
vt 0.375527 0.226640
vt 0.250160 0.034701
vt 0.264417 0.035271
vt 0.249867 0.044163
vt 0.263586 0.044822
vt 0.079563 0.147956
vt 0.064394 0.142384
vt 0.082360 0.137419
vt 0.068994 0.131618
vt 0.896812 0.330963
vt 0.906612 0.340204
vt 0.906612 0.330963
vt 0.906612 0.722706
vt 0.906612 0.729712
vt 0.896812 0.722706
vt 0.906612 0.538394
vt 0.896812 0.538394
vt 0.906612 0.527303
vt 0.896812 0.527303
vt 0.284445 0.547738
vt 0.281719 0.565012
vt 0.270453 0.546738
vt 0.268256 0.563010
vt 0.247309 0.376256
vt 0.231434 0.352513
vt 0.232991 0.377832
vt 0.248552 0.596213
vt 0.239342 0.594823
vt 0.201711 0.380156
vt 0.200648 0.356252
vt 0.218305 0.378777
vt 0.216787 0.354681
vt 0.229890 0.594784
vt 0.219537 0.595992
vt 0.219826 0.602198
vt 0.186038 0.381840
vt 0.185153 0.357800
vt 0.210169 0.598194
vt 0.155031 0.385147
vt 0.154544 0.360858
vt 0.170212 0.383672
vt 0.169544 0.359543
vt 0.200963 0.601612
vt 0.192380 0.605967
vt 0.123669 0.385738
vt 0.108347 0.384114
vt 0.124364 0.360618
vt 0.109143 0.358972
vt 0.174451 0.619012
vt 0.166584 0.626972
vt 0.172623 0.632217
vt 0.314021 0.531215
vt 0.306693 0.530298
vt 0.314139 0.507037
vt 0.306904 0.506402
vt 0.260009 0.638366
vt 0.269615 0.631220
vt 0.264498 0.644645
vt 0.274937 0.636584
vt 0.148761 0.629057
vt 0.153743 0.624556
vt 0.157561 0.637472
vt 0.161911 0.632398
vt 0.086283 0.381753
vt 0.095956 0.382020
vt 0.088047 0.410152
vt 0.096699 0.410309
vt 0.255521 0.200548
vt 0.265480 0.198058
vt 0.203619 0.278897
vt 0.204192 0.263940
vt 0.246772 0.250658
vt 0.232208 0.250934
vt 0.240193 0.224573
vt 0.228224 0.226210
vt 0.334817 0.087118
vt 0.325718 0.077848
vt 0.237800 0.053680
vt 0.223499 0.054908
vt 0.139814 0.085393
vt 0.130354 0.093671
vt 0.296708 0.298465
vt 0.129647 0.273414
vt 0.134451 0.254317
vt 0.143977 0.276117
vt 0.147448 0.257997
vt 0.322135 0.215014
vt 0.329500 0.206429
vt 0.356327 0.236637
vt 0.339284 0.213381
vt 0.232620 0.303930
vt 0.231379 0.314180
vt 0.137106 0.116753
vt 0.146616 0.126048
vt 0.132829 0.126406
vt 0.144451 0.135401
vt 0.199795 0.070926
vt 0.211916 0.068281
vt 0.202095 0.078363
vt 0.213330 0.075882
vt 0.299240 0.073712
vt 0.310506 0.080760
vt 0.297042 0.079122
vt 0.309234 0.086896
vt 0.131149 0.170896
vt 0.147901 0.169045
vt 0.137430 0.179276
vt 0.151510 0.175662
vt 0.196275 0.203454
vt 0.199038 0.194860
vt 0.205822 0.202763
vt 0.207263 0.194341
vt 0.262040 0.182631
vt 0.269655 0.179583
vt 0.269960 0.189029
vt 0.278791 0.185673
vt 0.438154 0.194277
vt 0.437444 0.171694
vt 0.439397 0.194222
vt 0.438627 0.171519
vt 0.222084 0.009371
vt 0.221944 0.007823
vt 0.238287 0.008094
vt 0.238270 0.006582
vt 0.007771 0.156004
vt 0.015568 0.140849
vt 0.016506 0.141229
vt 0.334177 0.020813
vt 0.334673 0.019475
vt 0.350940 0.028561
vt 0.351626 0.027342
vt 0.079979 0.060085
vt 0.094536 0.049552
vt 0.081087 0.060982
vt 0.095586 0.050520
vt 0.644436 0.935219
vt 0.632044 0.935219
vt 0.644436 0.922783
vt 0.632044 0.922783
vt 0.417966 0.271451
vt 0.409642 0.249143
vt 0.404592 0.267544
vt 0.414847 0.110150
vt 0.298439 0.017427
vt 0.280975 0.024530
vt 0.296933 0.027219
vt 0.174047 0.023722
vt 0.062255 0.090958
vt 0.062552 0.111548
vt 0.071991 0.098992
vt 0.011695 0.164736
vt 0.006592 0.160527
vt 0.521550 0.695470
vt 0.514085 0.692597
vt 0.523093 0.687777
vt 0.514220 0.684571
vt 0.516601 0.592805
vt 0.496605 0.590957
vt 0.515576 0.572442
vt 0.495032 0.571497
vt 0.504581 0.689222
vt 0.503024 0.680708
vt 0.477118 0.570371
vt 0.460692 0.569441
vt 0.474663 0.546900
vt 0.458024 0.546142
vt 0.481013 0.671869
vt 0.490975 0.671521
vt 0.484611 0.680083
vt 0.493329 0.679412
vt 0.456817 0.639246
vt 0.444489 0.641675
vt 0.438652 0.624322
vt 0.475678 0.384052
vt 0.412375 0.344304
vt 0.415285 0.353110
vt 0.397062 0.353152
vt 0.399288 0.361438
vt 0.466329 0.313381
vt 0.476648 0.306018
vt 0.393956 0.340190
vt 0.393553 0.339480
vt 0.407387 0.330973
vt 0.406924 0.330312
vt 0.417589 0.493684
vt 0.400716 0.492808
vt 0.415117 0.467515
vt 0.398241 0.468016
vt 0.434400 0.644503
vt 0.443119 0.661413
vt 0.451047 0.657566
vt 0.501381 0.719816
vt 0.508665 0.724096
vt 0.500990 0.722508
vt 0.508137 0.726101
vt 0.384842 0.343817
vt 0.385040 0.345018
vt 0.378419 0.347293
vt 0.378126 0.348590
vt 0.531552 0.574939
vt 0.539944 0.576093
vt 0.531937 0.595868
vt 0.526892 0.689488
vt 0.452232 0.298134
vt 0.451095 0.290237
vt 0.517780 0.202125
vt 0.511080 0.210971
vt 0.935872 0.411080
vt 0.936887 0.428594
vt 0.936887 0.411155
vt 0.935872 0.551303
vt 0.936887 0.565880
vt 0.936887 0.551433
vt 0.936887 0.666222
vt 0.936887 0.675725
vt 0.935872 0.666090
vt 0.935872 0.774317
vt 0.936887 0.774498
vt 0.936887 0.788625
vt 0.936887 0.901964
vt 0.936887 0.888196
vt 0.935872 0.887924
vt 0.456771 0.013212
vt 0.456771 0.014613
vt 0.443325 0.013212
vt 0.443325 0.014613
vt 0.514674 0.013212
vt 0.500463 0.014613
vt 0.514674 0.014613
vt 0.081551 0.579790
vt 0.081551 0.588886
vt 0.080377 0.579790
vt 0.080377 0.588886
vt 0.980413 0.458403
vt 0.979515 0.458403
vt 0.980413 0.430985
vt 0.979515 0.430985
vt 0.979515 0.354786
vt 0.977913 0.354786
vt 0.979515 0.349085
vt 0.977913 0.349085
vt 0.982051 0.554842
vt 0.982051 0.530377
vt 0.977913 0.664920
vt 0.977913 0.655046
vt 0.979515 0.664920
vt 0.979515 0.655046
vt 0.979515 0.362064
vt 0.979515 0.371922
vt 0.977913 0.362064
vt 0.977913 0.371922
vt 0.960875 0.449327
vt 0.960875 0.426413
vt 0.482345 0.962953
vt 0.469494 0.962953
vt 0.969405 0.853234
vt 0.969405 0.834339
vt 0.970411 0.853234
vt 0.970411 0.834339
vt 0.967960 0.869660
vt 0.967960 0.853234
vt 0.969405 0.869660
vt 0.971856 0.425147
vt 0.970411 0.479691
vt 0.971856 0.479691
vt 0.958007 0.360621
vt 0.959762 0.359110
vt 0.958007 0.370957
vt 0.959760 0.369483
vt 0.962632 0.558604
vt 0.962632 0.527026
vt 0.958007 0.560941
vt 0.958007 0.529621
vt 0.990068 0.630070
vt 0.991032 0.630070
vt 0.990068 0.645834
vt 0.991032 0.645834
vt 0.982051 0.341588
vt 0.103848 0.637207
vt 0.103848 0.628851
vt 0.134173 0.637207
vt 0.134173 0.628851
vt 0.990068 0.650085
vt 0.990068 0.668021
vt 0.988844 0.668021
vt 0.043445 0.273115
vt 0.034859 0.273115
vt 0.043445 0.261636
vt 0.034859 0.261636
vt 0.096713 0.579555
vt 0.087113 0.579555
vt 0.096713 0.575456
vt 0.087113 0.575456
vt 0.122504 0.008246
vt 0.117564 0.008214
vt 0.078008 0.308548
vt 0.078065 0.308320
vt 0.054305 0.321824
vt 0.035952 0.319712
vt 0.034910 0.324240
vt 0.644436 0.878288
vt 0.632044 0.878288
vt 0.644436 0.867707
vt 0.632044 0.867707
vt 0.893312 0.422279
vt 0.893312 0.407018
vt 0.896812 0.422279
vt 0.896812 0.407018
vt 0.893312 0.773273
vt 0.896812 0.773273
vt 0.893312 0.784105
vt 0.896812 0.784105
vt 0.893312 0.630050
vt 0.893312 0.619221
vt 0.896812 0.630050
vt 0.896812 0.619221
vt 0.148216 0.651950
vt 0.148216 0.658853
vt 0.144116 0.651950
vt 0.144116 0.658853
vt 0.360822 0.359951
vt 0.367313 0.359951
vt 0.360822 0.363923
vt 0.367313 0.363923
vt 0.075640 0.651950
vt 0.082237 0.651950
vt 0.075640 0.658853
vt 0.082237 0.658853
vt 0.558386 0.961897
vt 0.540812 0.961897
vt 0.606571 0.964417
vt 0.619000 0.964417
vt 0.619000 0.962953
vt 0.122368 0.651950
vt 0.122368 0.658853
vt 0.118241 0.651950
vt 0.118241 0.658853
vt 0.988844 0.527487
vt 0.987866 0.527487
vt 0.043912 0.462433
vt 0.045175 0.462433
vt 0.988844 0.388736
vt 0.988844 0.355425
vt 0.876703 0.095830
vt 0.876703 0.115650
vt 0.702115 0.535147
vt 0.697807 0.551620
vt 0.688644 0.533606
vt 0.685485 0.550329
vt 0.740308 0.506886
vt 0.734848 0.524044
vt 0.724855 0.503850
vt 0.720176 0.520788
vt 0.767389 0.312328
vt 0.786161 0.299914
vt 0.715061 0.269515
vt 0.721771 0.358414
vt 0.738242 0.362279
vt 0.716394 0.385597
vt 0.732684 0.388096
vt 0.652516 0.460707
vt 0.650572 0.482018
vt 0.643362 0.460398
vt 0.641634 0.482370
vt 0.684471 0.260276
vt 0.688844 0.267722
vt 0.677027 0.186644
vt 0.687172 0.194880
vt 0.676433 0.187529
vt 0.686565 0.195696
vt 0.672420 0.559243
vt 0.672287 0.568205
vt 0.660795 0.560306
vt 0.661441 0.569359
vt 0.672181 0.577563
vt 0.671847 0.587334
vt 0.662359 0.578631
vt 0.663252 0.588435
vt 0.731012 0.295031
vt 0.730280 0.300801
vt 0.520195 0.895981
vt 0.520195 0.912478
vt 0.507630 0.895981
vt 0.507630 0.912478
vt 0.875445 0.007488
vt 0.876703 0.007488
vt 0.875445 0.013461
vt 0.876703 0.013461
vt 0.754973 0.510182
vt 0.760500 0.492279
vt 0.762735 0.511662
vt 0.768256 0.493694
vt 0.779912 0.394212
vt 0.783375 0.419788
vt 0.787044 0.395427
vt 0.714309 0.591924
vt 0.704710 0.600090
vt 0.709110 0.588107
vt 0.742799 0.245194
vt 0.761683 0.254204
vt 0.742131 0.248264
vt 0.342833 0.076847
vt 0.331688 0.067655
vt 0.121533 0.083904
vt 0.132577 0.075681
vt 0.906612 0.407018
vt 0.906612 0.422279
vt 0.906612 0.784105
vt 0.906612 0.773273
vt 0.896812 0.661166
vt 0.896812 0.650950
vt 0.906612 0.661166
vt 0.906612 0.650950
vt 0.279197 0.424818
vt 0.276160 0.396110
vt 0.288375 0.394764
vt 0.265403 0.426612
vt 0.262509 0.397548
vt 0.251757 0.428241
vt 0.254547 0.456754
vt 0.237817 0.429883
vt 0.240609 0.458086
vt 0.256230 0.561842
vt 0.253956 0.575750
vt 0.244218 0.561389
vt 0.242851 0.575008
vt 0.208378 0.461796
vt 0.205805 0.433371
vt 0.226089 0.459517
vt 0.223284 0.431304
vt 0.231816 0.561803
vt 0.231435 0.575341
vt 0.217188 0.563331
vt 0.218197 0.576860
vt 0.192626 0.464537
vt 0.189987 0.435855
vt 0.204618 0.565596
vt 0.206798 0.579174
vt 0.161381 0.471262
vt 0.158559 0.441660
vt 0.176620 0.467943
vt 0.173900 0.438849
vt 0.192008 0.568946
vt 0.195409 0.582623
vt 0.180098 0.573052
vt 0.184694 0.586865
vt 0.127786 0.476804
vt 0.125222 0.445650
vt 0.153171 0.584737
vt 0.160742 0.599387
vt 0.213798 0.645597
vt 0.213535 0.638855
vt 0.219182 0.637020
vt 0.294383 0.372019
vt 0.301912 0.371573
vt 0.296799 0.393301
vt 0.304000 0.392852
vt 0.290661 0.602955
vt 0.296783 0.607297
vt 0.284213 0.614314
vt 0.289863 0.619138
vt 0.170638 0.646991
vt 0.174729 0.642084
vt 0.179180 0.651696
vt 0.182383 0.646492
vt 0.103675 0.539261
vt 0.111276 0.537525
vt 0.110204 0.561434
vt 0.117573 0.559316
vt 0.213934 0.652467
vt 0.213678 0.659589
vt 0.206320 0.652629
vt 0.205472 0.659290
vt 0.245736 0.202588
vt 0.235791 0.204263
vt 0.245061 0.200685
vt 0.192343 0.228454
vt 0.204605 0.228122
vt 0.205095 0.208494
vt 0.204346 0.250950
vt 0.190180 0.250223
vt 0.348770 0.110912
vt 0.336362 0.117383
vt 0.262581 0.054040
vt 0.276187 0.055823
vt 0.261711 0.061998
vt 0.274777 0.063675
vt 0.160960 0.072082
vt 0.172373 0.067007
vt 0.165535 0.080915
vt 0.176003 0.075505
vt 0.103415 0.134043
vt 0.120170 0.141739
vt 0.100247 0.144474
vt 0.119093 0.151293
vt 0.116286 0.219610
vt 0.128303 0.229754
vt 0.107076 0.238047
vt 0.121116 0.248473
vt 0.251099 0.265145
vt 0.234606 0.264504
vt 0.170304 0.305608
vt 0.128023 0.145191
vt 0.143835 0.152024
vt 0.127340 0.153881
vt 0.144773 0.158832
vt 0.177428 0.078692
vt 0.181054 0.086104
vt 0.167227 0.084184
vt 0.171332 0.091841
vt 0.259349 0.072414
vt 0.261172 0.065196
vt 0.272363 0.073207
vt 0.274175 0.066501
vt 0.316854 0.135075
vt 0.319495 0.126210
vt 0.330511 0.131340
vt 0.330275 0.120636
vt 0.169377 0.200304
vt 0.176873 0.192464
vt 0.177968 0.202298
vt 0.183918 0.193936
vt 0.239289 0.189611
vt 0.246849 0.187686
vt 0.243404 0.197078
vt 0.252311 0.194766
vt 0.319840 0.158940
vt 0.312507 0.166037
vt 0.306224 0.153556
vt 0.300492 0.160069
vt 0.418753 0.294478
vt 0.417304 0.293873
vt 0.424779 0.273615
vt 0.333546 0.022058
vt 0.317217 0.014952
vt 0.316724 0.016214
vt 0.082073 0.062013
vt 0.068741 0.073263
vt 0.067692 0.072340
vt 0.431579 0.126791
vt 0.423536 0.105413
vt 0.171905 0.015540
vt 0.187794 0.011757
vt 0.034859 0.466708
vt 0.034859 0.473605
vt 0.416391 0.175552
vt 0.414182 0.155821
vt 0.430116 0.173006
vt 0.427431 0.151975
vt 0.347889 0.035134
vt 0.331748 0.027537
vt 0.222038 0.014826
vt 0.222012 0.024338
vt 0.205481 0.017204
vt 0.206142 0.026600
vt 0.086383 0.066916
vt 0.100106 0.056650
vt 0.063043 0.248060
vt 0.490064 0.521091
vt 0.487029 0.493470
vt 0.515292 0.669116
vt 0.501247 0.665436
vt 0.516292 0.658695
vt 0.500673 0.655799
vt 0.469299 0.494628
vt 0.452918 0.494987
vt 0.450302 0.466510
vt 0.487401 0.653774
vt 0.475254 0.653397
vt 0.471711 0.638001
vt 0.437116 0.520077
vt 0.434974 0.494552
vt 0.423139 0.381757
vt 0.456374 0.322106
vt 0.493880 0.250332
vt 0.496418 0.271229
vt 0.450291 0.286059
vt 0.441278 0.297972
vt 0.393077 0.338569
vt 0.406389 0.329524
vt 0.434045 0.607351
vt 0.421167 0.609231
vt 0.430218 0.589232
vt 0.416226 0.591167
vt 0.471764 0.697995
vt 0.483528 0.707874
vt 0.485825 0.704696
vt 0.386807 0.358475
vt 0.387831 0.366140
vt 0.379693 0.361351
vt 0.380678 0.368688
vt 0.536065 0.488974
vt 0.538109 0.520787
vt 0.527545 0.664196
vt 0.532582 0.666141
vt 0.525662 0.674114
vt 0.530320 0.676152
vt 0.433697 0.317790
vt 0.431471 0.313112
vt 0.443523 0.307659
vt 0.442152 0.301245
vt 0.385502 0.347893
vt 0.385944 0.352047
vt 0.378382 0.351646
vt 0.378911 0.355567
vt 0.935872 0.380391
vt 0.935872 0.362436
vt 0.936887 0.380429
vt 0.936887 0.362462
vt 0.935872 0.516607
vt 0.935872 0.499092
vt 0.936887 0.516736
vt 0.936887 0.499217
vt 0.935872 0.638707
vt 0.935872 0.624510
vt 0.936887 0.638845
vt 0.936887 0.624647
vt 0.935872 0.732141
vt 0.936887 0.732299
vt 0.935872 0.746182
vt 0.936887 0.746346
vt 0.935872 0.845433
vt 0.936887 0.845671
vt 0.935872 0.859758
vt 0.936887 0.860008
vt 0.397988 0.014613
vt 0.397988 0.013212
vt 0.413732 0.014613
vt 0.413732 0.013212
vt 0.524742 0.014613
vt 0.523627 0.014613
vt 0.524742 0.013212
vt 0.523627 0.013212
vt 0.045175 0.509624
vt 0.980413 0.362064
vt 0.979515 0.645146
vt 0.980413 0.655046
vt 0.980413 0.391601
vt 0.982051 0.391601
vt 0.980413 0.407496
vt 0.982051 0.407496
vt 0.982051 0.701942
vt 0.980413 0.701942
vt 0.982051 0.686874
vt 0.980413 0.686874
vt 0.977913 0.458403
vt 0.977913 0.481673
vt 0.979515 0.481673
vt 0.960877 0.368537
vt 0.960873 0.831774
vt 0.959764 0.793362
vt 0.959761 0.831809
vt 0.969405 0.640946
vt 0.969405 0.683382
vt 0.971856 0.813080
vt 0.971856 0.834339
vt 0.970411 0.813080
vt 0.969405 0.479691
vt 0.969405 0.537662
vt 0.967960 0.479691
vt 0.967960 0.537662
vt 0.469494 0.964417
vt 0.466882 0.964417
vt 0.466882 0.962953
vt 0.962632 0.410167
vt 0.960875 0.411522
vt 0.962632 0.399632
vt 0.960876 0.401013
vt 0.958007 0.793517
vt 0.958007 0.831857
vt 0.987866 0.422048
vt 0.987866 0.388736
vt 0.960910 0.879176
vt 0.960910 0.926268
vt 0.959783 0.879176
vt 0.959783 0.926268
vt 0.988844 0.351820
vt 0.987866 0.351820
vt 0.987866 0.355425
vt 0.525971 0.014613
vt 0.525971 0.013212
vt 0.135735 0.014448
vt 0.137066 0.015450
vt 0.122178 0.014926
vt 0.122369 0.012794
vt 0.124866 0.014704
vt 0.126961 0.013384
vt 0.096804 0.545967
vt 0.089601 0.545967
vt 0.096804 0.544954
vt 0.089601 0.544954
vt 0.047927 0.342922
vt 0.040043 0.340877
vt 0.893312 0.479539
vt 0.893312 0.488452
vt 0.893312 0.849641
vt 0.893312 0.839232
vt 0.893312 0.681625
vt 0.893312 0.691639
vt 0.893312 0.517068
vt 0.896812 0.517068
vt 0.893312 0.527303
vt 0.360822 0.403662
vt 0.360822 0.399672
vt 0.367313 0.403662
vt 0.367313 0.399672
vt 0.360822 0.316034
vt 0.367313 0.316034
vt 0.360822 0.320588
vt 0.367313 0.320588
vt 0.523921 0.961897
vt 0.507029 0.961897
vt 0.523921 0.960495
vt 0.507029 0.960495
vt 0.108121 0.691617
vt 0.109921 0.687804
vt 0.186643 0.692833
vt 0.185495 0.689086
vt 0.041449 0.157963
vt 0.103739 0.208472
vt 0.706445 0.518372
vt 0.745379 0.489297
vt 0.745447 0.332181
vt 0.752350 0.308298
vt 0.701667 0.261540
vt 0.704590 0.266839
vt 0.727636 0.413806
vt 0.749354 0.390275
vt 0.634999 0.460172
vt 0.637405 0.435346
vt 0.682716 0.251558
vt 0.675707 0.188686
vt 0.685877 0.196786
vt 0.672919 0.550186
vt 0.730723 0.289508
vt 0.520195 0.867887
vt 0.520195 0.879371
vt 0.507630 0.867887
vt 0.507630 0.879371
vt 0.876703 0.019058
vt 0.875445 0.019058
vt 0.766751 0.392517
vt 0.780290 0.256091
vt 0.780009 0.257409
vt 0.762080 0.252974
vt 0.417008 0.195352
vt 0.399016 0.196385
vt 0.238017 0.022918
vt 0.237898 0.035119
vt 0.044712 0.147653
vt 0.061029 0.152649
vt 0.906612 0.391131
vt 0.896812 0.391131
vt 0.906612 0.762729
vt 0.896812 0.762729
vt 0.906612 0.640730
vt 0.896812 0.640730
vt 0.273788 0.373735
vt 0.286002 0.373038
vt 0.260331 0.374666
vt 0.268226 0.455244
vt 0.265162 0.577503
vt 0.146226 0.474016
vt 0.143378 0.443828
vt 0.168176 0.577955
vt 0.174015 0.592028
vt 0.207132 0.646277
vt 0.208684 0.640731
vt 0.285061 0.354776
vt 0.292783 0.356102
vt 0.277289 0.623474
vt 0.168483 0.637709
vt 0.190671 0.649890
vt 0.198673 0.651573
vt 0.254512 0.198333
vt 0.215391 0.206896
vt 0.216654 0.227514
vt 0.342458 0.097984
vt 0.361262 0.101852
vt 0.352848 0.088090
vt 0.249448 0.053386
vt 0.144179 0.068641
vt 0.156219 0.062714
vt 0.150057 0.078193
vt 0.098770 0.154601
vt 0.160398 0.260275
vt 0.090720 0.195130
vt 0.101887 0.260123
vt 0.299364 0.255291
vt 0.185809 0.305200
vt 0.123741 0.132459
vt 0.129832 0.136035
vt 0.187134 0.071152
vt 0.188375 0.074318
vt 0.287620 0.066726
vt 0.286871 0.069147
vt 0.329175 0.141383
vt 0.186983 0.203365
vt 0.261212 0.192049
vt 0.263955 0.195551
vt 0.325701 0.151488
vt 0.412021 0.308851
vt 0.413332 0.309231
vt 0.299208 0.011944
vt 0.056109 0.085814
vt 0.412822 0.085092
vt 0.155889 0.020266
vt 0.632044 0.812257
vt 0.632044 0.799358
vt 0.644436 0.812257
vt 0.644436 0.799358
vt 0.043912 0.450704
vt 0.043912 0.457726
vt 0.034859 0.450704
vt 0.034859 0.457726
vt 0.434542 0.149934
vt 0.350220 0.029665
vt 0.205074 0.011762
vt 0.096478 0.051642
vt 0.055536 0.249176
vt 0.126689 0.317509
vt 0.529737 0.648413
vt 0.517119 0.643862
vt 0.492800 0.547537
vt 0.472011 0.521215
vt 0.489148 0.663571
vt 0.501938 0.673120
vt 0.455395 0.520902
vt 0.461898 0.654509
vt 0.478068 0.663526
vt 0.439618 0.545121
vt 0.419297 0.367500
vt 0.453968 0.308659
vt 0.395555 0.439996
vt 0.387810 0.439770
vt 0.385613 0.415475
vt 0.413529 0.610446
vt 0.419462 0.627666
vt 0.426846 0.626193
vt 0.494343 0.715445
vt 0.481210 0.710995
vt 0.493247 0.718370
vt 0.542795 0.489189
vt 0.544420 0.521066
vt 0.535773 0.667519
vt 0.533278 0.677573
vt 0.508709 0.264968
vt 0.430048 0.310825
vt 0.378093 0.349372
vt 0.385139 0.345772
vt 0.928147 0.380145
vt 0.928147 0.362268
vt 0.928147 0.515668
vt 0.928147 0.498186
vt 0.928147 0.623508
vt 0.928147 0.637691
vt 0.928147 0.744928
vt 0.928147 0.730940
vt 0.928147 0.843598
vt 0.928147 0.857833
vt 0.413732 0.005000
vt 0.427437 0.013212
vt 0.427437 0.005000
vt 0.340916 0.013212
vt 0.340916 0.005000
vt 0.347271 0.013212
vt 0.347271 0.005000
vt 0.045175 0.504192
vt 0.980413 0.371922
vt 0.980413 0.664920
vt 0.982051 0.430985
vt 0.980413 0.714603
vt 0.982051 0.714603
vt 0.977913 0.430985
vt 0.959760 0.381151
vt 0.960877 0.380406
vt 0.970411 0.718895
vt 0.971856 0.853234
vt 0.967960 0.425147
vt 0.464786 0.964417
vt 0.464786 0.962953
vt 0.962632 0.425101
vt 0.959765 0.749740
vt 0.958007 0.750033
vt 0.962604 0.879176
vt 0.962604 0.926268
vt 0.987866 0.330963
vt 0.988844 0.330963
vt 0.936887 0.920904
vt 0.128325 0.008288
vt 0.127974 0.011603
vt 0.116991 0.016351
vt 0.118137 0.016276
vt 0.117301 0.016608
vt 0.117754 0.016572
vt 0.055277 0.345476
vt 0.893312 0.470248
vt 0.893312 0.828244
vt 0.893312 0.671094
vt 0.893312 0.506807
vt 0.896812 0.506807
vt 0.360822 0.395511
vt 0.367313 0.395511
vt 0.053887 0.651950
vt 0.053887 0.658853
vt 0.049789 0.651950
vt 0.049789 0.658853
vt 0.619000 0.961897
vt 0.523921 0.962953
vt 0.523921 0.964417
vt 0.107019 0.695588
vt 0.187153 0.695588
vt 0.078957 0.201943
vt 0.876703 0.074508
vt 0.702316 0.254944
vt 0.674810 0.533237
vt 0.710529 0.501659
vt 0.633250 0.482641
vt 0.681851 0.240718
vt 0.696894 0.203989
vt 0.649405 0.562067
vt 0.650970 0.571321
vt 0.652984 0.580453
vt 0.683535 0.326948
vt 0.674745 0.324089
vt 0.507630 0.759822
vt 0.507630 0.746817
vt 0.520195 0.759822
vt 0.520195 0.746817
vt 0.748595 0.527264
vt 0.788364 0.289933
vt 0.790229 0.281434
vt 0.795519 0.290848
vt 0.724353 0.570695
vt 0.390556 0.245431
vt 0.279522 0.036947
vt 0.075494 0.119853
vt 0.906612 0.434435
vt 0.896812 0.434435
vt 0.896812 0.795026
vt 0.906612 0.795026
vt 0.282278 0.453488
vt 0.257766 0.546240
vt 0.245010 0.546176
vt 0.231799 0.546786
vt 0.202470 0.550778
vt 0.188825 0.554122
vt 0.175892 0.558081
vt 0.162949 0.562615
vt 0.146759 0.568759
vt 0.219561 0.630732
vt 0.225517 0.205805
vt 0.180190 0.227723
vt 0.219519 0.264319
vt 0.218443 0.251064
vt 0.277867 0.046589
vt 0.168596 0.057792
vt 0.087241 0.126226
vt 0.140354 0.337236
vt 0.336028 0.174643
vt 0.437199 0.149525
vt 0.435695 0.149648
vt 0.204379 0.008705
vt 0.204813 0.010090
vt 0.034859 0.490320
vt 0.430746 0.194621
vt 0.364041 0.045384
vt 0.367322 0.040171
vt 0.238187 0.013478
vt 0.110776 0.042843
vt 0.113949 0.047832
vt 0.027566 0.143159
vt 0.432860 0.467159
vt 0.494656 0.217456
vt 0.495412 0.218164
vt 0.484886 0.231333
vt 0.485579 0.231893
vt 0.408441 0.592262
vt 0.467923 0.700923
vt 0.540497 0.451613
vt 0.533443 0.452971
vt 0.535315 0.650558
vt 0.538862 0.651986
vt 0.526623 0.344855
vt 0.528322 0.373260
vt 0.408275 0.333100
vt 0.394399 0.342333
vt 0.486569 0.232616
vt 0.489505 0.238166
vt 0.935872 0.330963
vt 0.935872 0.344089
vt 0.928147 0.330963
vt 0.928147 0.343922
vt 0.928147 0.480772
vt 0.935872 0.481616
vt 0.935872 0.609943
vt 0.928147 0.608933
vt 0.935872 0.718343
vt 0.928147 0.717199
vt 0.928147 0.829219
vt 0.935872 0.830964
vt 0.397988 0.005000
vt 0.524742 0.005000
vt 0.523627 0.005000
vt 0.980413 0.380907
vt 0.982051 0.380907
vt 0.982051 0.676044
vt 0.980413 0.676044
vt 0.977913 0.505047
vt 0.959762 0.348933
vt 0.969405 0.593321
vt 0.971856 0.783554
vt 0.970411 0.783554
vt 0.967960 0.593321
vt 0.482345 0.964417
vt 0.962632 0.390551
vt 0.960877 0.391953
vt 0.958007 0.863780
vt 0.987866 0.490009
vt 0.084990 0.644485
vt 0.084949 0.645700
vt 0.962632 0.872719
vt 0.958007 0.879176
vt 0.958007 0.926268
vt 0.525971 0.005000
vt 0.139091 0.010343
vt 0.134390 0.011661
vt 0.096840 0.616849
vt 0.074671 0.616849
vt 0.096840 0.599696
vt 0.074671 0.599696
vt 0.096804 0.546680
vt 0.096804 0.547796
vt 0.089601 0.546680
vt 0.089601 0.547796
vt 0.048642 0.340677
vt 0.059085 0.344880
vt 0.074756 0.283821
vt 0.893312 0.860535
vt 0.893312 0.701721
vt 0.893312 0.538394
vt 0.360822 0.407743
vt 0.367313 0.407743
vt 0.360822 0.325351
vt 0.367313 0.325351
vt 0.632044 0.900168
vt 0.644436 0.900168
vt 0.632044 0.904014
vt 0.644436 0.904014
vt 0.540812 0.960495
vt 0.183334 0.685161
vt 0.112437 0.684297
vt 0.034859 0.498218
vt 0.043912 0.498218
vt 0.876703 0.053377
vt 0.776154 0.278064
vt 0.685053 0.228789
vt 0.697587 0.203218
vt 0.655490 0.589995
vt 0.692584 0.327846
vt 0.875445 0.158912
vt 0.865941 0.146388
vt 0.865941 0.158912
vt 0.520195 0.769075
vt 0.507630 0.769075
vt 0.756361 0.528677
vt 0.801632 0.291545
vt 0.730571 0.574229
vt 0.723706 0.237616
vt 0.384808 0.262635
vt 0.294486 0.039824
vt 0.083553 0.107909
vt 0.372647 0.092842
vt 0.152172 0.054193
vt 0.906612 0.446242
vt 0.896812 0.446242
vt 0.896812 0.806224
vt 0.906612 0.806224
vt 0.906612 0.630050
vt 0.284765 0.480999
vt 0.210827 0.488278
vt 0.216042 0.548450
vt 0.220305 0.624627
vt 0.306918 0.420783
vt 0.303884 0.590359
vt 0.188252 0.655484
vt 0.117417 0.580152
vt 0.168525 0.225693
vt 0.230629 0.331414
vt 0.139971 0.361155
vt 0.140015 0.237216
vt 0.069756 0.187913
vt 0.361514 0.223305
vt 0.128086 0.162016
vt 0.145981 0.163745
vt 0.162640 0.099071
vt 0.247427 0.072386
vt 0.320716 0.115943
vt 0.169563 0.190028
vt 0.232155 0.191010
vt 0.294026 0.165749
vt 0.368158 0.039180
vt 0.109988 0.041676
vt 0.440155 0.171599
vt 0.221576 0.006462
vt 0.034859 0.520424
vt 0.412448 0.440351
vt 0.458048 0.388575
vt 0.423003 0.327363
vt 0.426025 0.334619
vt 0.488628 0.298926
vt 0.419180 0.320301
vt 0.419712 0.320913
vt 0.477075 0.244310
vt 0.476258 0.243770
vt 0.426620 0.568377
vt 0.409851 0.337254
vt 0.395358 0.346847
vt 0.936887 0.344119
vt 0.936887 0.330963
vt 0.936887 0.481734
vt 0.936887 0.610080
vt 0.936887 0.718494
vt 0.936887 0.831190
vt 0.384756 0.014613
vt 0.355879 0.014613
vt 0.355879 0.013212
vt 0.370383 0.014613
vt 0.979515 0.345460
vt 0.982051 0.371922
vt 0.982051 0.664920
vt 0.977913 0.530377
vt 0.959765 0.692252
vt 0.971856 0.750641
vt 0.970411 0.750641
vt 0.967960 0.640946
vt 0.507029 0.962953
vt 0.507029 0.964417
vt 0.962632 0.378964
vt 0.958007 0.872719
vt 0.958007 0.382594
vt 0.958007 0.394262
vt 0.959760 0.392849
vt 0.979515 0.330963
vt 0.977913 0.330963
vt 0.977913 0.341588
vt 0.006781 0.155298
vt 0.004854 0.159100
vt 0.005751 0.159828
vt 0.144184 0.008916
vt 0.096713 0.564890
vt 0.087113 0.564890
vt 0.096713 0.559047
vt 0.087113 0.559047
vt 0.128468 0.005725
vt 0.128529 0.005815
vt 0.075152 0.316735
vt 0.056540 0.315118
vt 0.038179 0.338288
vt 0.644436 0.907820
vt 0.632044 0.907820
vt 0.893312 0.872614
vt 0.896812 0.872614
vt 0.893312 0.713006
vt 0.896812 0.713006
vt 0.893312 0.549702
vt 0.360822 0.411851
vt 0.367313 0.411851
vt 0.360822 0.329726
vt 0.367313 0.329726
vt 0.591265 0.964417
vt 0.642900 0.964417
vt 0.631429 0.964417
vt 0.367313 0.376961
vt 0.360822 0.376961
vt 0.367313 0.374301
vt 0.360822 0.374301
vt 0.033487 0.181341
vt 0.875445 0.035114
vt 0.876703 0.035114
vt 0.777839 0.270352
vt 0.751025 0.468130
vt 0.876703 0.158912
vt 0.865941 0.133690
vt 0.520195 0.778161
vt 0.507630 0.778161
vt 0.723374 0.582820
vt 0.717756 0.578931
vt 0.795234 0.260265
vt 0.309181 0.044147
vt 0.312845 0.031454
vt 0.082275 0.086557
vt 0.092904 0.096455
vt 0.906612 0.458891
vt 0.896812 0.458891
vt 0.896812 0.817339
vt 0.906612 0.817339
vt 0.906612 0.608960
vt 0.906612 0.619221
vt 0.896812 0.608960
vt 0.906612 0.569247
vt 0.255967 0.631547
vt 0.251012 0.623680
vt 0.232517 0.622737
vt 0.236087 0.622489
vt 0.227169 0.624072
vt 0.248558 0.652187
vt 0.097905 0.511988
vt 0.205230 0.206562
vt 0.157942 0.222429
vt 0.330543 0.180326
vt 0.236400 0.279533
vt 0.219885 0.279000
vt 0.382775 0.050926
vt 0.125213 0.033799
vt 0.440909 0.194421
vt 0.237879 0.005189
vt 0.014528 0.140554
vt 0.045175 0.457726
vt 0.045175 0.450704
vt 0.513706 0.547964
vt 0.530347 0.549229
vt 0.467555 0.258722
vt 0.466857 0.258307
vt 0.384060 0.399040
vt 0.420912 0.323080
vt 0.500347 0.224804
vt 0.094342 0.335285
vt 0.093985 0.329261
vt 0.095901 0.310866
vt 0.087113 0.310866
vt 0.982051 0.362064
vt 0.982051 0.655046
vt 0.977913 0.554842
vt 0.988844 0.630070
vt 0.959763 0.643351
vt 0.971856 0.718895
vt 0.967960 0.683382
vt 0.962632 0.367055
vt 0.962632 0.831758
vt 0.958007 0.403269
vt 0.959761 0.401892
vt 0.977913 0.343236
vt 0.118020 0.616849
vt 0.118020 0.620640
vt 0.096840 0.620640
vt 0.535486 0.343730
vt 0.118020 0.599696
vt 0.139392 0.005159
vt 0.134392 0.005785
vt 0.122747 0.005181
vt 0.116972 0.005000
vt 0.079426 0.301926
vt 0.044181 0.285512
vt 0.045562 0.284182
vt 0.893312 0.330963
vt 0.893312 0.722706
vt 0.893312 0.559536
vt 0.360822 0.416121
vt 0.367313 0.416121
vt 0.360822 0.333925
vt 0.367313 0.333925
vt 0.111405 0.651950
vt 0.111405 0.658853
vt 0.575959 0.960495
vt 0.631429 0.960495
vt 0.360822 0.379624
vt 0.367313 0.379624
vt 0.045175 0.498218
vt 0.793984 0.265631
vt 0.792292 0.272647
vt 0.243077 0.626913
vt 0.239347 0.623388
vt 0.234254 0.293850
vt 0.349902 0.219017
vt 0.119425 0.160835
vt 0.536307 0.372305
vt 0.496462 0.218995
vt 0.355879 0.005000
vt 0.678041 0.961897
vt 0.678041 0.960495
vt 0.980413 0.330963
vt 0.074671 0.620640
vt 0.144240 0.005000
vt 0.087113 0.570434
vt 0.096713 0.570434
vt 0.128476 0.005497
vt 0.037859 0.313498
vt 0.893312 0.884089
vt 0.896812 0.884089
vt 0.115068 0.651950
vt 0.115068 0.658853
vt 0.654370 0.964417
vt 0.098632 0.165629
vt 0.640497 0.406651
vt 0.865941 0.035114
vt 0.865941 0.019058
vt 0.507630 0.819509
vt 0.520195 0.819509
vt 0.796785 0.254207
vt 0.671820 0.194133
vt 0.237734 0.044473
vt 0.077594 0.158287
vt 0.906612 0.884089
vt 0.906612 0.872614
vt 0.906612 0.713006
vt 0.906612 0.517068
vt 0.277792 0.580513
vt 0.140163 0.385894
vt 0.183994 0.611429
vt 0.298974 0.529276
vt 0.159070 0.619632
vt 0.107825 0.411453
vt 0.275127 0.195242
vt 0.285676 0.211194
vt 0.335994 0.197895
vt 0.370684 0.241224
vt 0.258390 0.306793
vt 0.246875 0.304887
vt 0.282234 0.188832
vt 0.419869 0.295201
vt 0.317521 0.013586
vt 0.066514 0.071544
vt 0.632044 0.947900
vt 0.644436 0.947900
vt 0.026331 0.182522
vt 0.442465 0.568516
vt 0.418631 0.319681
vt 0.392750 0.492644
vt 0.437259 0.664469
vt 0.545297 0.576915
vt 0.529337 0.690574
vt 0.506825 0.205316
vt 0.513456 0.196834
vt 0.928147 0.410561
vt 0.928147 0.550361
vt 0.928147 0.665115
vt 0.928147 0.772923
vt 0.928147 0.885831
vt 0.456771 0.005000
vt 0.514674 0.005000
vt 0.980413 0.481673
vt 0.977913 0.345460
vt 0.982051 0.575367
vt 0.977913 0.645146
vt 0.960875 0.477330
vt 0.970411 0.869660
vt 0.967960 0.834339
vt 0.958007 0.350476
vt 0.962632 0.597733
vt 0.958007 0.503053
vt 0.987866 0.630070
vt 0.982051 0.330963
vt 0.074671 0.637207
vt 0.074671 0.628851
vt 0.034859 0.553424
vt 0.044075 0.553424
vt 0.520195 0.734063
vt 0.507630 0.734063
vt 0.072466 0.324569
vt 0.644436 0.888897
vt 0.632044 0.888897
vt 0.893312 0.391131
vt 0.893312 0.762729
vt 0.893312 0.608960
vt 0.152353 0.651950
vt 0.152353 0.658853
vt 0.360822 0.355770
vt 0.367313 0.355770
vt 0.088469 0.651950
vt 0.088469 0.658853
vt 0.558386 0.960495
vt 0.126552 0.651950
vt 0.126552 0.658853
vt 0.034859 0.462433
vt 0.673804 0.438002
vt 0.715075 0.537730
vt 0.670476 0.461319
vt 0.662827 0.318980
vt 0.780428 0.255358
vt 0.780431 0.254707
vt 0.659570 0.603836
vt 0.684024 0.559391
vt 0.682687 0.568296
vt 0.681049 0.577670
vt 0.711774 0.322820
vt 0.717157 0.319537
vt 0.507630 0.846777
vt 0.507630 0.839276
vt 0.520195 0.846777
vt 0.520195 0.839276
vt 0.800146 0.265562
vt 0.806224 0.265364
vt 0.765985 0.470727
vt 0.773658 0.472038
vt 0.778874 0.446295
vt 0.808383 0.252025
vt 0.802645 0.252915
vt 0.865941 0.013461
vt 0.865941 0.007488
vt 0.409935 0.135753
vt 0.190725 0.029442
vt 0.906612 0.351762
vt 0.906612 0.364536
vt 0.906612 0.735943
vt 0.906612 0.743907
vt 0.906612 0.506807
vt 0.299196 0.506101
vt 0.286055 0.506171
vt 0.285913 0.528410
vt 0.248987 0.399138
vt 0.234991 0.401204
vt 0.251149 0.587801
vt 0.241027 0.586881
vt 0.203273 0.403079
vt 0.220351 0.401964
vt 0.230682 0.587184
vt 0.219052 0.588660
vt 0.187475 0.404772
vt 0.208853 0.590964
vt 0.156181 0.409382
vt 0.171472 0.407039
vt 0.198734 0.594386
vt 0.189227 0.598604
vt 0.123846 0.411745
vt 0.168485 0.611362
vt 0.282395 0.628816
vt 0.164425 0.642773
vt 0.084441 0.357215
vt 0.095692 0.358036
vt 0.196792 0.657919
vt 0.273099 0.192413
vt 0.176348 0.248721
vt 0.151512 0.242450
vt 0.344809 0.203245
vt 0.143637 0.144259
vt 0.191637 0.081575
vt 0.284396 0.075110
vt 0.309979 0.148331
vt 0.313759 0.141932
vt 0.191412 0.194729
vt 0.254509 0.185320
vt 0.383846 0.049986
vt 0.368980 0.038022
vt 0.109051 0.040638
vt 0.124370 0.032706
vt 0.632044 0.826931
vt 0.644436 0.826931
vt 0.411141 0.291166
vt 0.405644 0.306650
vt 0.422261 0.130453
vt 0.315363 0.021676
vt 0.189434 0.020144
vt 0.073661 0.078128
vt 0.068679 0.262221
vt 0.060405 0.263193
vt 0.514559 0.677099
vt 0.524285 0.681123
vt 0.539466 0.550082
vt 0.528505 0.683336
vt 0.505638 0.204893
vt 0.504415 0.204625
vt 0.935872 0.395551
vt 0.936887 0.395610
vt 0.935872 0.533702
vt 0.936887 0.533836
vt 0.935872 0.653009
vt 0.936887 0.653146
vt 0.935872 0.760147
vt 0.936887 0.760320
vt 0.936887 0.874096
vt 0.935872 0.873835
vt 0.427437 0.014613
vt 0.347271 0.014613
vt 0.979515 0.391601
vt 0.979515 0.407496
vt 0.979515 0.686874
vt 0.979515 0.701942
vt 0.982051 0.505047
vt 0.982051 0.481673
vt 0.977913 0.686874
vt 0.977913 0.676044
vt 0.979515 0.676044
vt 0.979515 0.380907
vt 0.977913 0.380907
vt 0.977913 0.391601
vt 0.971856 0.889350
vt 0.971856 0.915746
vt 0.971856 0.383362
vt 0.462540 0.961897
vt 0.445423 0.961897
vt 0.462540 0.960495
vt 0.445423 0.960495
vt 0.962632 0.476189
vt 0.962632 0.500238
vt 0.958007 0.599749
vt 0.958007 0.643978
vt 0.991032 0.601573
vt 0.991032 0.578151
vt 0.080377 0.590274
vt 0.079648 0.588886
vt 0.079648 0.590274
vt 0.990068 0.330963
vt 0.990068 0.351820
vt 0.936887 0.921853
vt 0.087113 0.557498
vt 0.096713 0.557498
vt 0.520195 0.929540
vt 0.507630 0.929540
vt 0.893312 0.446242
vt 0.893312 0.434435
vt 0.893312 0.795026
vt 0.893312 0.806224
vt 0.893312 0.650950
vt 0.893312 0.640730
vt 0.139962 0.651950
vt 0.139962 0.658853
vt 0.367313 0.367637
vt 0.367313 0.370970
vt 0.360822 0.367637
vt 0.360822 0.370970
vt 0.064200 0.651950
vt 0.069618 0.651950
vt 0.064200 0.658853
vt 0.069618 0.658853
vt 0.644436 0.895467
vt 0.632044 0.895467
vt 0.619000 0.960495
vt 0.990068 0.527487
vt 0.991032 0.554231
vt 0.991032 0.527487
vt 0.649505 0.327940
vt 0.722395 0.314960
vt 0.796863 0.253654
vt 0.141146 0.411331
vt 0.179820 0.603808
vt 0.064804 0.276802
vt 0.073782 0.275644
vt 0.390421 0.468286
vt 0.427617 0.646643
vt 0.545282 0.550678
vt 0.531254 0.684597
vt 0.511082 0.196954
vt 0.512326 0.196700
vt 0.928147 0.395158
vt 0.928147 0.532726
vt 0.928147 0.652002
vt 0.928147 0.758824
vt 0.928147 0.871818
vt 0.443325 0.005000
vt 0.081551 0.590274
vt 0.979515 0.714603
vt 0.079648 0.579790
vt 0.991032 0.330963
vt 0.991032 0.351820
vt 0.096713 0.554907
vt 0.087113 0.554907
vt 0.678041 0.962953
vt 0.678041 0.964417
vt 0.077970 0.284110
vt 0.081577 0.286431
vt 0.080292 0.284941
vt 0.991032 0.490009
vt 0.414438 0.309415
vt 0.045175 0.527418
vt 0.043445 0.255840
vt 0.034859 0.255840
vt 0.045175 0.539237
vt 0.987866 0.668021
vt 0.967960 0.330963
vt 0.967960 0.355843
vt 0.702342 0.326508
vt 0.727241 0.308436
vt 0.520195 0.854399
vt 0.507630 0.854399
vt 0.906612 0.377066
vt 0.906612 0.752779
vt 0.896812 0.496465
vt 0.906612 0.496465
vt 0.272229 0.352918
vt 0.300507 0.357435
vt 0.163293 0.246159
vt 0.399759 0.066758
vt 0.140122 0.025921
vt 0.632044 0.791593
vt 0.644436 0.791593
vt 0.340916 0.014613
vt 0.082522 0.336440
vt 0.982051 0.458403
vt 0.977913 0.701942
vt 0.977913 0.714603
vt 0.977913 0.407496
vt 0.445423 0.962953
vt 0.462540 0.962953
vt 0.971856 0.869660
vt 0.967960 0.383362
vt 0.462540 0.964417
vt 0.962632 0.448091
vt 0.958007 0.692725
vt 0.103848 0.627067
vt 0.134173 0.627067
vt 0.991032 0.650085
vt 0.991032 0.668021
vt 0.893312 0.458891
vt 0.893312 0.817339
vt 0.893312 0.661166
vt 0.893312 0.496465
vt 0.058803 0.651950
vt 0.058803 0.658853
vt 0.020308 0.174099
vt 0.651093 0.314101
vt 0.632044 0.783828
vt 0.644436 0.783828
vt 0.081999 0.330661
vt 0.445423 0.964417
vt 0.074671 0.627067
vt 0.034859 0.544954
vt 0.044075 0.544954
vt 0.063956 0.308287
vt 0.063659 0.307164
vt 0.064766 0.309115
vt 0.065872 0.309427
vt 0.063659 0.301956
vt 0.066979 0.309138
vt 0.063956 0.300840
vt 0.067789 0.308327
vt 0.064766 0.300028
vt 0.068085 0.307211
vt 0.065872 0.299740
vt 0.068085 0.302003
vt 0.066979 0.300052
vt 0.067789 0.300880
vt 0.063147 0.295615
vt 0.062823 0.294508
vt 0.063746 0.296600
vt 0.064580 0.297397
vt 0.062797 0.293355
vt 0.065592 0.297951
vt 0.063070 0.292235
vt 0.066712 0.298224
vt 0.063624 0.291223
vt 0.067865 0.298197
vt 0.064420 0.290389
vt 0.068972 0.297873
vt 0.065406 0.289790
vt 0.069957 0.297274
vt 0.066512 0.289466
vt 0.070754 0.296440
vt 0.067665 0.289440
vt 0.071308 0.295429
vt 0.068786 0.289713
vt 0.071581 0.294308
vt 0.069798 0.290266
vt 0.071554 0.293155
vt 0.070631 0.291063
vt 0.071231 0.292049
vt 0.044457 0.299976
vt 0.045415 0.296819
vt 0.044781 0.303259
vt 0.046336 0.306169
vt 0.047508 0.294269
vt 0.048886 0.308261
vt 0.050417 0.292714
vt 0.052043 0.309219
vt 0.053700 0.292390
vt 0.055326 0.308896
vt 0.056857 0.293348
vt 0.058236 0.307340
vt 0.059407 0.295441
vt 0.060328 0.304790
vt 0.060963 0.298350
vt 0.061286 0.301633
vt 0.062862 0.326317
vt 0.062163 0.323416
vt 0.064708 0.325385
vt 0.063448 0.322798
vt 0.055669 0.299070
vt 0.057285 0.298748
vt 0.057282 0.301780
vt 0.058276 0.301836
vt 0.047846 0.302340
vt 0.051593 0.302822
vt 0.048320 0.304496
vt 0.049365 0.304466
vt 0.064317 0.300531
vt 0.065869 0.301654
vt 0.062981 0.303103
vt 0.064112 0.303897
vt 0.068230 0.321758
vt 0.065948 0.320132
vt 0.069189 0.319655
vt 0.066643 0.318516
vt 0.051593 0.324122
vt 0.049424 0.322375
vt 0.052886 0.300678
vt 0.055364 0.301929
vt 0.052886 0.325487
vt 0.055377 0.324075
vt 0.059061 0.298802
vt 0.060851 0.299117
vt 0.059382 0.301953
vt 0.060558 0.302166
vt 0.044792 0.304909
vt 0.045993 0.303441
vt 0.046864 0.306464
vt 0.047525 0.305374
vt 0.043051 0.309519
vt 0.043434 0.307949
vt 0.045648 0.310101
vt 0.045943 0.308823
vt 0.070040 0.312607
vt 0.070057 0.314034
vt 0.067345 0.312730
vt 0.067354 0.313941
vt 0.069709 0.309181
vt 0.069933 0.310933
vt 0.067058 0.309820
vt 0.067255 0.311302
vt 0.047465 0.321243
vt 0.046898 0.320202
vt 0.069707 0.317702
vt 0.067045 0.316974
vt 0.069974 0.315768
vt 0.067275 0.315394
vt 0.048635 0.324499
vt 0.046125 0.323520
vt 0.048243 0.322267
vt 0.053930 0.326174
vt 0.056159 0.324216
vt 0.055432 0.326827
vt 0.057215 0.324184
vt 0.056994 0.327154
vt 0.058246 0.324135
vt 0.058909 0.327252
vt 0.059496 0.324042
vt 0.042826 0.311154
vt 0.045463 0.311462
vt 0.066664 0.323815
vt 0.064833 0.321674
vt 0.056173 0.301764
vt 0.042743 0.312818
vt 0.045422 0.312866
vt 0.042806 0.314413
vt 0.045494 0.314218
vt 0.060974 0.326917
vt 0.060872 0.323808
vt 0.068122 0.304440
vt 0.068868 0.306017
vt 0.065780 0.305996
vt 0.066362 0.307234
vt 0.053996 0.299814
vt 0.044002 0.306400
vt 0.046355 0.307600
vt 0.062642 0.299697
vt 0.061790 0.302544
vt 0.046449 0.319098
vt 0.067133 0.302973
vt 0.065040 0.304875
vt 0.042961 0.315979
vt 0.045631 0.315535
vt 0.043219 0.317437
vt 0.045823 0.316737
vt 0.069366 0.307564
vt 0.066766 0.308481
vt 0.043591 0.318935
vt 0.046094 0.317934
vt 0.044119 0.320461
vt 0.044891 0.321998
vt 0.000000 0.000000
s 1
usemtl frame_controller_left
f 87/1/1 30/2/2 67/3/3
f 79/4/4 67/3/3 30/2/2
f 28/5/5 61/6/6 85/7/7
f 85/7/7 62/8/8 28/5/5
f 29/9/9 33/10/10 32/11/11
f 62/8/8 77/12/12 28/5/5
f 69/13/13 30/2/2 87/1/1
f 29/9/9 30/2/2 33/10/10
f 32/11/11 28/5/5 29/9/9
f 28/5/5 32/11/11 61/6/6
f 91/14/14 61/6/6 32/11/11
f 32/11/11 59/15/15 91/14/14
f 30/2/2 69/13/13 33/10/10
f 95/16/16 33/10/10 69/13/13
f 33/10/10 95/16/16 71/17/17
f 1/18/18 54/19/19 55/20/18
f 75/21/20 74/22/21 11/23/22
f 68/24/23 86/25/24 8/26/23
f 51/27/24 8/26/23 86/25/24
f 49/28/25 34/29/26 80/30/27
f 55/31/28 80/30/27 34/29/26
f 52/32/29 50/33/29 15/34/30
f 4/35/30 15/34/30 50/33/29
f 83/36/31 73/37/32 82/38/33
f 72/39/34 82/38/33 73/37/32
f 9/40/35 93/41/36 20/42/35
f 92/43/37 20/42/35 93/41/36
f 38/44/38 24/45/39 35/46/38
f 1/47/40 35/46/38 24/45/39
f 80/30/27 56/48/41 49/28/25
f 27/49/42 49/28/25 56/48/41
f 16/50/43 5/51/44 52/32/29
f 50/33/29 52/32/29 5/51/44
f 82/38/33 74/52/45 83/36/31
f 75/53/46 83/36/31 74/52/45
f 94/54/47 68/24/23 93/55/48
f 8/26/23 93/55/48 68/24/23
f 14/56/49 3/57/49 13/58/50
f 2/59/50 13/58/50 3/57/49
f 5/60/51 63/61/52 50/62/53
f 84/63/53 50/62/53 63/61/52
f 47/64/54 45/65/55 21/66/56
f 10/67/56 21/66/56 45/65/55
f 72/68/57 70/69/58 10/70/57
f 9/71/58 10/70/57 70/69/58
f 14/56/49 88/72/59 3/57/49
f 89/73/60 3/57/49 88/72/59
f 40/74/61 5/51/44 42/75/62
f 16/50/43 42/75/62 5/51/44
f 2/76/63 57/77/63 44/78/64
f 81/79/65 44/78/64 57/77/63
f 76/80/66 77/12/12 63/81/67
f 62/8/8 63/81/67 77/12/12
f 90/82/68 60/83/69 91/14/14
f 61/6/6 91/14/14 60/83/69
f 24/45/39 25/84/70 1/47/40
f 12/85/71 1/47/40 25/84/70
f 48/86/72 83/36/31 36/87/73
f 75/53/46 36/87/73 83/36/31
f 49/28/25 27/49/42 48/86/72
f 31/88/74 48/86/72 27/49/42
f 58/89/75 59/15/15 57/90/76
f 56/48/41 57/90/76 59/15/15
f 89/91/77 90/92/78 3/93/79
f 58/94/80 3/93/79 90/92/78
f 35/95/81 1/18/18 34/96/81
f 55/20/18 34/96/81 1/18/18
f 10/67/56 9/40/35 21/66/56
f 20/42/35 21/66/56 9/40/35
f 60/97/82 4/98/82 84/63/53
f 50/62/53 84/63/53 4/98/82
f 45/65/55 47/64/54 11/99/83
f 22/100/84 11/99/83 47/64/54
f 57/77/63 2/76/63 58/94/80
f 3/93/79 58/94/80 2/76/63
f 88/72/59 15/34/30 89/73/60
f 4/35/30 89/73/60 15/34/30
f 23/101/85 11/99/83 26/102/86
f 22/100/84 26/102/86 11/99/83
f 31/88/74 73/37/32 48/86/72
f 83/36/31 48/86/72 73/37/32
f 34/29/26 49/28/25 36/87/73
f 48/86/72 36/87/73 49/28/25
f 73/37/32 71/17/17 72/39/34
f 70/103/87 72/39/34 71/17/17
f 4/98/82 60/97/82 89/91/77
f 90/92/78 89/91/77 60/97/82
f 39/104/88 37/105/89 23/101/85
f 11/99/83 23/101/85 37/105/89
f 10/70/57 45/106/90 72/68/57
f 82/107/90 72/68/57 45/106/90
f 53/108/91 51/109/91 18/110/92
f 7/111/92 18/110/92 51/109/91
f 62/8/8 85/7/7 63/81/67
f 84/112/93 63/81/67 85/7/7
f 94/113/94 95/16/16 68/114/95
f 69/13/13 68/114/95 95/16/16
f 65/115/96 29/9/9 77/12/12
f 28/5/5 77/12/12 29/9/9
f 40/116/97 76/117/98 5/60/51
f 63/61/52 5/60/51 76/117/98
f 80/30/27 81/118/99 56/48/41
f 57/90/76 56/48/41 81/118/99
f 37/119/100 35/95/81 36/120/101
f 34/96/81 36/120/101 35/95/81
f 46/121/102 13/58/50 44/122/102
f 2/59/50 44/122/102 13/58/50
f 56/48/41 59/15/15 27/49/42
f 32/11/11 27/49/42 59/15/15
f 87/1/1 86/123/103 69/13/13
f 68/114/95 69/13/13 86/123/103
f 71/17/17 95/16/16 70/103/87
f 94/113/94 70/103/87 95/16/16
f 18/110/92 7/111/92 43/124/104
f 41/125/104 43/124/104 7/111/92
f 41/126/105 78/127/106 6/128/107
f 64/129/108 6/128/107 78/127/106
f 79/4/4 78/130/109 67/3/3
f 66/131/110 67/3/3 78/130/109
f 17/132/111 6/133/111 42/75/62
f 40/74/61 42/75/62 6/133/111
f 44/78/64 81/79/65 1/134/112
f 54/135/113 1/134/112 81/79/65
f 64/136/114 65/115/96 76/80/66
f 77/12/12 76/80/66 65/115/96
f 59/15/15 58/89/75 91/14/14
f 90/82/68 91/14/14 58/89/75
f 11/23/22 37/119/100 75/21/20
f 36/120/101 75/21/20 37/119/100
f 38/44/38 35/46/38 39/104/88
f 37/105/89 39/104/88 35/46/38
f 45/106/90 11/137/115 82/107/90
f 74/138/116 82/107/90 11/137/115
f 53/108/91 19/139/117 51/109/91
f 8/140/117 51/109/91 19/139/117
f 85/7/7 61/6/6 84/112/93
f 60/83/69 84/112/93 61/6/6
f 70/69/58 94/54/47 9/71/58
f 93/55/48 9/71/58 94/54/47
f 29/9/9 65/115/96 30/2/2
f 79/4/4 30/2/2 65/115/96
f 43/124/104 41/125/104 17/132/111
f 6/133/111 17/132/111 41/125/104
f 41/126/105 7/141/118 78/127/106
f 66/142/119 78/127/106 7/141/118
f 78/130/109 79/4/4 64/136/114
f 65/115/96 64/136/114 79/4/4
f 27/49/42 32/11/11 31/88/74
f 33/10/10 31/88/74 32/11/11
f 44/122/102 1/47/40 46/121/102
f 12/85/71 46/121/102 1/47/40
f 73/37/32 31/88/74 71/17/17
f 33/10/10 71/17/17 31/88/74
f 67/3/3 66/131/110 87/1/1
f 86/123/103 87/1/1 66/131/110
f 86/25/24 66/142/119 51/27/24
f 7/141/118 51/27/24 66/142/119
f 6/128/107 64/129/108 40/116/97
f 76/117/98 40/116/97 64/129/108
f 81/118/99 80/30/27 54/143/120
f 55/31/28 54/143/120 80/30/27
f 19/139/117 92/43/37 8/140/117
f 93/41/36 8/140/117 92/43/37
f 889/144/121 230/145/122 369/146/123
f 367/147/124 228/148/125 890/149/126
f 1292/150/127 889/144/121 1233/151/128
f 859/152/129 842/153/130 871/154/131
f 866/155/132 851/156/133 869/157/134
f 869/157/134 851/156/133 850/158/135
f 867/159/136 849/160/137 868/161/138
f 868/161/138 849/160/137 848/162/139
f 869/157/134 850/158/135 867/159/136
f 867/159/136 850/158/135 849/160/137
f 866/155/132 852/163/140 851/156/133
f 865/164/141 305/165/142 854/166/143
f 887/167/144 838/168/145 839/169/146
f 1029/170/147 1028/171/148 833/172/149
f 833/172/149 1030/173/150 1029/170/147
f 1025/174/151 1024/175/152 835/176/153
f 835/176/153 1026/177/154 1025/174/151
f 990/178/155 989/179/156 337/180/157
f 336/181/158 993/182/159 992/183/160
f 336/181/158 992/183/160 991/184/161
f 991/184/161 990/178/155 337/180/157
f 337/180/157 336/181/158 991/184/161
f 995/185/162 994/186/163 335/187/164
f 335/187/164 996/188/165 995/185/162
f 338/189/166 988/190/167 987/191/168
f 987/191/168 986/192/169 338/189/166
f 1207/193/170 1000/194/171 999/195/172
f 1009/196/173 1204/197/174 1010/198/175
f 1208/199/176 1007/200/177 1006/201/178
f 1207/193/170 1001/202/179 1000/194/171
f 1207/193/170 999/195/172 998/203/180
f 1207/193/170 1002/204/181 1001/202/179
f 1207/193/170 998/203/180 997/205/182
f 335/187/164 334/206/183 996/188/165
f 997/205/182 996/188/165 334/206/183
f 1004/207/184 1205/208/185 1206/209/186
f 1206/209/186 1005/210/187 1004/207/184
f 1205/208/185 1004/207/184 1003/211/188
f 1209/212/189 1197/213/190 1204/197/174
f 1210/214/191 1021/215/192 1020/216/193
f 1018/217/194 1017/218/195 1210/214/191
f 1210/214/191 1020/216/193 1019/219/196
f 1019/219/196 1018/217/194 1210/214/191
f 872/220/197 515/221/198 514/222/199
f 1173/223/200 1213/224/201 856/225/202
f 1221/226/203 1185/227/204 1184/228/205
f 1220/229/206 1185/227/204 1221/226/203
f 1220/229/206 1186/230/207 1185/227/204
f 1161/231/208 830/232/209 1162/233/210
f 1164/234/211 1163/235/212 829/236/213
f 1166/237/214 1165/238/215 1217/239/216
f 1226/240/217 1225/241/218 1170/242/219
f 1171/243/220 1170/242/219 1225/241/218
f 1225/241/218 1219/244/221 1171/243/220
f 1032/245/222 1031/246/223 832/247/224
f 1033/248/225 1032/245/222 1160/249/226
f 1160/249/226 1034/250/227 1033/248/225
f 1035/251/228 1159/252/229 1158/253/230
f 1157/254/231 1040/255/232 1039/256/233
f 1037/257/234 1036/258/235 1157/254/231
f 1157/254/231 1039/256/233 1038/259/236
f 1038/259/236 1037/257/234 1157/254/231
f 1041/260/237 1156/261/238 1155/262/239
f 1154/263/240 1153/264/241 1042/265/242
f 1228/266/243 1149/267/244 1227/268/245
f 976/269/246 975/270/247 1045/271/248
f 978/272/249 977/273/250 1044/274/251
f 974/275/252 973/276/253 1231/277/254
f 1231/277/254 975/270/247 974/275/252
f 339/278/255 985/279/256 984/280/257
f 1043/281/258 983/282/259 982/283/260
f 980/284/261 979/285/262 1043/281/258
f 1043/281/258 982/283/260 981/286/263
f 981/286/263 980/284/261 1043/281/258
f 1160/249/226 1032/245/222 832/247/224
f 832/247/224 831/287/264 1160/249/226
f 1236/288/265 890/149/126 1288/289/266
f 224/290/267 1294/291/268 1295/292/269
f 1297/293/270 856/225/202 857/294/271
f 1296/295/272 855/296/273 1297/293/270
f 1364/297/274 498/298/275 499/299/276
f 499/299/276 486/300/277 1364/297/274
f 498/298/275 1364/297/274 487/301/278
f 1352/302/279 511/303/280 474/304/281
f 1352/302/279 475/305/282 510/306/283
f 510/306/283 511/303/280 1352/302/279
f 1368/307/284 495/308/285 490/309/286
f 1368/307/284 491/310/287 494/311/288
f 495/308/285 1368/307/284 494/311/288
f 1356/312/289 506/313/290 507/314/291
f 507/314/291 478/315/292 1356/312/289
f 506/313/290 1356/312/289 479/316/293
f 1369/317/294 493/318/295 494/311/288
f 494/311/288 491/310/287 1369/317/294
f 493/318/295 1369/317/294 469/319/296
f 1357/320/297 505/321/298 506/313/290
f 506/313/290 479/316/293 1357/320/297
f 505/321/298 1357/320/297 480/322/299
f 1346/323/300 493/318/295 469/319/296
f 1346/323/300 468/324/301 492/325/302
f 493/318/295 1346/323/300 492/325/302
f 1358/326/303 505/321/298 480/322/299
f 1358/326/303 481/327/304 504/328/305
f 505/321/298 1358/326/303 504/328/305
f 1367/329/306 495/308/285 496/330/307
f 496/330/307 489/331/308 1367/329/306
f 495/308/285 1367/329/306 490/309/286
f 1355/332/309 507/314/291 508/333/310
f 508/333/310 477/334/311 1355/332/309
f 507/314/291 1355/332/309 478/315/292
f 1365/335/312 498/298/275 487/301/278
f 1365/335/312 488/336/313 497/337/314
f 498/298/275 1365/335/312 497/337/314
f 1353/338/315 509/339/316 510/306/283
f 510/306/283 475/305/282 1353/338/315
f 509/339/316 1353/338/315 476/340/317
f 1361/341/318 502/342/319 483/343/320
f 1361/341/318 484/344/321 501/345/322
f 502/342/319 1361/341/318 501/345/322
f 1349/346/323 513/347/324 514/222/199
f 514/222/199 471/348/325 1349/346/323
f 513/347/324 1349/346/323 472/349/326
f 1366/350/327 497/337/314 488/336/313
f 1366/350/327 489/331/308 496/330/307
f 497/337/314 1366/350/327 496/330/307
f 1354/351/328 508/333/310 509/339/316
f 509/339/316 476/340/317 1354/351/328
f 508/333/310 1354/351/328 477/334/311
f 1362/352/329 501/345/322 484/344/321
f 1362/352/329 485/353/330 500/354/331
f 501/345/322 1362/352/329 500/354/331
f 1350/355/332 512/356/333 513/347/324
f 513/347/324 472/349/326 1350/355/332
f 512/356/333 1350/355/332 473/357/334
f 1359/358/335 504/328/305 481/327/304
f 1359/358/335 482/359/336 503/360/337
f 504/328/305 1359/358/335 503/360/337
f 1347/361/338 515/221/198 492/325/302
f 492/325/302 468/324/301 1347/361/338
f 515/221/198 1347/361/338 470/362/339
f 1363/363/340 500/354/331 485/353/330
f 1363/363/340 486/300/277 499/299/276
f 500/354/331 1363/363/340 499/299/276
f 1351/364/341 512/356/333 473/357/334
f 1351/364/341 474/304/281 511/303/280
f 512/356/333 1351/364/341 511/303/280
f 1360/365/342 503/360/337 482/359/336
f 1360/365/342 483/343/320 502/342/319
f 503/360/337 1360/365/342 502/342/319
f 1348/366/343 515/221/198 470/362/339
f 1348/366/343 471/348/325 514/222/199
f 515/221/198 1348/366/343 514/222/199
f 239/367/344 107/368/345 238/369/346
f 105/370/347 238/369/346 107/368/345
f 246/371/348 120/372/349 247/373/350
f 122/374/351 247/373/350 120/372/349
f 254/375/352 136/376/353 255/377/354
f 138/378/355 255/377/354 136/376/353
f 263/379/356 262/380/357 154/381/358
f 152/382/359 154/381/358 262/380/357
f 168/383/360 170/384/361 270/385/362
f 271/386/363 270/385/362 170/384/361
f 279/387/364 278/388/365 186/389/366
f 184/390/367 186/389/366 278/388/365
f 202/391/368 287/392/369 200/393/370
f 286/394/371 200/393/370 287/392/369
f 226/395/372 308/396/373 227/397/374
f 307/398/375 227/397/374 308/396/373
f 316/399/376 315/400/377 222/401/378
f 221/402/379 222/401/378 315/400/377
f 232/403/380 371/404/381 231/405/382
f 370/406/383 231/405/382 371/404/381
f 386/407/384 333/408/385 387/409/386
f 334/206/183 387/409/386 333/408/385
f 402/410/387 349/411/388 403/412/389
f 350/413/390 403/412/389 349/411/388
f 365/414/391 366/415/392 418/416/393
f 419/417/394 418/416/393 366/415/392
f 584/418/395 112/419/396 583/420/397
f 110/421/398 583/420/397 112/419/396
f 591/422/399 592/423/400 203/424/401
f 201/425/402 203/424/401 592/423/400
f 599/426/403 600/427/404 187/428/405
f 185/429/406 187/428/405 600/427/404
f 169/430/407 171/431/408 608/432/409
f 607/433/410 608/432/409 171/431/408
f 615/434/411 616/435/412 155/436/413
f 153/437/414 155/436/413 616/435/412
f 137/438/415 139/439/416 624/440/417
f 623/441/418 624/440/417 139/439/416
f 632/442/419 121/443/420 631/444/421
f 123/445/422 631/444/421 121/443/420
f 862/446/423 845/447/424 861/448/425
f 844/449/426 861/448/425 845/447/424
f 868/161/138 848/162/139 864/450/427
f 847/451/428 864/450/427 848/162/139
f 320/452/429 880/453/430 321/454/431
f 879/455/432 321/454/431 880/453/430
f 971/456/433 972/457/434 895/458/435
f 896/459/436 895/458/435 972/457/434
f 988/190/167 912/460/437 987/191/168
f 911/461/438 987/191/168 912/460/437
f 1004/207/184 928/462/439 1003/211/188
f 927/463/440 1003/211/188 928/462/439
f 1020/216/193 944/464/441 1019/219/196
f 943/465/442 1019/219/196 944/464/441
f 960/466/443 959/467/444 1036/258/235
f 1035/251/228 1036/258/235 959/467/444
f 350/413/390 349/411/388 1052/468/445
f 1051/469/446 1052/468/445 349/411/388
f 366/415/392 365/414/391 1068/470/447
f 1067/471/448 1068/470/447 365/414/391
f 339/278/255 338/189/166 985/279/256
f 986/192/169 985/279/256 338/189/166
f 1094/472/449 1081/473/450 1093/474/451
f 1080/475/452 1093/474/451 1081/473/450
f 1123/476/453 1084/477/454 1122/478/455
f 1083/479/456 1122/478/455 1084/477/454
f 1138/480/457 1139/481/458 1113/482/459
f 1114/483/460 1113/482/459 1139/481/458
f 1155/262/239 1129/484/461 1154/263/240
f 1128/485/462 1154/263/240 1129/484/461
f 1170/242/219 1171/243/220 1144/486/463
f 1145/487/464 1144/486/463 1171/243/220
f 1056/488/465 1186/230/207 1057/489/466
f 1187/490/467 1057/489/466 1186/230/207
f 494/311/288 1199/491/468 495/308/285
f 1200/492/469 495/308/285 1199/491/468
f 858/493/470 857/294/271 1215/494/471
f 1214/495/472 1215/494/471 857/294/271
f 1192/496/473 1222/497/474 1193/498/475
f 1217/239/216 1193/498/475 1222/497/474
f 1177/499/476 1231/277/254 972/457/434
f 973/276/253 972/457/434 1231/277/254
f 370/406/383 1238/500/477 369/146/123
f 1234/501/478 369/146/123 1238/500/477
f 1246/502/479 1245/503/480 378/504/481
f 377/505/482 378/504/481 1245/503/480
f 1253/506/483 385/507/484 1254/508/485
f 386/407/384 1254/508/485 385/507/484
f 1261/509/486 393/510/487 1262/511/488
f 394/512/489 1262/511/488 393/510/487
f 1269/513/490 401/514/491 1270/515/492
f 402/410/387 1270/515/492 401/514/491
f 409/516/493 410/517/494 1277/518/495
f 1278/519/496 1277/518/495 410/517/494
f 1286/520/497 1285/521/498 418/416/393
f 417/522/499 418/416/393 1285/521/498
f 857/294/271 856/225/202 1214/495/472
f 1213/224/201 1214/495/472 856/225/202
f 837/523/500 805/524/501 836/525/502
f 804/526/503 836/525/502 805/524/501
f 842/153/130 843/527/504 811/528/505
f 812/529/506 811/528/505 843/527/504
f 813/530/507 814/531/508 781/532/509
f 782/533/510 781/532/509 814/531/508
f 798/534/511 766/535/512 797/536/513
f 765/537/514 797/536/513 766/535/512
f 781/532/509 782/533/510 749/538/515
f 750/539/516 749/538/515 782/533/510
f 766/535/512 734/540/517 765/537/514
f 733/541/518 765/537/514 734/540/517
f 749/538/515 750/539/516 717/542/519
f 718/543/520 717/542/519 750/539/516
f 733/541/518 734/540/517 701/544/521
f 702/545/522 701/544/521 734/540/517
f 718/546/523 686/547/524 717/548/525
f 685/549/526 717/548/525 686/547/524
f 701/550/527 702/551/528 669/552/529
f 670/553/530 669/552/529 702/551/528
f 653/554/531 685/549/526 654/555/532
f 686/547/524 654/555/532 685/549/526
f 637/556/533 669/552/529 638/557/534
f 670/553/530 638/557/534 669/552/529
f 451/558/535 1312/559/536 427/560/537
f 1313/561/538 427/560/537 1312/559/536
f 1328/562/539 1329/563/540 459/564/541
f 435/565/542 459/564/541 1329/563/540
f 1344/566/543 1345/567/544 467/568/545
f 443/569/546 467/568/545 1345/567/544
f 461/570/547 476/571/548 1332/572/549
f 1353/573/550 1332/572/549 476/571/548
f 1316/574/551 453/575/552 1361/576/553
f 484/577/554 1361/576/553 453/575/552
f 469/578/555 1369/579/556 445/580/557
f 1300/581/558 445/580/557 1369/579/556
f 106/582/559 239/367/344 104/583/560
f 238/369/346 104/583/560 239/367/344
f 121/443/420 246/371/348 123/445/422
f 247/373/350 123/445/422 246/371/348
f 137/438/415 254/375/352 139/439/416
f 255/377/354 139/439/416 254/375/352
f 155/436/413 153/437/414 263/379/356
f 262/380/357 263/379/356 153/437/414
f 171/431/408 169/430/407 271/386/363
f 270/385/362 271/386/363 169/430/407
f 187/428/405 185/429/406 279/387/364
f 278/388/365 279/387/364 185/429/406
f 203/424/401 201/425/402 287/392/369
f 286/394/371 287/392/369 201/425/402
f 295/584/561 307/398/375 294/585/562
f 308/396/373 294/585/562 307/398/375
f 315/400/377 316/399/376 302/586/563
f 303/587/564 302/586/563 316/399/376
f 231/405/382 370/406/383 230/145/122
f 369/146/123 230/145/122 370/406/383
f 332/588/565 333/408/385 385/507/484
f 386/407/384 385/507/484 333/408/385
f 402/410/387 401/514/491 349/411/388
f 348/589/566 349/411/388 401/514/491
f 418/416/393 417/522/499 365/414/391
f 364/590/567 365/414/391 417/522/499
f 582/591/568 522/592/569 583/593/570
f 523/594/571 583/593/570 522/592/569
f 590/595/572 530/596/573 591/597/574
f 531/598/575 591/597/574 530/596/573
f 599/599/576 598/600/577 539/601/578
f 538/602/579 539/601/578 598/600/577
f 607/603/580 606/604/581 547/605/582
f 546/606/583 547/605/582 606/604/581
f 614/607/584 554/608/585 615/609/586
f 555/610/587 615/609/586 554/608/585
f 622/611/588 562/612/589 623/613/590
f 563/614/591 623/613/590 562/612/589
f 631/615/592 630/616/593 571/617/594
f 570/618/595 571/617/594 630/616/593
f 298/619/596 862/446/423 297/620/597
f 861/448/425 297/620/597 862/446/423
f 879/455/432 505/321/298 878/621/598
f 504/328/305 878/621/598 505/321/298
f 884/622/599 886/623/600 510/306/283
f 511/303/280 510/306/283 886/623/600
f 971/456/433 895/458/435 970/624/601
f 894/625/602 970/624/601 895/458/435
f 986/192/169 987/191/168 910/626/603
f 911/461/438 910/626/603 987/191/168
f 926/627/604 1002/204/181 927/463/440
f 1003/211/188 927/463/440 1002/204/181
f 1018/217/194 1019/219/196 942/628/605
f 943/465/442 942/628/605 1019/219/196
f 1034/250/227 1035/251/228 958/629/606
f 959/467/444 958/629/606 1035/251/228
f 349/411/388 348/589/566 1051/469/446
f 1050/630/607 1051/469/446 348/589/566
f 364/590/567 1066/631/608 365/414/391
f 1067/471/448 365/414/391 1066/631/608
f 1093/474/451 1080/475/452 1092/632/609
f 1079/633/610 1092/632/609 1080/475/452
f 1122/478/455 1083/479/456 1121/634/611
f 1082/635/612 1121/634/611 1083/479/456
f 1137/636/613 1138/480/457 1112/637/614
f 1113/482/459 1112/637/614 1138/480/457
f 1154/263/240 1128/485/462 1153/264/241
f 1127/638/615 1153/264/241 1128/485/462
f 1169/639/616 1170/242/219 1143/640/617
f 1144/486/463 1143/640/617 1170/242/219
f 1056/488/465 1055/641/618 1186/230/207
f 1185/227/204 1186/230/207 1055/641/618
f 1199/491/468 1198/642/619 1015/643/620
f 1016/644/621 1015/643/620 1198/642/619
f 1209/212/189 1204/197/174 1008/645/622
f 1009/196/173 1008/645/622 1204/197/174
f 1221/226/203 1218/646/623 1147/647/624
f 1148/648/625 1147/647/624 1218/646/623
f 1231/277/254 1177/499/476 1046/649/626
f 1047/650/627 1046/649/626 1177/499/476
f 1238/500/477 210/651/628 1234/501/478
f 208/652/629 1234/501/478 210/651/628
f 105/370/347 107/368/345 1246/502/479
f 1245/503/480 1246/502/479 107/368/345
f 118/653/630 1253/506/483 120/372/349
f 1254/508/485 120/372/349 1253/506/483
f 134/654/631 1261/509/486 136/376/353
f 1262/511/488 136/376/353 1261/509/486
f 150/655/632 1269/513/490 152/382/359
f 1270/515/492 152/382/359 1269/513/490
f 1277/518/495 1278/519/496 166/656/633
f 168/383/360 166/656/633 1278/519/496
f 184/390/367 182/657/634 1286/520/497
f 1285/521/498 1286/520/497 182/657/634
f 865/164/141 854/166/143 853/658/635
f 1293/659/636 853/658/635 854/166/143
f 829/236/213 830/232/209 797/536/513
f 798/534/511 797/536/513 830/232/209
f 857/294/271 826/660/637 1297/293/270
f 825/661/638 1297/293/270 826/660/637
f 814/531/508 815/662/639 782/533/510
f 783/663/640 782/533/510 815/662/639
f 799/664/641 767/665/642 798/534/511
f 766/535/512 798/534/511 767/665/642
f 782/533/510 783/663/640 750/539/516
f 751/666/643 750/539/516 783/663/640
f 767/665/642 735/667/644 766/535/512
f 734/540/517 766/535/512 735/667/644
f 751/666/643 719/668/645 750/539/516
f 718/543/520 750/539/516 719/668/645
f 735/667/644 703/669/646 734/540/517
f 702/545/522 734/540/517 703/669/646
f 718/546/523 719/670/647 686/547/524
f 687/671/648 686/547/524 719/670/647
f 703/672/649 671/673/650 702/551/528
f 670/553/530 702/551/528 671/673/650
f 654/555/532 686/547/524 655/674/651
f 687/671/648 655/674/651 686/547/524
f 638/557/534 670/553/530 639/675/652
f 671/673/650 639/675/652 670/553/530
f 1310/676/653 451/558/535 1311/677/654
f 427/560/537 1311/677/654 451/558/535
f 459/564/541 435/565/542 1326/678/655
f 1327/679/656 1326/678/655 435/565/542
f 467/568/545 443/569/546 1342/680/657
f 1343/681/658 1342/680/657 443/569/546
f 474/682/659 463/683/660 1352/684/661
f 1334/685/662 1352/684/661 463/683/660
f 455/686/663 1318/687/664 482/688/665
f 1360/689/666 482/688/665 1318/687/664
f 1368/690/667 490/691/668 1302/692/669
f 447/693/670 1302/692/669 490/691/668
f 237/694/671 102/695/672 238/369/346
f 104/583/560 238/369/346 102/695/672
f 119/696/673 245/697/674 121/443/420
f 246/371/348 121/443/420 245/697/674
f 135/698/675 253/699/676 137/438/415
f 254/375/352 137/438/415 253/699/676
f 153/437/414 151/700/677 262/380/357
f 261/701/678 262/380/357 151/700/677
f 269/702/679 270/385/362 167/703/680
f 169/430/407 167/703/680 270/385/362
f 185/429/406 183/704/681 278/388/365
f 277/705/682 278/388/365 183/704/681
f 199/706/683 285/707/684 201/425/402
f 286/394/371 201/425/402 285/707/684
f 215/708/685 293/709/686 112/419/396
f 242/710/687 112/419/396 293/709/686
f 314/711/688 315/400/377 301/712/689
f 302/586/563 301/712/689 315/400/377
f 198/713/690 1289/714/691 200/393/370
f 1290/715/692 200/393/370 1289/714/691
f 330/716/693 331/717/694 383/718/695
f 384/719/696 383/718/695 331/717/694
f 399/720/697 346/721/698 400/722/699
f 347/723/700 400/722/699 346/721/698
f 416/724/701 415/725/702 363/726/703
f 362/727/704 363/726/703 415/725/702
f 581/728/705 521/729/706 582/730/568
f 522/731/569 582/730/568 521/729/706
f 589/732/707 529/733/708 590/595/572
f 530/596/573 590/595/572 529/733/708
f 598/600/577 597/734/709 538/602/579
f 537/735/710 538/602/579 597/734/709
f 606/604/581 605/736/711 546/606/583
f 545/737/712 546/606/583 605/736/711
f 613/738/713 553/739/714 614/607/584
f 554/608/585 614/607/584 553/739/714
f 621/740/715 561/741/716 622/611/588
f 562/612/589 622/611/588 561/741/716
f 629/742/717 569/743/718 630/616/593
f 570/618/595 630/616/593 569/743/718
f 297/620/597 861/448/425 296/744/719
f 860/745/720 296/744/719 861/448/425
f 878/621/598 504/328/305 877/746/721
f 503/360/337 877/746/721 504/328/305
f 886/623/600 885/747/722 511/303/280
f 512/356/333 511/303/280 885/747/722
f 969/748/723 893/749/724 968/750/725
f 892/751/726 968/750/725 893/749/724
f 985/279/256 909/752/727 984/280/257
f 908/753/728 984/280/257 909/752/727
f 1001/202/179 925/754/729 1000/194/171
f 924/755/730 1000/194/171 925/754/729
f 941/756/731 940/757/732 1017/218/195
f 1016/644/621 1017/218/195 940/757/732
f 1032/245/222 1033/248/225 956/758/733
f 957/759/734 956/758/733 1033/248/225
f 347/723/700 346/721/698 1049/760/735
f 1048/761/736 1049/760/735 346/721/698
f 362/727/704 1064/762/737 363/726/703
f 1065/763/738 363/726/703 1064/762/737
f 1091/764/739 1078/765/740 1090/766/741
f 1077/767/742 1090/766/741 1078/765/740
f 1069/768/743 1095/769/744 1082/635/612
f 1108/770/745 1082/635/612 1095/769/744
f 1135/771/746 1136/772/747 1110/773/748
f 1111/774/749 1110/773/748 1136/772/747
f 1151/775/750 1152/776/751 1125/777/752
f 1126/778/753 1125/777/752 1152/776/751
f 1168/779/754 1142/780/755 1167/781/756
f 1141/782/757 1167/781/756 1142/780/755
f 1054/783/758 1053/784/759 1184/228/205
f 1183/785/760 1184/228/205 1053/784/759
f 328/786/761 327/787/762 1197/213/190
f 1196/788/763 1197/213/190 327/787/762
f 1220/229/206 1172/789/764 1219/244/221
f 1171/243/220 1219/244/221 1172/789/764
f 1218/646/623 1227/268/245 1148/648/625
f 1149/267/244 1148/648/625 1227/268/245
f 1237/790/765 1235/791/766 190/792/767
f 192/793/768 190/792/767 1235/791/766
f 107/368/345 109/794/769 1245/503/480
f 1244/795/770 1245/503/480 109/794/769
f 116/796/771 1252/797/772 118/653/630
f 1253/506/483 118/653/630 1252/797/772
f 132/798/773 1260/799/774 134/654/631
f 1261/509/486 134/654/631 1260/799/774
f 148/800/775 1268/801/776 150/655/632
f 1269/513/490 150/655/632 1268/801/776
f 1276/802/777 1277/518/495 164/803/778
f 166/656/633 164/803/778 1277/518/495
f 182/657/634 180/804/779 1285/521/498
f 1284/805/780 1285/521/498 180/804/779
f 1173/223/200 319/806/781 1174/807/782
f 1295/292/269 1174/807/782 319/806/781
f 838/168/145 806/808/783 837/523/500
f 805/524/501 837/523/500 806/808/783
f 834/809/784 802/810/785 833/172/149
f 801/811/786 833/172/149 802/810/785
f 817/812/787 785/813/788 816/814/789
f 784/815/790 816/814/789 785/813/788
f 801/811/786 769/816/791 800/817/792
f 768/818/793 800/817/792 769/816/791
f 784/815/790 785/813/788 752/819/794
f 753/820/795 752/819/794 785/813/788
f 769/816/791 737/821/796 768/818/793
f 736/822/797 768/818/793 737/821/796
f 753/820/795 721/823/798 752/819/794
f 720/824/799 752/819/794 721/823/798
f 737/821/796 705/825/800 736/822/797
f 704/826/801 736/822/797 705/825/800
f 720/827/802 721/828/803 688/829/804
f 689/830/805 688/829/804 721/828/803
f 705/831/806 673/832/807 704/833/808
f 672/834/809 704/833/808 673/832/807
f 689/830/805 657/835/810 688/829/804
f 656/836/811 688/829/804 657/835/810
f 673/832/807 641/837/812 672/834/809
f 640/838/813 672/834/809 641/837/812
f 1308/839/814 450/840/815 1309/841/816
f 426/842/817 1309/841/816 450/840/815
f 458/843/818 434/844/819 1324/845/820
f 1325/846/821 1324/845/820 434/844/819
f 466/847/822 442/848/823 1340/849/824
f 1341/850/825 1340/849/824 442/848/823
f 1336/851/826 1351/852/827 464/853/828
f 473/854/829 464/853/828 1351/852/827
f 1359/855/830 481/856/831 1320/857/832
f 456/858/833 1320/857/832 481/856/831
f 448/859/834 1304/860/835 489/861/836
f 1367/862/837 489/861/836 1304/860/835
f 237/694/671 103/863/838 236/864/839
f 101/865/840 236/864/839 103/863/838
f 244/866/841 116/796/771 245/697/674
f 118/653/630 245/697/674 116/796/771
f 252/867/842 132/798/773 253/699/676
f 134/654/631 253/699/676 132/798/773
f 260/868/843 148/800/775 261/701/678
f 150/655/632 261/701/678 148/800/775
f 164/803/778 166/656/633 268/869/844
f 269/702/679 268/869/844 166/656/633
f 277/705/682 276/870/845 182/657/634
f 180/804/779 182/657/634 276/870/845
f 284/871/846 196/872/847 285/707/684
f 198/713/690 285/707/684 196/872/847
f 292/873/848 212/874/849 293/709/686
f 214/875/850 293/709/686 212/874/849
f 220/876/851 314/711/688 219/877/852
f 313/878/853 219/877/852 314/711/688
f 229/879/854 228/148/125 368/880/855
f 367/147/124 368/880/855 228/148/125
f 329/881/856 330/716/693 382/882/857
f 383/718/695 382/882/857 330/716/693
f 398/883/858 345/884/859 399/720/697
f 346/721/698 399/720/697 345/884/859
f 415/725/702 414/885/860 362/727/704
f 361/886/861 362/727/704 414/885/860
f 106/582/559 581/887/862 108/888/863
f 582/889/864 108/888/863 581/887/862
f 207/890/865 589/891/866 205/892/867
f 590/893/868 205/892/867 589/891/866
f 597/894/869 598/895/870 191/896/871
f 189/897/872 191/896/871 598/895/870
f 173/898/873 175/899/874 606/900/875
f 605/901/876 606/900/875 175/899/874
f 157/902/877 159/903/878 614/904/879
f 613/905/880 614/904/879 159/903/878
f 141/906/881 144/907/882 622/908/883
f 621/909/884 622/908/883 144/907/882
f 630/910/885 125/911/886 629/912/887
f 127/913/888 629/912/887 125/911/886
f 860/745/720 843/527/504 859/152/129
f 842/153/130 859/152/129 843/527/504
f 302/586/563 303/587/564 867/159/136
f 869/157/134 867/159/136 303/587/564
f 322/914/889 878/621/598 323/915/890
f 877/746/721 323/915/890 878/621/598
f 870/916/891 840/917/892 886/623/600
f 885/747/722 886/623/600 840/917/892
f 968/750/725 892/751/726 967/918/893
f 891/919/894 967/918/893 892/751/726
f 984/280/257 908/753/728 983/282/259
f 907/920/895 983/282/259 908/753/728
f 924/755/730 923/921/896 1000/194/171
f 999/195/172 1000/194/171 923/921/896
f 1015/643/620 1016/644/621 939/922/897
f 940/757/732 939/922/897 1016/644/621
f 1032/245/222 956/758/733 1031/246/223
f 955/923/898 1031/246/223 956/758/733
f 346/721/698 345/884/859 1048/761/736
f 1047/650/627 1048/761/736 345/884/859
f 361/886/861 1063/924/899 362/727/704
f 1064/762/737 362/727/704 1063/924/899
f 1090/766/741 1077/767/742 1089/925/900
f 1076/926/901 1089/925/900 1077/767/742
f 1120/927/902 1108/770/745 1107/928/903
f 1095/769/744 1107/928/903 1108/770/745
f 1135/771/746 1110/773/748 1134/929/904
f 1109/930/905 1134/929/904 1110/773/748
f 1150/931/906 1151/775/750 1124/932/907
f 1125/777/752 1124/932/907 1151/775/750
f 1167/781/756 1141/782/757 1166/237/214
f 1140/933/908 1166/237/214 1141/782/757
f 1053/784/759 1052/468/445 1183/785/760
f 1182/934/909 1183/785/760 1052/468/445
f 1197/213/190 1196/788/763 498/298/275
f 499/299/276 498/298/275 1196/788/763
f 1219/244/221 1187/490/467 1220/229/206
f 1186/230/207 1220/229/206 1187/490/467
f 1229/935/910 1150/931/906 1228/266/243
f 1149/267/244 1228/266/243 1150/931/906
f 890/149/126 222/401/378 1288/289/266
f 221/402/379 1288/289/266 222/401/378
f 1244/795/770 1243/936/911 376/937/912
f 375/938/913 376/937/912 1243/936/911
f 1251/939/914 383/718/695 1252/797/772
f 384/719/696 1252/797/772 383/718/695
f 1259/940/915 391/941/916 1260/799/774
f 392/942/917 1260/799/774 391/941/916
f 1267/943/918 399/720/697 1268/801/776
f 400/722/699 1268/801/776 399/720/697
f 407/944/919 408/945/920 1275/946/921
f 1276/802/777 1275/946/921 408/945/920
f 1284/805/780 1283/947/922 416/724/701
f 415/725/702 416/724/701 1283/947/922
f 830/232/209 831/287/264 798/534/511
f 799/664/641 798/534/511 831/287/264
f 858/493/470 827/948/923 857/294/271
f 826/660/637 857/294/271 827/948/923
f 818/949/924 786/950/925 817/812/787
f 785/813/788 817/812/787 786/950/925
f 802/810/785 770/951/926 801/811/786
f 769/816/791 801/811/786 770/951/926
f 785/813/788 786/950/925 753/820/795
f 754/952/927 753/820/795 786/950/925
f 770/951/926 738/953/928 769/816/791
f 737/821/796 769/816/791 738/953/928
f 753/820/795 754/952/927 721/823/798
f 722/954/929 721/823/798 754/952/927
f 737/821/796 738/953/928 705/825/800
f 706/955/930 705/825/800 738/953/928
f 721/828/803 722/956/931 689/830/805
f 690/957/932 689/830/805 722/956/931
f 706/958/933 674/959/934 705/831/806
f 673/832/807 705/831/806 674/959/934
f 690/957/932 658/960/935 689/830/805
f 657/835/810 689/830/805 658/960/935
f 674/959/934 642/961/936 673/832/807
f 641/837/812 673/832/807 642/961/936
f 449/962/937 1308/839/814 425/963/938
f 1309/841/816 425/963/938 1308/839/814
f 433/964/939 457/965/940 1325/846/821
f 1324/845/820 1325/846/821 457/965/940
f 1340/849/824 1341/850/825 465/966/941
f 441/967/942 465/966/941 1341/850/825
f 463/683/660 474/682/659 1336/851/826
f 1351/852/827 1336/851/826 474/682/659
f 482/688/665 1359/855/830 455/686/663
f 1320/857/832 455/686/663 1359/855/830
f 1304/860/835 447/693/670 1367/862/837
f 490/691/668 1367/862/837 447/693/670
f 100/968/943 236/864/839 98/969/944
f 234/970/945 98/969/944 236/864/839
f 115/971/946 243/972/947 117/973/948
f 244/866/841 117/973/948 243/972/947
f 131/974/949 251/975/950 133/976/951
f 252/867/842 133/976/951 251/975/950
f 149/977/952 147/978/953 260/868/843
f 259/979/954 260/868/843 147/978/953
f 165/980/955 163/981/956 268/869/844
f 267/982/957 268/869/844 163/981/956
f 181/983/958 179/984/959 276/870/845
f 275/985/960 276/870/845 179/984/959
f 284/871/846 197/986/961 283/987/962
f 195/988/963 283/987/962 197/986/961
f 211/989/964 291/990/965 213/991/966
f 292/873/848 213/991/966 291/990/965
f 312/992/967 313/878/853 299/993/968
f 300/994/969 299/993/968 313/878/853
f 1233/151/128 206/995/970 1292/150/127
f 204/996/971 1292/150/127 206/995/970
f 326/997/972 327/787/762 379/998/973
f 380/999/974 379/998/973 327/787/762
f 342/1000/975 343/1001/976 395/1002/977
f 396/1003/978 395/1002/977 343/1001/976
f 411/1004/979 358/1005/980 412/1006/981
f 359/1007/982 412/1006/981 358/1005/980
f 579/1008/983 519/1009/984 580/1010/985
f 520/1011/986 580/1010/985 519/1009/984
f 528/1012/987 588/1013/988 527/1014/989
f 587/1015/990 527/1014/989 588/1013/988
f 596/1016/991 595/1017/992 536/1018/993
f 535/1019/994 536/1018/993 595/1017/992
f 604/1020/995 603/1021/996 544/1022/997
f 543/1023/998 544/1022/997 603/1021/996
f 612/1024/999 611/1025/1000 552/1026/1001
f 551/1027/1002 552/1026/1001 611/1025/1000
f 619/1028/1003 559/1029/1004 620/1030/1005
f 560/1031/1006 620/1030/1005 559/1029/1004
f 627/1032/1007 567/1033/1008 628/1034/1009
f 568/1035/1010 628/1034/1009 567/1033/1008
f 576/1036/1011 635/1037/1012 516/1038/1013
f 575/1039/1014 516/1038/1013 635/1037/1012
f 868/161/138 301/712/689 867/159/136
f 302/586/563 867/159/136 301/712/689
f 874/1040/1015 876/1041/1016 501/345/322
f 502/342/319 501/345/322 876/1041/1016
f 884/622/599 510/306/283 883/1042/1017
f 509/339/316 883/1042/1017 510/306/283
f 980/284/261 981/286/263 904/1043/1018
f 905/1044/1019 904/1043/1018 981/286/263
f 996/188/165 997/205/182 920/1045/1020
f 921/1046/1021 920/1045/1020 997/205/182
f 1012/1047/1022 1013/1048/1023 936/1049/1024
f 937/1050/1025 936/1049/1024 1013/1048/1023
f 1028/171/148 1029/170/147 952/1051/1026
f 953/1052/1027 952/1051/1026 1029/170/147
f 1044/274/251 1045/271/248 342/1000/975
f 343/1001/976 342/1000/975 1045/271/248
f 359/1007/982 358/1005/980 1061/1053/1028
f 1060/1054/1029 1061/1053/1028 358/1005/980
f 1087/1055/1030 1074/1056/1031 1086/1057/1032
f 1073/1058/1033 1086/1057/1032 1074/1056/1031
f 1117/1059/1034 1118/1060/1035 1104/1061/1036
f 1105/1062/1037 1104/1061/1036 1118/1060/1035
f 1132/1063/1038 1093/474/451 1131/1064/1039
f 1092/632/609 1131/1064/1039 1093/474/451
f 1148/648/625 1122/1065/1040 1147/647/624
f 1121/1066/1041 1147/647/624 1122/1065/1040
f 1163/235/212 1164/234/211 1137/1067/1042
f 1138/1068/1043 1137/1067/1042 1164/234/211
f 1179/1069/1044 1180/1070/1045 1049/760/735
f 1050/630/607 1049/760/735 1180/1070/1045
f 1065/763/738 1195/1071/1046 1066/631/608
f 1176/1072/1047 1066/631/608 1195/1071/1046
f 1203/1073/1048 1011/1074/1049 1204/197/174
f 1010/198/175 1204/197/174 1011/1074/1049
f 1217/239/216 1222/497/474 1166/237/214
f 1167/781/756 1166/237/214 1222/497/474
f 1179/1069/1044 970/624/601 1230/1075/1050
f 969/748/723 1230/1075/1050 970/624/601
f 339/278/255 984/280/257 340/1076/1051
f 1232/1077/1052 340/1076/1051 984/280/257
f 1290/715/692 219/877/852 1291/1078/1053
f 218/1079/1054 1291/1078/1053 219/877/852
f 113/1080/1055 1242/1081/1056 111/1082/1057
f 1243/936/911 111/1082/1057 1242/1081/1056
f 96/1083/1058 1250/1084/1059 114/1085/1060
f 1251/939/914 114/1085/1060 1250/1084/1059
f 128/1086/1061 1258/1087/1062 130/1088/1063
f 1259/940/915 130/1088/1063 1258/1087/1062
f 142/1089/1064 1266/1090/1065 146/1091/1066
f 1267/943/918 146/1091/1066 1266/1090/1065
f 162/1092/1067 160/1093/1068 1275/946/921
f 1274/1094/1069 1275/946/921 160/1093/1068
f 178/1095/1070 176/1096/1071 1283/947/922
f 1282/1097/1072 1283/947/922 176/1096/1071
f 1294/291/268 224/290/267 233/1098/1073
f 229/879/854 233/1098/1073 224/290/267
f 831/287/264 832/247/224 799/664/641
f 800/817/792 799/664/641 832/247/224
f 852/163/140 853/658/635 821/1099/1074
f 822/1100/1075 821/1099/1074 853/658/635
f 821/1099/1074 789/1101/1076 820/1102/1077
f 788/1103/1078 820/1102/1077 789/1101/1076
f 805/524/501 773/1104/1079 804/526/503
f 772/1105/1080 804/526/503 773/1104/1079
f 788/1103/1078 789/1101/1076 756/1106/1081
f 757/1107/1082 756/1106/1081 789/1101/1076
f 773/1104/1079 741/1108/1083 772/1105/1080
f 740/1109/1084 772/1105/1080 741/1108/1083
f 756/1106/1081 757/1107/1082 724/1110/1085
f 725/1111/1086 724/1110/1085 757/1107/1082
f 740/1109/1084 741/1108/1083 708/1112/1087
f 709/1113/1088 708/1112/1087 741/1108/1083
f 725/1114/1089 693/1115/1090 724/1116/1091
f 692/1117/1092 724/1116/1091 693/1115/1090
f 709/1118/1093 677/1119/1094 708/1120/1095
f 676/1121/1096 708/1120/1095 677/1119/1094
f 660/1122/1097 692/1117/1092 661/1123/1098
f 693/1115/1090 661/1123/1098 692/1117/1092
f 644/1124/1099 676/1121/1096 645/1125/1100
f 677/1119/1094 645/1125/1100 676/1121/1096
f 1304/860/835 448/859/834 1305/1126/1101
f 424/1127/1102 1305/1126/1101 448/859/834
f 1320/857/832 456/858/833 1321/1128/1103
f 432/1129/1104 1321/1128/1103 456/858/833
f 464/853/828 440/1130/1105 1336/851/826
f 1337/1131/1106 1336/851/826 440/1130/1105
f 471/1132/1107 466/847/822 1349/1133/1108
f 1340/849/824 1349/1133/1108 466/847/822
f 479/1134/1109 458/843/818 1357/1135/1110
f 1324/845/820 1357/1135/1110 458/843/818
f 450/840/815 1308/839/814 487/1136/1111
f 1365/1137/1112 487/1136/1111 1308/839/814
f 108/888/863 240/1138/1113 106/582/559
f 239/367/344 106/582/559 240/1138/1113
f 123/445/422 247/373/350 125/911/886
f 248/1139/1114 125/911/886 247/373/350
f 139/439/416 255/377/354 141/906/881
f 256/1140/1115 141/906/881 255/377/354
f 157/902/877 155/436/413 264/1141/1116
f 263/379/356 264/1141/1116 155/436/413
f 173/898/873 171/431/408 272/1142/1117
f 271/386/363 272/1142/1117 171/431/408
f 189/897/872 187/428/405 280/1143/1118
f 279/387/364 280/1143/1118 187/428/405
f 205/892/867 203/424/401 288/1144/1119
f 287/392/369 288/1144/1119 203/424/401
f 309/1145/1120 296/744/719 308/396/373
f 294/585/562 308/396/373 296/744/719
f 316/399/376 317/1146/1121 303/587/564
f 304/1147/1122 303/587/564 317/1146/1121
f 233/1098/1073 229/879/854 372/1148/1123
f 368/880/855 372/1148/1123 229/879/854
f 388/1149/1124 387/409/386 335/187/164
f 334/206/183 335/187/164 387/409/386
f 404/1150/1125 403/412/389 351/1151/1126
f 350/413/390 351/1151/1126 403/412/389
f 372/1148/1123 419/417/394 233/1098/1073
f 366/415/392 233/1098/1073 419/417/394
f 583/593/570 523/594/571 584/1152/1127
f 524/1153/1128 584/1152/1127 523/594/571
f 592/1154/1129 591/597/574 532/1155/1130
f 531/598/575 532/1155/1130 591/597/574
f 600/1156/1131 599/599/576 540/1157/1132
f 539/601/578 540/1157/1132 599/599/576
f 608/1158/1133 607/603/580 548/1159/1134
f 547/605/582 548/1159/1134 607/603/580
f 615/609/586 555/610/587 616/1160/1135
f 556/1161/1136 616/1160/1135 555/610/587
f 623/613/590 563/614/591 624/1162/1137
f 564/1163/1138 624/1162/1137 563/614/591
f 632/1164/1139 631/615/592 572/1165/1140
f 571/617/594 572/1165/1140 631/615/592
f 299/993/968 863/1166/1141 298/619/596
f 862/446/423 298/619/596 863/1166/1141
f 301/712/689 868/161/138 300/994/969
f 864/450/427 300/994/969 868/161/138
f 880/453/430 506/313/290 879/455/432
f 505/321/298 879/455/432 506/313/290
f 841/1167/1142 888/1168/1143 870/916/891
f 840/917/892 870/916/891 888/1168/1143
f 972/457/434 973/276/253 896/459/436
f 897/1169/1144 896/459/436 973/276/253
f 989/179/156 913/1170/1145 988/190/167
f 912/460/437 988/190/167 913/1170/1145
f 928/462/439 1004/207/184 929/1171/1146
f 1005/210/187 929/1171/1146 1004/207/184
f 944/464/441 1020/216/193 945/1172/1147
f 1021/215/192 945/1172/1147 1020/216/193
f 961/1173/1148 960/466/443 1037/257/234
f 1036/258/235 1037/257/234 960/466/443
f 351/1151/1126 350/413/390 1053/784/759
f 1052/468/445 1053/784/759 350/413/390
f 338/189/166 337/180/157 988/190/167
f 989/179/156 988/190/167 337/180/157
f 1109/930/905 1110/773/748 1096/1174/1149
f 1097/1175/1150 1096/1174/1149 1110/773/748
f 1124/1176/1151 1085/1177/1152 1123/476/453
f 1084/477/454 1123/476/453 1085/1177/1152
f 1139/481/458 1140/1178/1153 1114/483/460
f 1115/1179/1154 1114/483/460 1140/1178/1153
f 1156/261/238 1130/1180/1155 1155/262/239
f 1129/484/461 1155/262/239 1130/1180/1155
f 1171/243/220 1172/789/764 1145/487/464
f 1146/1181/1156 1145/487/464 1172/789/764
f 1057/489/466 1187/490/467 1058/1182/1157
f 1188/1183/1158 1058/1182/1157 1187/490/467
f 1200/492/469 1199/491/468 1014/1184/1159
f 1015/643/620 1014/1184/1159 1199/491/468
f 1198/642/619 1210/214/191 1016/644/621
f 1017/218/195 1016/644/621 1210/214/191
f 1215/494/471 1216/1185/1160 858/493/470
f 828/1186/1161 858/493/470 1216/1185/1160
f 1192/496/473 1191/1187/1162 1222/497/474
f 1223/1188/1163 1222/497/474 1191/1187/1162
f 975/270/247 1231/277/254 1045/271/248
f 1046/649/626 1045/271/248 1231/277/254
f 206/995/970 1233/151/128 208/652/629
f 1234/501/478 208/652/629 1233/151/128
f 1239/1189/1164 212/874/849 1238/500/477
f 210/651/628 1238/500/477 212/874/849
f 103/863/838 105/370/347 1247/1190/1165
f 1246/502/479 1247/1190/1165 105/370/347
f 120/372/349 1254/508/485 122/374/351
f 1255/1191/1166 122/374/351 1254/508/485
f 136/376/353 1262/511/488 138/378/355
f 1263/1192/1167 138/378/355 1262/511/488
f 152/382/359 1270/515/492 154/381/358
f 1271/1193/1168 154/381/358 1270/515/492
f 1278/519/496 1279/1194/1169 168/383/360
f 170/384/361 168/383/360 1279/1194/1169
f 1286/520/497 1287/1195/1170 184/390/367
f 186/389/366 184/390/367 1287/1195/1170
f 848/162/139 817/812/787 847/451/428
f 816/814/789 847/451/428 817/812/787
f 824/1196/1171 823/1197/1172 1296/295/272
f 1293/659/636 1296/295/272 823/1197/1172
f 812/529/506 813/530/507 780/1198/1173
f 781/532/509 780/1198/1173 813/530/507
f 797/536/513 765/537/514 796/1199/1174
f 764/1200/1175 796/1199/1174 765/537/514
f 780/1198/1173 781/532/509 748/1201/1176
f 749/538/515 748/1201/1176 781/532/509
f 765/537/514 733/541/518 764/1200/1175
f 732/1202/1177 764/1200/1175 733/541/518
f 749/538/515 717/542/519 748/1201/1176
f 716/1203/1178 748/1201/1176 717/542/519
f 732/1202/1177 733/541/518 700/1204/1179
f 701/544/521 700/1204/1179 733/541/518
f 717/548/525 685/549/526 716/1205/1180
f 684/1206/1181 716/1205/1180 685/549/526
f 700/1207/1182 701/550/527 668/1208/1183
f 669/552/529 668/1208/1183 701/550/527
f 652/1209/1184 684/1206/1181 653/554/531
f 685/549/526 653/554/531 684/1206/1181
f 636/1210/1185 668/1208/1183 637/556/533
f 669/552/529 637/556/533 668/1208/1183
f 1312/559/536 452/1211/1186 1313/561/538
f 428/1212/1187 1313/561/538 452/1211/1186
f 460/1213/1188 436/1214/1189 1328/562/539
f 1329/563/540 1328/562/539 436/1214/1189
f 1345/567/544 1344/566/543 420/1215/1190
f 444/1216/1191 420/1215/1190 1344/566/543
f 1332/572/549 1353/573/550 462/1217/1192
f 475/1218/1193 462/1217/1192 1353/573/550
f 454/1219/1194 1316/574/551 483/1220/1195
f 1361/576/553 483/1220/1195 1316/574/551
f 1369/579/556 491/1221/1196 1300/581/558
f 446/1222/1197 1300/581/558 491/1221/1196
f 236/864/839 101/865/840 234/970/945
f 97/1223/1198 234/970/945 101/865/840
f 243/972/947 114/1085/1060 244/866/841
f 116/796/771 244/866/841 114/1085/1060
f 251/975/950 130/1088/1063 252/867/842
f 132/798/773 252/867/842 130/1088/1063
f 259/979/954 146/1091/1066 260/868/843
f 148/800/775 260/868/843 146/1091/1066
f 162/1092/1067 164/803/778 267/982/957
f 268/869/844 267/982/957 164/803/778
f 276/870/845 275/985/960 180/804/779
f 178/1095/1070 180/804/779 275/985/960
f 284/871/846 283/987/962 196/872/847
f 194/1224/1199 196/872/847 283/987/962
f 291/990/965 210/651/628 292/873/848
f 212/874/849 292/873/848 210/651/628
f 219/877/852 313/878/853 218/1079/1054
f 312/992/967 218/1079/1054 313/878/853
f 1292/150/127 204/996/971 1291/1078/1053
f 202/391/368 1291/1078/1053 204/996/971
f 381/1225/1200 380/999/974 328/786/761
f 327/787/762 328/786/761 380/999/974
f 343/1001/976 344/1226/1201 396/1003/978
f 397/1227/1202 396/1003/978 344/1226/1201
f 413/1228/1203 412/1006/981 360/1229/1204
f 359/1007/982 360/1229/1204 412/1006/981
f 104/583/560 580/1230/1205 106/582/559
f 581/887/862 106/582/559 580/1230/1205
f 209/1231/1206 588/1232/1207 207/890/865
f 589/891/866 207/890/865 588/1232/1207
f 596/1233/1208 597/894/869 193/1234/1209
f 191/896/871 193/1234/1209 597/894/869
f 175/899/874 177/1235/1210 605/901/876
f 604/1236/1211 605/901/876 177/1235/1210
f 161/1237/1212 612/1238/1213 159/903/878
f 613/905/880 159/903/878 612/1238/1213
f 620/1239/1214 621/909/884 143/1240/1215
f 144/907/882 143/1240/1215 621/909/884
f 127/913/888 129/1241/1216 629/912/887
f 628/1242/1217 629/912/887 129/1241/1216
f 323/915/890 877/746/721 324/1243/1218
f 876/1041/1016 324/1243/1218 877/746/721
f 839/169/146 873/1244/1219 840/917/892
f 885/747/722 840/917/892 873/1244/1219
f 982/283/260 906/1245/1220 981/286/263
f 905/1044/1019 981/286/263 906/1245/1220
f 997/205/182 998/203/180 921/1046/1021
f 922/1246/1221 921/1046/1021 998/203/180
f 938/1247/1222 937/1050/1025 1014/1184/1159
f 1013/1048/1023 1014/1184/1159 937/1050/1025
f 1029/170/147 1030/173/150 953/1052/1027
f 954/1248/1223 953/1052/1027 1030/173/150
f 1045/271/248 1046/649/626 343/1001/976
f 344/1226/1201 343/1001/976 1046/649/626
f 360/1229/1204 359/1007/982 1062/1249/1224
f 1061/1053/1028 1062/1249/1224 359/1007/982
f 1088/1250/1225 1075/1251/1099 1087/1055/1030
f 1074/1056/1031 1087/1055/1030 1075/1251/1099
f 1118/1060/1035 1119/1252/1226 1105/1062/1037
f 1106/1253/1227 1105/1062/1037 1119/1252/1226
f 1132/1063/1038 1133/1254/1228 1093/474/451
f 1094/472/449 1093/474/451 1133/1254/1228
f 1149/267/244 1123/1255/1229 1148/648/625
f 1122/1065/1040 1148/648/625 1123/1255/1229
f 1164/234/211 1165/238/215 1138/1068/1043
f 1139/1256/1230 1138/1068/1043 1165/238/215
f 1051/469/446 1050/630/607 1181/1257/1231
f 1180/1070/1045 1181/1257/1231 1050/630/607
f 1196/788/763 875/1258/1232 499/299/276
f 500/354/331 499/299/276 875/1258/1232
f 1197/213/190 1209/212/189 328/786/761
f 329/881/856 328/786/761 1209/212/189
f 1147/647/624 1172/789/764 1221/226/203
f 1220/229/206 1221/226/203 1172/789/764
f 829/236/213 1217/239/216 1164/234/211
f 1165/238/215 1164/234/211 1217/239/216
f 1151/775/750 1230/1075/1050 968/750/725
f 969/748/723 968/750/725 1230/1075/1050
f 1290/715/692 1289/714/691 219/877/852
f 220/876/851 219/877/852 1289/714/691
f 1242/1081/1056 374/1259/1233 1243/936/911
f 375/938/913 1243/936/911 374/1259/1233
f 1251/939/914 1250/1084/1059 383/718/695
f 382/882/857 383/718/695 1250/1084/1059
f 1258/1087/1062 390/1260/1234 1259/940/915
f 391/941/916 1259/940/915 390/1260/1234
f 1266/1090/1065 398/883/858 1267/943/918
f 399/720/697 1267/943/918 398/883/858
f 1275/946/921 1274/1094/1069 407/944/919
f 406/1261/1235 407/944/919 1274/1094/1069
f 1283/947/922 1282/1097/1072 415/725/702
f 414/885/860 415/725/702 1282/1097/1072
f 224/290/267 1295/292/269 318/1262/1236
f 319/806/781 318/1262/1236 1295/292/269
f 838/168/145 887/167/144 806/808/783
f 807/1263/1237 806/808/783 887/167/144
f 835/176/153 803/1264/1238 834/809/784
f 802/810/785 834/809/784 803/1264/1238
f 820/1102/1077 788/1103/1078 819/1265/1239
f 787/1266/1240 819/1265/1239 788/1103/1078
f 803/1264/1238 804/526/503 771/1267/1241
f 772/1105/1080 771/1267/1241 804/526/503
f 787/1266/1240 788/1103/1078 755/1268/1242
f 756/1106/1081 755/1268/1242 788/1103/1078
f 771/1267/1241 772/1105/1080 739/1269/1243
f 740/1109/1084 739/1269/1243 772/1105/1080
f 756/1106/1081 724/1110/1085 755/1268/1242
f 723/1270/1244 755/1268/1242 724/1110/1085
f 740/1109/1084 708/1112/1087 739/1269/1243
f 707/1271/1245 739/1269/1243 708/1112/1087
f 723/1272/1246 724/1116/1091 691/1273/1247
f 692/1117/1092 691/1273/1247 724/1116/1091
f 707/1274/1248 708/1120/1095 675/1275/1249
f 676/1121/1096 675/1275/1249 708/1120/1095
f 692/1117/1092 660/1122/1097 691/1273/1247
f 659/1276/1250 691/1273/1247 660/1122/1097
f 676/1121/1096 644/1124/1099 675/1275/1249
f 643/1277/1251 675/1275/1249 644/1124/1099
f 448/859/834 1306/1278/1252 424/1127/1102
f 1307/1279/1253 424/1127/1102 1306/1278/1252
f 456/1280/833 1322/1281/1254 432/1282/1104
f 1323/1283/1255 432/1282/1104 1322/1281/1254
f 1338/1284/1256 1339/1285/1257 464/853/828
f 440/1130/1105 464/853/828 1339/1285/1257
f 464/853/828 473/854/829 1338/1284/1256
f 1350/1286/1258 1338/1284/1256 473/854/829
f 481/1287/831 1358/1288/1259 456/1280/833
f 1322/1281/1254 456/1280/833 1358/1288/1259
f 1306/1278/1252 448/859/834 1366/1289/1260
f 489/861/836 1366/1289/1260 448/859/834
f 234/970/945 97/1223/1198 235/1290/1261
f 96/1083/1058 235/1290/1261 97/1223/1198
f 235/1290/1261 96/1083/1058 243/972/947
f 114/1085/1060 243/972/947 96/1083/1058
f 250/1291/1262 128/1086/1061 251/975/950
f 130/1088/1063 251/975/950 128/1086/1061
f 258/1292/1263 142/1089/1064 259/979/954
f 146/1091/1066 259/979/954 142/1089/1064
f 267/982/957 266/1293/1264 162/1092/1067
f 160/1093/1068 162/1092/1067 266/1293/1264
f 275/985/960 274/1294/1265 178/1095/1070
f 176/1096/1071 178/1095/1070 274/1294/1265
f 283/987/962 282/1295/1266 194/1224/1199
f 192/793/768 194/1224/1199 282/1295/1266
f 210/651/628 291/990/965 208/652/629
f 290/1296/1267 208/652/629 291/990/965
f 216/1297/1268 218/1079/1054 311/1298/1269
f 312/992/967 311/1298/1269 218/1079/1054
f 325/1299/1270 326/997/972 378/504/481
f 379/998/973 378/504/481 326/997/972
f 341/1300/1271 342/1000/975 394/512/489
f 395/1002/977 394/512/489 342/1000/975
f 410/517/494 357/1301/1272 411/1004/979
f 358/1005/980 411/1004/979 357/1301/1272
f 102/695/672 579/1302/1273 104/583/560
f 580/1230/1205 104/583/560 579/1302/1273
f 587/1303/1274 588/1232/1207 211/989/964
f 209/1231/1206 211/989/964 588/1232/1207
f 595/1304/1275 596/1233/1208 195/988/963
f 193/1234/1209 195/988/963 596/1233/1208
f 604/1236/1211 177/1235/1210 603/1305/1276
f 179/984/959 603/1305/1276 177/1235/1210
f 163/981/956 611/1306/1277 161/1237/1212
f 612/1238/1213 161/1237/1212 611/1306/1277
f 619/1307/1278 620/1239/1214 147/978/953
f 143/1240/1215 147/978/953 620/1239/1214
f 628/1242/1217 129/1241/1216 627/1308/1279
f 131/974/949 627/1308/1279 129/1241/1216
f 115/971/946 635/1309/1280 99/1310/1281
f 576/1311/1282 99/1310/1281 635/1309/1280
f 325/1299/1270 324/1243/1218 874/1040/1015
f 876/1041/1016 874/1040/1015 324/1243/1218
f 295/584/561 884/622/599 307/398/375
f 883/1042/1017 307/398/375 884/622/599
f 979/285/262 980/284/261 903/1312/1283
f 904/1043/1018 903/1312/1283 980/284/261
f 995/185/162 996/188/165 919/1313/1284
f 920/1045/1020 919/1313/1284 996/188/165
f 1011/1074/1049 1012/1047/1022 935/1314/1285
f 936/1049/1024 935/1314/1285 1012/1047/1022
f 1028/171/148 952/1051/1026 1027/1315/1286
f 951/1316/1287 1027/1315/1286 952/1051/1026
f 1043/281/258 1044/274/251 341/1300/1271
f 342/1000/975 341/1300/1271 1044/274/251
f 357/1301/1272 1059/1317/1288 358/1005/980
f 1060/1054/1029 358/1005/980 1059/1317/1288
f 1086/1057/1032 1073/1058/1033 1085/1177/1152
f 1072/1318/1289 1085/1177/1152 1073/1058/1033
f 1116/1319/1290 1117/1059/1034 1103/1320/1291
f 1104/1061/1036 1103/1320/1291 1117/1059/1034
f 1131/1064/1039 1092/632/609 1130/1321/1292
f 1091/764/739 1130/1321/1292 1092/632/609
f 1146/1322/1293 1121/634/611 1108/770/745
f 1082/635/612 1108/770/745 1121/634/611
f 1163/235/212 1137/1067/1042 1162/233/210
f 1136/1323/1294 1162/233/210 1137/1067/1042
f 1179/1069/1044 1049/760/735 1178/1324/1295
f 1048/761/736 1178/1324/1295 1049/760/735
f 1064/762/737 1194/1325/1296 1065/763/738
f 1195/1071/1046 1065/763/738 1194/1325/1296
f 498/298/275 1203/1073/1048 1197/213/190
f 1204/197/174 1197/213/190 1203/1073/1048
f 1207/193/170 997/205/182 333/408/385
f 334/206/183 333/408/385 997/205/182
f 1212/1326/1297 492/325/302 872/220/197
f 515/221/198 872/220/197 492/325/302
f 1223/1188/1163 1168/779/754 1222/497/474
f 1167/781/756 1222/497/474 1168/779/754
f 1179/1069/1044 1178/1324/1295 970/624/601
f 971/456/433 970/624/601 1178/1324/1295
f 983/282/259 1043/281/258 984/280/257
f 1232/1077/1052 984/280/257 1043/281/258
f 1292/150/127 1291/1078/1053 216/1297/1268
f 218/1079/1054 216/1297/1268 1291/1078/1053
f 1241/1327/1298 373/1328/1299 1242/1081/1056
f 374/1259/1233 1242/1081/1056 373/1328/1299
f 381/1225/1200 382/882/857 1249/1329/1300
f 1250/1084/1059 1249/1329/1300 382/882/857
f 1257/1330/1301 389/1331/1302 1258/1087/1062
f 390/1260/1234 1258/1087/1062 389/1331/1302
f 1265/1332/1303 397/1227/1202 1266/1090/1065
f 398/883/858 1266/1090/1065 397/1227/1202
f 1273/1333/1304 405/1334/1305 1274/1094/1069
f 406/1261/1235 1274/1094/1069 405/1334/1305
f 1282/1097/1072 1281/1335/1306 414/885/860
f 413/1228/1203 414/885/860 1281/1335/1306
f 1174/807/782 1295/292/269 1068/470/447
f 1294/291/268 1068/470/447 1295/292/269
f 851/156/133 820/1102/1077 850/158/135
f 819/1265/1239 850/158/135 820/1102/1077
f 871/154/131 810/1336/1307 841/1167/1142
f 809/1337/1308 841/1167/1142 810/1336/1307
f 822/1100/1075 790/1338/1309 821/1099/1074
f 789/1101/1076 821/1099/1074 790/1338/1309
f 806/808/783 774/1339/1310 805/524/501
f 773/1104/1079 805/524/501 774/1339/1310
f 790/1338/1309 758/1340/1311 789/1101/1076
f 757/1107/1082 789/1101/1076 758/1340/1311
f 774/1339/1310 742/1341/1312 773/1104/1079
f 741/1108/1083 773/1104/1079 742/1341/1312
f 757/1107/1082 758/1340/1311 725/1111/1086
f 726/1342/1313 725/1111/1086 758/1340/1311
f 742/1341/1312 710/1343/1314 741/1108/1083
f 709/1113/1088 741/1108/1083 710/1343/1314
f 725/1114/1089 726/1344/1315 693/1115/1090
f 694/1345/1316 693/1115/1090 726/1344/1315
f 710/1346/1317 678/1347/1318 709/1118/1093
f 677/1119/1094 709/1118/1093 678/1347/1318
f 661/1123/1098 693/1115/1090 662/1348/1319
f 694/1345/1316 662/1348/1319 693/1115/1090
f 645/1125/1100 677/1119/1094 646/1349/1320
f 678/1347/1318 646/1349/1320 677/1119/1094
f 447/693/670 1304/860/835 423/1350/1321
f 1305/1126/1101 423/1350/1321 1304/860/835
f 455/686/663 1320/857/832 431/1351/1322
f 1321/1128/1103 431/1351/1322 1320/857/832
f 1336/851/826 1337/1131/1106 463/683/660
f 439/1352/1323 463/683/660 1337/1131/1106
f 465/966/941 472/1353/1324 1340/849/824
f 1349/1133/1108 1340/849/824 472/1353/1324
f 1357/1135/1110 1324/845/820 480/1354/1325
f 457/965/940 480/1354/1325 1324/845/820
f 1308/839/814 449/962/937 1365/1137/1112
f 488/1355/1326 1365/1137/1112 449/962/937
f 226/395/372 231/405/382 225/1356/1327
f 230/145/122 225/1356/1327 231/405/382
f 112/419/396 242/710/687 110/421/398
f 241/1357/1328 110/421/398 242/710/687
f 250/1291/1262 129/1241/1216 249/1358/1329
f 127/913/888 249/1358/1329 129/1241/1216
f 141/906/881 256/1140/1115 144/907/882
f 257/1359/1330 144/907/882 256/1140/1115
f 161/1237/1212 159/903/878 266/1293/1264
f 265/1360/1331 266/1293/1264 159/903/878
f 273/1361/1332 274/1294/1265 175/899/874
f 177/1235/1210 175/899/874 274/1294/1265
f 281/1362/1333 282/1295/1266 191/896/871
f 193/1234/1209 191/896/871 282/1295/1266
f 290/1296/1267 209/1231/1206 289/1363/1334
f 207/890/865 289/1363/1334 209/1231/1206
f 311/1298/1269 298/619/596 310/1364/1335
f 297/620/597 310/1364/1335 298/619/596
f 306/1365/1336 305/165/142 319/806/781
f 318/1262/1236 319/806/781 305/165/142
f 376/937/912 375/938/913 323/915/890
f 322/914/889 323/915/890 375/938/913
f 391/941/916 338/189/166 392/942/917
f 339/278/255 392/942/917 338/189/166
f 407/944/919 354/1366/1337 408/945/920
f 355/1367/1338 408/945/920 354/1366/1337
f 578/1368/1339 577/1369/1340 518/1370/1341
f 517/1371/1342 518/1370/1341 577/1369/1340
f 585/1372/1343 525/1373/1344 586/1374/1345
f 526/1375/1346 586/1374/1345 525/1373/1344
f 594/1376/1347 593/1377/1348 534/1378/1349
f 533/1379/1350 534/1378/1349 593/1377/1348
f 602/1380/1351 601/1381/1352 542/1382/1353
f 541/1383/1354 542/1382/1353 601/1381/1352
f 609/1384/1355 549/1385/1356 610/1386/1357
f 550/1387/1358 610/1386/1357 549/1385/1356
f 617/1388/1359 557/1389/1360 618/1390/1361
f 558/1391/1362 618/1390/1361 557/1389/1360
f 625/1392/1363 565/1393/1364 626/1394/1365
f 566/1395/1366 626/1394/1365 565/1393/1364
f 634/1396/1367 633/1397/1368 574/1398/1369
f 573/1399/1370 574/1398/1369 633/1397/1368
f 872/220/197 514/222/199 873/1244/1219
f 513/347/324 873/1244/1219 514/222/199
f 881/1400/1371 882/1401/1372 507/314/291
f 508/333/310 507/314/291 882/1401/1372
f 901/1402/1373 900/1403/1374 977/273/250
f 976/269/246 977/273/250 900/1403/1374
f 992/183/160 993/182/159 916/1404/1375
f 917/1405/1376 916/1404/1375 993/182/159
f 1009/196/173 933/1406/1377 1008/645/622
f 932/1407/1378 1008/645/622 933/1406/1377
f 1025/174/151 949/1408/1379 1024/175/152
f 948/1409/1380 1024/175/152 949/1408/1379
f 964/1410/1381 1040/255/232 965/1411/1382
f 1041/260/237 965/1411/1382 1040/255/232
f 354/1366/1337 1056/488/465 355/1367/1338
f 1057/489/466 355/1367/1338 1056/488/465
f 832/247/224 1031/246/223 833/172/149
f 1030/173/150 833/172/149 1031/246/223
f 1083/479/456 1070/1412/1383 1082/635/612
f 1069/768/743 1082/635/612 1070/1412/1383
f 1113/482/459 1114/483/460 1100/1413/1384
f 1101/1414/1385 1100/1413/1384 1114/483/460
f 1128/1415/1386 1089/925/900 1127/1416/1387
f 1088/1250/1225 1127/1416/1387 1089/925/900
f 1143/1417/1388 1144/1418/1389 1118/1060/1035
f 1119/1252/1226 1118/1060/1035 1144/1418/1389
f 1160/249/226 1134/1419/1390 1159/252/229
f 1133/1420/1391 1159/252/229 1134/1419/1390
f 1067/471/448 1175/1421/1392 1068/470/447
f 1174/807/782 1068/470/447 1175/1421/1392
f 1062/1249/1224 1061/1053/1028 1192/496/473
f 1191/1187/1162 1192/496/473 1061/1053/1028
f 1012/1047/1022 1202/1422/1393 1013/1048/1023
f 1201/1423/1394 1013/1048/1023 1202/1422/1393
f 1208/199/176 1006/201/178 1206/209/186
f 1005/210/187 1206/209/186 1006/201/178
f 837/523/500 1212/1326/1297 838/168/145
f 872/220/197 838/168/145 1212/1326/1297
f 1195/1071/1046 1215/494/471 1176/1072/1047
f 1214/495/472 1176/1072/1047 1215/494/471
f 1190/1424/1395 1189/1425/1396 1224/1426/1397
f 1226/240/217 1224/1426/1397 1189/1425/1396
f 1042/265/242 1041/260/237 1154/263/240
f 1155/262/239 1154/263/240 1041/260/237
f 1178/1324/1295 1177/499/476 971/456/433
f 972/457/434 971/456/433 1177/499/476
f 214/875/850 212/874/849 1241/1327/1298
f 1239/1189/1164 1241/1327/1298 212/874/849
f 97/1223/1198 101/865/840 1249/1329/1300
f 1248/1427/1398 1249/1329/1300 101/865/840
f 124/1428/1399 1256/1429/1400 126/1430/1401
f 1257/1330/1301 126/1430/1401 1256/1429/1400
f 140/1431/1402 1264/1432/1403 145/1433/1404
f 1265/1332/1303 145/1433/1404 1264/1432/1403
f 158/1434/1405 156/1435/1406 1273/1333/1304
f 1272/1436/1407 1273/1333/1304 156/1435/1406
f 174/1437/1408 172/1438/1409 1281/1335/1306
f 1280/1439/1410 1281/1335/1306 172/1438/1409
f 1297/293/270 855/296/273 856/225/202
f 306/1365/1336 856/225/202 855/296/273
f 820/1102/1077 851/156/133 821/1099/1074
f 852/163/140 821/1099/1074 851/156/133
f 836/525/502 804/526/503 835/176/153
f 803/1264/1238 835/176/153 804/526/503
f 825/661/638 793/1440/1411 824/1196/1171
f 792/1441/1412 824/1196/1171 793/1440/1411
f 808/1442/1413 809/1337/1308 776/1443/1414
f 777/1444/1415 776/1443/1414 809/1337/1308
f 793/1440/1411 761/1445/1416 792/1441/1412
f 760/1446/1417 792/1441/1412 761/1445/1416
f 776/1443/1414 777/1444/1415 744/1447/1418
f 745/1448/1419 744/1447/1418 777/1444/1415
f 760/1446/1417 761/1445/1416 728/1449/1420
f 729/1450/1421 728/1449/1420 761/1445/1416
f 744/1447/1418 745/1448/1419 712/1451/1422
f 713/1452/1423 712/1451/1422 745/1448/1419
f 728/1453/1424 729/1454/1425 696/1455/1426
f 697/1456/1427 696/1455/1426 729/1454/1425
f 713/1457/1428 681/1458/1429 712/1459/1430
f 680/1460/1431 712/1459/1430 681/1458/1429
f 697/1456/1427 665/1461/1432 696/1455/1426
f 664/1462/1433 696/1455/1426 665/1461/1432
f 681/1458/1429 649/1463/1434 680/1460/1431
f 648/1464/740 680/1460/1431 649/1463/1434
f 1300/581/558 446/1222/1197 1301/1465/1435
f 422/1466/1436 1301/1465/1435 446/1222/1197
f 1316/574/551 454/1219/1194 1317/1467/1437
f 430/1468/1438 1317/1467/1437 454/1219/1194
f 1333/1469/1439 1332/572/549 438/1470/1440
f 462/1217/1192 438/1470/1440 1332/572/549
f 468/1471/1441 444/1216/1191 1347/1472/1442
f 1344/566/543 1347/1472/1442 444/1216/1191
f 1328/562/539 1355/1473/1443 460/1213/1188
f 477/1474/1444 460/1213/1188 1355/1473/1443
f 452/1211/1186 1312/559/536 485/1475/1445
f 1363/1476/1446 485/1475/1445 1312/559/536
f 224/290/267 223/1477/1447 229/879/854
f 228/148/125 229/879/854 223/1477/1447
f 241/1357/1328 111/1082/1057 240/1138/1113
f 109/794/769 240/1138/1113 111/1082/1057
f 248/1139/1114 124/1428/1399 249/1358/1329
f 126/1430/1401 249/1358/1329 124/1428/1399
f 257/1359/1330 145/1433/1404 258/1292/1263
f 142/1089/1064 258/1292/1263 145/1433/1404
f 265/1360/1331 264/1141/1116 158/1434/1405
f 156/1435/1406 158/1434/1405 264/1141/1116
f 172/1438/1409 174/1437/1408 272/1142/1117
f 273/1361/1332 272/1142/1117 174/1437/1408
f 281/1362/1333 280/1143/1118 190/792/767
f 188/1478/1448 190/792/767 280/1143/1118
f 206/995/970 289/1363/1334 204/996/971
f 288/1144/1119 204/996/971 289/1363/1334
f 217/1479/1449 310/1364/1335 225/1356/1327
f 309/1145/1120 225/1356/1327 310/1364/1335
f 318/1262/1236 317/1146/1121 224/290/267
f 223/1477/1447 224/290/267 317/1146/1121
f 375/938/913 374/1259/1233 322/914/889
f 321/454/431 322/914/889 374/1259/1233
f 390/1260/1234 337/180/157 391/941/916
f 338/189/166 391/941/916 337/180/157
f 406/1261/1235 353/1480/1450 407/944/919
f 354/1366/1337 407/944/919 353/1480/1450
f 98/969/944 577/1481/1451 100/968/943
f 578/1482/1452 100/968/943 577/1481/1451
f 213/991/966 215/708/685 586/1483/1453
f 585/1484/1454 586/1483/1453 215/708/685
f 199/706/683 593/1485/1455 197/986/961
f 594/1486/1456 197/986/961 593/1485/1455
f 601/1487/1457 602/1488/1458 183/704/681
f 181/983/958 183/704/681 602/1488/1458
f 165/980/955 167/703/680 610/1489/1459
f 609/1490/1460 610/1489/1459 167/703/680
f 617/1491/1461 618/1492/1462 151/700/677
f 149/977/952 151/700/677 618/1492/1462
f 626/1493/1463 133/976/951 625/1494/1464
f 135/698/675 625/1494/1464 133/976/951
f 634/1495/1465 117/973/948 633/1496/1466
f 119/696/673 633/1496/1466 117/973/948
f 864/450/427 847/451/428 863/1166/1141
f 846/1497/1467 863/1166/1141 847/451/428
f 871/154/131 841/1167/1142 295/584/561
f 870/916/891 295/584/561 841/1167/1142
f 232/403/380 227/397/374 881/1400/1371
f 882/1401/1372 881/1400/1371 227/397/374
f 900/1403/1374 899/1498/1468 976/269/246
f 975/270/247 976/269/246 899/1498/1468
f 991/184/161 992/183/160 915/1499/1469
f 916/1404/1375 915/1499/1469 992/183/160
f 1008/645/622 932/1407/1378 1007/200/177
f 931/1500/1470 1007/200/177 932/1407/1378
f 947/1501/1471 1023/1502/1472 948/1409/1380
f 1024/175/152 948/1409/1380 1023/1502/1472
f 1040/255/232 964/1410/1381 1039/256/233
f 963/1503/1473 1039/256/233 964/1410/1381
f 353/1480/1450 1055/641/618 354/1366/1337
f 1056/488/465 354/1366/1337 1055/641/618
f 833/172/149 1028/171/148 834/809/784
f 1027/1315/1286 834/809/784 1028/171/148
f 1112/637/614 1113/482/459 1099/1504/1474
f 1100/1413/1384 1099/1504/1474 1113/482/459
f 1127/1416/1387 1088/1250/1225 1126/1505/1475
f 1087/1055/1030 1126/1505/1475 1088/1250/1225
f 1142/1506/1476 1143/1417/1388 1117/1059/1034
f 1118/1060/1035 1117/1059/1034 1143/1417/1388
f 1158/253/230 1159/252/229 1132/1507/1477
f 1133/1420/1391 1132/1507/1477 1159/252/229
f 854/166/143 855/296/273 1293/659/636
f 1296/295/272 1293/659/636 855/296/273
f 1061/1053/1028 1060/1054/1029 1191/1187/1162
f 1190/1424/1395 1191/1187/1162 1060/1054/1029
f 1201/1423/1394 1202/1422/1393 496/330/307
f 497/337/314 496/330/307 1202/1422/1393
f 1209/212/189 1208/199/176 329/881/856
f 330/716/693 329/881/856 1208/199/176
f 836/525/502 1211/1508/1478 837/523/500
f 1212/1326/1297 837/523/500 1211/1508/1478
f 1176/1072/1047 1214/495/472 1175/1421/1392
f 1213/224/201 1175/1421/1392 1214/495/472
f 1189/1425/1396 1188/1183/1158 1226/240/217
f 1225/241/218 1226/240/217 1188/1183/1158
f 1040/255/232 1157/254/231 1041/260/237
f 1156/261/238 1041/260/237 1157/254/231
f 1181/1257/1231 1228/266/243 1182/934/909
f 1227/268/245 1182/934/909 1228/266/243
f 1236/288/265 1235/791/766 890/149/126
f 367/147/124 890/149/126 1235/791/766
f 372/1148/1123 368/880/855 1240/1509/1479
f 1237/790/765 1240/1509/1479 368/880/855
f 1248/1427/1398 1247/1190/1165 380/999/974
f 379/998/973 380/999/974 1247/1190/1165
f 1255/1191/1166 387/409/386 1256/1429/1400
f 388/1149/1124 1256/1429/1400 387/409/386
f 1263/1192/1167 395/1002/977 1264/1432/1403
f 396/1003/978 1264/1432/1403 395/1002/977
f 1271/1193/1168 403/412/389 1272/1436/1407
f 404/1150/1125 1272/1436/1407 403/412/389
f 1280/1439/1410 1279/1194/1169 412/1006/981
f 411/1004/979 412/1006/981 1279/1194/1169
f 419/417/394 372/1148/1123 1287/1195/1170
f 1240/1509/1479 1287/1195/1170 372/1148/1123
f 809/1337/1308 808/1442/1413 841/1167/1142
f 888/1168/1143 841/1167/1142 808/1442/1413
f 825/661/638 824/1196/1171 1297/293/270
f 1296/295/272 1297/293/270 824/1196/1171
f 826/660/637 794/1510/1480 825/661/638
f 793/1440/1411 825/661/638 794/1510/1480
f 809/1337/1308 810/1336/1307 777/1444/1415
f 778/1511/1481 777/1444/1415 810/1336/1307
f 794/1510/1480 762/1512/1482 793/1440/1411
f 761/1445/1416 793/1440/1411 762/1512/1482
f 777/1444/1415 778/1511/1481 745/1448/1419
f 746/1513/1483 745/1448/1419 778/1511/1481
f 762/1512/1482 730/1514/1484 761/1445/1416
f 729/1450/1421 761/1445/1416 730/1514/1484
f 746/1513/1483 714/1515/1485 745/1448/1419
f 713/1452/1423 745/1448/1419 714/1515/1485
f 730/1516/1486 698/1517/1487 729/1454/1425
f 697/1456/1427 729/1454/1425 698/1517/1487
f 713/1457/1428 714/1518/1488 681/1458/1429
f 682/1519/1489 681/1458/1429 714/1518/1488
f 698/1517/1487 666/1520/1490 697/1456/1427
f 665/1461/1432 697/1456/1427 666/1520/1490
f 682/1519/1489 650/1521/1491 681/1458/1429
f 649/1463/1434 681/1458/1429 650/1521/1491
f 445/580/557 1300/581/558 421/1522/1492
f 1301/1465/1435 421/1522/1492 1300/581/558
f 453/575/552 1316/574/551 429/1523/1493
f 1317/1467/1437 429/1523/1493 1316/574/551
f 437/1524/1494 461/570/547 1333/1469/1439
f 1332/572/549 1333/1469/1439 461/570/547
f 1347/1472/1442 1344/566/543 470/1525/1495
f 467/568/545 470/1525/1495 1344/566/543
f 459/564/541 478/1526/1496 1328/562/539
f 1355/1473/1443 1328/562/539 478/1526/1496
f 1312/559/536 451/558/535 1363/1476/1446
f 486/1527/1497 1363/1476/1446 451/558/535
f 232/403/380 231/405/382 227/397/374
f 226/395/372 227/397/374 231/405/382
f 242/710/687 113/1080/1055 241/1357/1328
f 111/1082/1057 241/1357/1328 113/1080/1055
f 249/1358/1329 126/1430/1401 250/1291/1262
f 128/1086/1061 250/1291/1262 126/1430/1401
f 256/1140/1115 140/1431/1402 257/1359/1330
f 145/1433/1404 257/1359/1330 140/1431/1402
f 266/1293/1264 265/1360/1331 160/1093/1068
f 158/1434/1405 160/1093/1068 265/1360/1331
f 174/1437/1408 176/1096/1071 273/1361/1332
f 274/1294/1265 273/1361/1332 176/1096/1071
f 282/1295/1266 281/1362/1333 192/793/768
f 190/792/767 192/793/768 281/1362/1333
f 208/652/629 290/1296/1267 206/995/970
f 289/1363/1334 206/995/970 290/1296/1267
f 216/1297/1268 311/1298/1269 217/1479/1449
f 310/1364/1335 217/1479/1449 311/1298/1269
f 225/1356/1327 230/145/122 217/1479/1449
f 889/144/121 217/1479/1449 230/145/122
f 377/505/482 376/937/912 324/1243/1218
f 323/915/890 324/1243/1218 376/937/912
f 340/1076/1051 393/510/487 339/278/255
f 392/942/917 339/278/255 393/510/487
f 408/945/920 355/1367/1338 409/516/493
f 356/1528/1498 409/516/493 355/1367/1338
f 100/968/943 578/1482/1452 102/695/672
f 579/1302/1273 102/695/672 578/1482/1452
f 211/989/964 213/991/966 587/1303/1274
f 586/1483/1453 587/1303/1274 213/991/966
f 197/986/961 594/1486/1456 195/988/963
f 595/1304/1275 195/988/963 594/1486/1456
f 179/984/959 181/983/958 603/1305/1276
f 602/1488/1458 603/1305/1276 181/983/958
f 611/1306/1277 163/981/956 610/1489/1459
f 165/980/955 610/1489/1459 163/981/956
f 618/1492/1462 619/1307/1278 149/977/952
f 147/978/953 149/977/952 619/1307/1278
f 131/974/949 133/976/951 627/1308/1279
f 626/1493/1463 627/1308/1279 133/976/951
f 117/973/948 634/1495/1465 115/971/946
f 635/1309/1280 115/971/946 634/1495/1465
f 303/587/564 304/1147/1122 869/157/134
f 866/155/132 869/157/134 304/1147/1122
f 326/997/972 325/1299/1270 875/1258/1232
f 874/1040/1015 875/1258/1232 325/1299/1270
f 227/397/374 307/398/375 882/1401/1372
f 883/1042/1017 882/1401/1372 307/398/375
f 977/273/250 978/272/249 901/1402/1373
f 902/1529/1499 901/1402/1373 978/272/249
f 993/182/159 994/186/163 917/1405/1376
f 918/1530/1500 917/1405/1376 994/186/163
f 1009/196/173 1010/198/175 933/1406/1377
f 934/1531/1501 933/1406/1377 1010/198/175
f 1025/174/151 1026/177/154 949/1408/1379
f 950/1532/1502 949/1408/1379 1026/177/154
f 1042/265/242 966/1533/1503 1041/260/237
f 965/1411/1382 1041/260/237 966/1533/1503
f 355/1367/1338 1057/489/466 356/1528/1498
f 1058/1182/1157 356/1528/1498 1057/489/466
f 1023/1502/1472 836/525/502 835/176/153
f 835/176/153 1024/175/152 1023/1502/1472
f 1084/477/454 1071/1534/1504 1083/479/456
f 1070/1412/1383 1083/479/456 1071/1534/1504
f 1114/483/460 1115/1179/1154 1101/1414/1385
f 1102/1535/1097 1101/1414/1385 1115/1179/1154
f 1129/1536/1505 1090/766/741 1128/1415/1386
f 1089/925/900 1128/1415/1386 1090/766/741
f 1144/1418/1389 1145/1537/1506 1119/1252/1226
f 1120/927/902 1119/1252/1226 1145/1537/1506
f 1161/231/208 1135/1538/1507 1160/249/226
f 1134/1419/1390 1160/249/226 1135/1538/1507
f 1066/631/608 1176/1072/1047 1067/471/448
f 1175/1421/1392 1067/471/448 1176/1072/1047
f 1063/924/899 1062/1249/1224 1193/498/475
f 1192/496/473 1193/498/475 1062/1249/1224
f 498/298/275 497/337/314 1203/1073/1048
f 1202/1422/1393 1203/1073/1048 497/337/314
f 1207/193/170 333/408/385 1205/208/185
f 332/588/565 1205/208/185 333/408/385
f 1198/642/619 1212/1326/1297 1210/214/191
f 1211/1508/1478 1210/214/191 1212/1326/1297
f 1216/1185/1160 1215/494/471 1194/1325/1296
f 1195/1071/1046 1194/1325/1296 1215/494/471
f 1224/1426/1397 1226/240/217 1169/639/616
f 1170/242/219 1169/639/616 1226/240/217
f 1153/264/241 1152/776/751 1042/265/242
f 967/918/893 1042/265/242 1152/776/751
f 1180/1070/1045 1229/935/910 1181/1257/1231
f 1228/266/243 1181/1257/1231 1229/935/910
f 196/872/847 194/1224/1199 1288/289/266
f 1236/288/265 1288/289/266 194/1224/1199
f 1239/1189/1164 371/404/381 1241/1327/1298
f 373/1328/1299 1241/1327/1298 371/404/381
f 1249/1329/1300 1248/1427/1398 381/1225/1200
f 380/999/974 381/1225/1200 1248/1427/1398
f 1256/1429/1400 388/1149/1124 1257/1330/1301
f 389/1331/1302 1257/1330/1301 388/1149/1124
f 1264/1432/1403 396/1003/978 1265/1332/1303
f 397/1227/1202 1265/1332/1303 396/1003/978
f 1272/1436/1407 404/1150/1125 1273/1333/1304
f 405/1334/1305 1273/1333/1304 404/1150/1125
f 1281/1335/1306 1280/1439/1410 413/1228/1203
f 412/1006/981 413/1228/1203 1280/1439/1410
f 855/296/273 854/166/143 306/1365/1336
f 305/165/142 306/1365/1336 854/166/143
f 833/172/149 801/811/786 832/247/224
f 800/817/792 832/247/224 801/811/786
f 846/1497/1467 847/451/428 815/662/639
f 816/814/789 815/662/639 847/451/428
f 824/1196/1171 792/1441/1412 823/1197/1172
f 791/1539/1508 823/1197/1172 792/1441/1412
f 807/1263/1237 808/1442/1413 775/1540/1509
f 776/1443/1414 775/1540/1509 808/1442/1413
f 792/1441/1412 760/1446/1417 791/1539/1508
f 759/1541/1510 791/1539/1508 760/1446/1417
f 775/1540/1509 776/1443/1414 743/1542/1511
f 744/1447/1418 743/1542/1511 776/1443/1414
f 760/1446/1417 728/1449/1420 759/1541/1510
f 727/1543/1512 759/1541/1510 728/1449/1420
f 744/1447/1418 712/1451/1422 743/1542/1511
f 711/1544/1513 743/1542/1511 712/1451/1422
f 727/1545/1514 728/1453/1424 695/1546/1515
f 696/1455/1426 695/1546/1515 728/1453/1424
f 712/1459/1430 680/1460/1431 711/1547/1516
f 679/1548/1517 711/1547/1516 680/1460/1431
f 663/1549/1518 695/1546/1515 664/1462/1433
f 696/1455/1426 664/1462/1433 695/1546/1515
f 647/1550/1519 679/1548/1517 648/1464/740
f 680/1460/1431 648/1464/740 679/1548/1517
f 446/1222/1197 1302/692/669 422/1466/1436
f 1303/1551/1520 422/1466/1436 1302/692/669
f 454/1219/1194 1318/687/664 430/1468/1438
f 1319/1552/1521 430/1468/1438 1318/687/664
f 438/1470/1440 462/1217/1192 1335/1553/1522
f 1334/685/662 1335/1553/1522 462/1217/1192
f 466/847/822 471/1132/1107 1342/680/657
f 1348/1554/1523 1342/680/657 471/1132/1107
f 1356/1555/1524 1326/678/655 479/1134/1109
f 458/843/818 479/1134/1109 1326/678/655
f 1310/676/653 450/840/815 1364/1556/1525
f 487/1136/1111 1364/1556/1525 450/840/815
f 98/969/944 234/970/945 99/1310/1281
f 235/1290/1261 99/1310/1281 234/970/945
f 99/1310/1281 235/1290/1261 115/971/946
f 243/972/947 115/971/946 235/1290/1261
f 251/975/950 131/974/949 250/1291/1262
f 129/1241/1216 250/1291/1262 131/974/949
f 143/1240/1215 258/1292/1263 147/978/953
f 259/979/954 147/978/953 258/1292/1263
f 163/981/956 161/1237/1212 267/982/957
f 266/1293/1264 267/982/957 161/1237/1212
f 179/984/959 177/1235/1210 275/985/960
f 274/1294/1265 275/985/960 177/1235/1210
f 282/1295/1266 283/987/962 193/1234/1209
f 195/988/963 193/1234/1209 283/987/962
f 209/1231/1206 290/1296/1267 211/989/964
f 291/990/965 211/989/964 290/1296/1267
f 311/1298/1269 312/992/967 298/619/596
f 299/993/968 298/619/596 312/992/967
f 223/1477/1447 222/401/378 228/148/125
f 890/149/126 228/148/125 222/401/378
f 324/1243/1218 325/1299/1270 377/505/482
f 378/504/481 377/505/482 325/1299/1270
f 394/512/489 393/510/487 341/1300/1271
f 340/1076/1051 341/1300/1271 393/510/487
f 409/516/493 356/1528/1498 410/517/494
f 357/1301/1272 410/517/494 356/1528/1498
f 579/1008/983 578/1368/1339 519/1009/984
f 518/1370/1341 519/1009/984 578/1368/1339
f 527/1014/989 587/1015/990 526/1375/1346
f 586/1374/1345 526/1375/1346 587/1015/990
f 595/1017/992 594/1376/1347 535/1019/994
f 534/1378/1349 535/1019/994 594/1376/1347
f 603/1021/996 602/1380/1351 543/1023/998
f 542/1382/1353 543/1023/998 602/1380/1351
f 611/1025/1000 610/1386/1357 551/1027/1002
f 550/1387/1358 551/1027/1002 610/1386/1357
f 618/1390/1361 558/1391/1362 619/1028/1003
f 559/1029/1004 619/1028/1003 558/1391/1362
f 626/1394/1365 566/1395/1366 627/1032/1007
f 567/1033/1008 627/1032/1007 566/1395/1366
f 635/1037/1012 634/1396/1367 575/1039/1014
f 574/1398/1369 575/1039/1014 634/1396/1367
f 875/1258/1232 874/1040/1015 500/354/331
f 501/345/322 500/354/331 874/1040/1015
f 883/1042/1017 509/339/316 882/1401/1372
f 508/333/310 882/1401/1372 509/339/316
f 903/1312/1283 902/1529/1499 979/285/262
f 978/272/249 979/285/262 902/1529/1499
f 994/186/163 995/185/162 918/1530/1500
f 919/1313/1284 918/1530/1500 995/185/162
f 1010/198/175 1011/1074/1049 934/1531/1501
f 935/1314/1285 934/1531/1501 1011/1074/1049
f 1027/1315/1286 951/1316/1287 1026/177/154
f 950/1532/1502 1026/177/154 951/1316/1287
f 966/1533/1503 1042/265/242 891/919/894
f 967/918/893 891/919/894 1042/265/242
f 356/1528/1498 1058/1182/1157 357/1301/1272
f 1059/1317/1288 357/1301/1272 1058/1182/1157
f 1085/1177/1152 1072/1318/1289 1084/477/454
f 1071/1534/1504 1084/477/454 1072/1318/1289
f 1115/1179/1154 1116/1319/1290 1102/1535/1097
f 1103/1320/1291 1102/1535/1097 1116/1319/1290
f 1130/1321/1292 1091/764/739 1129/1536/1505
f 1090/766/741 1129/1536/1505 1091/764/739
f 1145/1537/1506 1146/1322/1293 1120/927/902
f 1108/770/745 1120/927/902 1146/1322/1293
f 1162/233/210 1136/1323/1294 1161/231/208
f 1135/1538/1507 1161/231/208 1136/1323/1294
f 1048/761/736 1047/650/627 1178/1324/1295
f 1177/499/476 1178/1324/1295 1047/650/627
f 1193/498/475 1194/1325/1296 1063/924/899
f 1064/762/737 1063/924/899 1194/1325/1296
f 1011/1074/1049 1203/1073/1048 1012/1047/1022
f 1202/1422/1393 1012/1047/1022 1203/1073/1048
f 1208/199/176 1206/209/186 330/716/693
f 331/717/694 330/716/693 1206/209/186
f 1212/1326/1297 1198/642/619 492/325/302
f 493/318/295 492/325/302 1198/642/619
f 1217/239/216 1216/1185/1160 1193/498/475
f 1194/1325/1296 1193/498/475 1216/1185/1160
f 1224/1426/1397 1169/639/616 1223/1188/1163
f 1168/779/754 1223/1188/1163 1169/639/616
f 1152/776/751 1151/775/750 967/918/893
f 968/750/725 967/918/893 1151/775/750
f 1179/1069/1044 1230/1075/1050 1180/1070/1045
f 1229/935/910 1180/1070/1045 1230/1075/1050
f 341/1300/1271 340/1076/1051 1043/281/258
f 1232/1077/1052 1043/281/258 340/1076/1051
f 889/144/121 1292/150/127 217/1479/1449
f 216/1297/1268 217/1479/1449 1292/150/127
f 214/875/850 1241/1327/1298 113/1080/1055
f 1242/1081/1056 113/1080/1055 1241/1327/1298
f 96/1083/1058 97/1223/1198 1250/1084/1059
f 1249/1329/1300 1250/1084/1059 97/1223/1198
f 126/1430/1401 1257/1330/1301 128/1086/1061
f 1258/1087/1062 128/1086/1061 1257/1330/1301
f 145/1433/1404 1265/1332/1303 142/1089/1064
f 1266/1090/1065 142/1089/1064 1265/1332/1303
f 160/1093/1068 158/1434/1405 1274/1094/1069
f 1273/1333/1304 1274/1094/1069 158/1434/1405
f 176/1096/1071 174/1437/1408 1282/1097/1072
f 1281/1335/1306 1282/1097/1072 174/1437/1408
f 866/155/132 865/164/141 852/163/140
f 853/658/635 852/163/140 865/164/141
f 887/167/144 888/1168/1143 807/1263/1237
f 808/1442/1413 807/1263/1237 888/1168/1143
f 858/493/470 828/1186/1161 827/948/923
f 796/1199/1174 827/948/923 828/1186/1161
f 823/1197/1172 791/1539/1508 822/1100/1075
f 790/1338/1309 822/1100/1075 791/1539/1508
f 806/808/783 807/1263/1237 774/1339/1310
f 775/1540/1509 774/1339/1310 807/1263/1237
f 791/1539/1508 759/1541/1510 790/1338/1309
f 758/1340/1311 790/1338/1309 759/1541/1510
f 774/1339/1310 775/1540/1509 742/1341/1312
f 743/1542/1511 742/1341/1312 775/1540/1509
f 758/1340/1311 759/1541/1510 726/1342/1313
f 727/1543/1512 726/1342/1313 759/1541/1510
f 742/1341/1312 743/1542/1511 710/1343/1314
f 711/1544/1513 710/1343/1314 743/1542/1511
f 726/1344/1315 727/1545/1514 694/1345/1316
f 695/1546/1515 694/1345/1316 727/1545/1514
f 711/1547/1516 679/1548/1517 710/1346/1317
f 678/1347/1318 710/1346/1317 679/1548/1517
f 662/1348/1319 694/1345/1316 663/1549/1518
f 695/1546/1515 663/1549/1518 694/1345/1316
f 646/1349/1320 678/1347/1318 647/1550/1519
f 679/1548/1517 647/1550/1519 678/1347/1318
f 1302/692/669 447/693/670 1303/1551/1520
f 423/1350/1321 1303/1551/1520 447/693/670
f 1318/687/664 455/686/663 1319/1552/1521
f 431/1351/1322 1319/1552/1521 455/686/663
f 463/683/660 439/1352/1323 1334/685/662
f 1335/1553/1522 1334/685/662 439/1352/1323
f 470/1525/1495 467/568/545 1348/1554/1523
f 1342/680/657 1348/1554/1523 467/568/545
f 1326/678/655 1356/1555/1524 459/564/541
f 478/1526/1496 459/564/541 1356/1555/1524
f 451/558/535 1310/676/653 486/1527/1497
f 1364/1556/1525 486/1527/1497 1310/676/653
f 240/1138/1113 109/794/769 239/367/344
f 107/368/345 239/367/344 109/794/769
f 247/373/350 122/374/351 248/1139/1114
f 124/1428/1399 248/1139/1114 122/374/351
f 255/377/354 138/378/355 256/1140/1115
f 140/1431/1402 256/1140/1115 138/378/355
f 264/1141/1116 263/379/356 156/1435/1406
f 154/381/358 156/1435/1406 263/379/356
f 170/384/361 172/1438/1409 271/386/363
f 272/1142/1117 271/386/363 172/1438/1409
f 280/1143/1118 279/387/364 188/1478/1448
f 186/389/366 188/1478/1448 279/387/364
f 204/996/971 288/1144/1119 202/391/368
f 287/392/369 202/391/368 288/1144/1119
f 225/1356/1327 309/1145/1120 226/395/372
f 308/396/373 226/395/372 309/1145/1120
f 317/1146/1121 316/399/376 223/1477/1447
f 222/401/378 223/1477/1447 316/399/376
f 371/404/381 232/403/380 373/1328/1299
f 320/452/429 373/1328/1299 232/403/380
f 335/187/164 336/181/158 388/1149/1124
f 389/1331/1302 388/1149/1124 336/181/158
f 405/1334/1305 404/1150/1125 352/1557/1526
f 351/1151/1126 352/1557/1526 404/1150/1125
f 99/1310/1281 576/1311/1282 98/969/944
f 577/1481/1451 98/969/944 576/1311/1282
f 585/1484/1454 215/708/685 584/418/395
f 112/419/396 584/418/395 215/708/685
f 201/425/402 592/423/400 199/706/683
f 593/1485/1455 199/706/683 592/423/400
f 600/427/404 601/1487/1457 185/429/406
f 183/704/681 185/429/406 601/1487/1457
f 167/703/680 169/430/407 609/1490/1460
f 608/432/409 609/1490/1460 169/430/407
f 616/435/412 617/1491/1461 153/437/414
f 151/700/677 153/437/414 617/1491/1461
f 135/698/675 137/438/415 625/1494/1464
f 624/440/417 625/1494/1464 137/438/415
f 633/1496/1466 119/696/673 632/442/419
f 121/443/420 632/442/419 119/696/673
f 863/1166/1141 846/1497/1467 862/446/423
f 845/447/424 862/446/423 846/1497/1467
f 232/403/380 881/1400/1371 320/452/429
f 880/453/430 320/452/429 881/1400/1371
f 888/1168/1143 887/167/144 840/917/892
f 839/169/146 840/917/892 887/167/144
f 973/276/253 974/275/252 897/1169/1144
f 898/1558/1527 897/1169/1144 974/275/252
f 990/178/155 914/1559/1528 989/179/156
f 913/1170/1145 989/179/156 914/1559/1528
f 1006/201/178 930/1560/1529 1005/210/187
f 929/1171/1146 1005/210/187 930/1560/1529
f 945/1172/1147 1021/215/192 946/1561/1530
f 1022/1562/1531 946/1561/1530 1021/215/192
f 1037/257/234 1038/259/236 961/1173/1148
f 962/1563/1532 961/1173/1148 1038/259/236
f 352/1557/1526 351/1151/1126 1054/783/758
f 1053/784/759 1054/783/758 351/1151/1126
f 335/187/164 994/186/163 336/181/158
f 993/182/159 336/181/158 994/186/163
f 1110/773/748 1111/774/749 1097/1175/1150
f 1098/1564/1533 1097/1175/1150 1111/774/749
f 1125/1565/1534 1086/1057/1032 1124/1176/1151
f 1085/1177/1152 1124/1176/1151 1086/1057/1032
f 1140/1178/1153 1141/1566/1535 1115/1179/1154
f 1116/1319/1290 1115/1179/1154 1141/1566/1535
f 1156/261/238 1157/254/231 1130/1180/1155
f 1131/1567/1536 1130/1180/1155 1157/254/231
f 1172/789/764 1147/647/624 1146/1181/1156
f 1121/1066/1041 1146/1181/1156 1147/647/624
f 1058/1182/1157 1188/1183/1158 1059/1317/1288
f 1189/1425/1396 1059/1317/1288 1188/1183/1158
f 496/330/307 495/308/285 1201/1423/1394
f 1200/492/469 1201/1423/1394 495/308/285
f 1002/204/181 1207/193/170 1003/211/188
f 1205/208/185 1003/211/188 1207/193/170
f 1021/215/192 1210/214/191 1022/1562/1531
f 1211/1508/1478 1022/1562/1531 1210/214/191
f 1217/239/216 829/236/213 1216/1185/1160
f 828/1186/1161 1216/1185/1160 829/236/213
f 1191/1187/1162 1190/1424/1395 1223/1188/1163
f 1224/1426/1397 1223/1188/1163 1190/1424/1395
f 1160/249/226 1159/252/229 1034/250/227
f 1035/251/228 1034/250/227 1159/252/229
f 979/285/262 978/272/249 1043/281/258
f 1044/274/251 1043/281/258 978/272/249
f 1045/271/248 1044/274/251 976/269/246
f 977/273/250 976/269/246 1044/274/251
f 1233/151/128 889/144/121 1234/501/478
f 369/146/123 1234/501/478 889/144/121
f 371/404/381 1239/1189/1164 370/406/383
f 1238/500/477 370/406/383 1239/1189/1164
f 1247/1190/1165 1246/502/479 379/998/973
f 378/504/481 379/998/973 1246/502/479
f 1254/508/485 386/407/384 1255/1191/1166
f 387/409/386 1255/1191/1166 386/407/384
f 1262/511/488 394/512/489 1263/1192/1167
f 395/1002/977 1263/1192/1167 394/512/489
f 1270/515/492 402/410/387 1271/1193/1168
f 403/412/389 1271/1193/1168 402/410/387
f 1279/1194/1169 1278/519/496 411/1004/979
f 410/517/494 411/1004/979 1278/519/496
f 418/416/393 419/417/394 1286/520/497
f 1287/1195/1170 1286/520/497 419/417/394
f 871/154/131 842/153/130 810/1336/1307
f 811/528/505 810/1336/1307 842/153/130
f 828/1186/1161 829/236/213 796/1199/1174
f 797/536/513 796/1199/1174 829/236/213
f 827/948/923 796/1199/1174 795/1568/1537
f 764/1200/1175 795/1568/1537 796/1199/1174
f 811/528/505 812/529/506 779/1569/1538
f 780/1198/1173 779/1569/1538 812/529/506
f 795/1568/1537 764/1200/1175 763/1570/1539
f 732/1202/1177 763/1570/1539 764/1200/1175
f 779/1569/1538 780/1198/1173 747/1571/1540
f 748/1201/1176 747/1571/1540 780/1198/1173
f 732/1202/1177 700/1204/1179 763/1570/1539
f 731/1572/1541 763/1570/1539 700/1204/1179
f 748/1201/1176 716/1203/1178 747/1571/1540
f 715/1573/1542 747/1571/1540 716/1203/1178
f 731/1574/1543 700/1207/1182 699/1575/1544
f 668/1208/1183 699/1575/1544 700/1207/1182
f 716/1576/1180 684/1577/1181 715/1578/1545
f 683/1579/1546 715/1578/1545 684/1577/1181
f 668/1208/1183 636/1210/1185 699/1575/1544
f 667/1580/1547 699/1575/1544 636/1210/1185
f 684/1577/1181 652/1581/1184 683/1579/1546
f 651/1582/1548 683/1579/1546 652/1581/1184
f 1299/1583/1549 420/1215/1190 1298/1584/1550
f 444/1216/1191 1298/1584/1550 420/1215/1190
f 452/1211/1186 1314/1585/1551 428/1212/1187
f 1315/1586/1552 428/1212/1187 1314/1585/1551
f 1330/1587/1553 1331/1588/1554 460/1213/1188
f 436/1214/1189 460/1213/1188 1331/1588/1554
f 468/1471/1441 1346/1589/1555 444/1216/1191
f 1298/1584/1550 444/1216/1191 1346/1589/1555
f 460/1213/1188 477/1474/1444 1330/1587/1553
f 1354/1590/1556 1330/1587/1553 477/1474/1444
f 1314/1585/1551 452/1211/1186 1362/1591/1557
f 485/1475/1445 1362/1591/1557 452/1211/1186
f 110/421/398 241/1357/1328 108/888/863
f 240/1138/1113 108/888/863 241/1357/1328
f 125/911/886 248/1139/1114 127/913/888
f 249/1358/1329 127/913/888 248/1139/1114
f 144/907/882 257/1359/1330 143/1240/1215
f 258/1292/1263 143/1240/1215 257/1359/1330
f 159/903/878 157/902/877 265/1360/1331
f 264/1141/1116 265/1360/1331 157/902/877
f 175/899/874 173/898/873 273/1361/1332
f 272/1142/1117 273/1361/1332 173/898/873
f 191/896/871 189/897/872 281/1362/1333
f 280/1143/1118 281/1362/1333 189/897/872
f 289/1363/1334 207/890/865 288/1144/1119
f 205/892/867 288/1144/1119 207/890/865
f 310/1364/1335 297/620/597 309/1145/1120
f 296/744/719 309/1145/1120 297/620/597
f 305/165/142 304/1147/1122 318/1262/1236
f 317/1146/1121 318/1262/1236 304/1147/1122
f 374/1259/1233 373/1328/1299 321/454/431
f 320/452/429 321/454/431 373/1328/1299
f 389/1331/1302 336/181/158 390/1260/1234
f 337/180/157 390/1260/1234 336/181/158
f 406/1261/1235 405/1334/1305 353/1480/1450
f 352/1557/1526 353/1480/1450 405/1334/1305
f 577/1369/1340 576/1036/1011 517/1371/1342
f 516/1038/1013 517/1371/1342 576/1036/1011
f 584/1152/1127 524/1153/1128 585/1372/1343
f 525/1373/1344 585/1372/1343 524/1153/1128
f 593/1377/1348 592/1154/1129 533/1379/1350
f 532/1155/1130 533/1379/1350 592/1154/1129
f 601/1381/1352 600/1156/1131 541/1383/1354
f 540/1157/1132 541/1383/1354 600/1156/1131
f 609/1384/1355 608/1158/1133 549/1385/1356
f 548/1159/1134 549/1385/1356 608/1158/1133
f 616/1160/1135 556/1161/1136 617/1388/1359
f 557/1389/1360 617/1388/1359 556/1161/1136
f 624/1162/1137 564/1163/1138 625/1392/1363
f 565/1393/1364 625/1392/1363 564/1163/1138
f 633/1397/1368 632/1164/1139 573/1399/1370
f 572/1165/1140 573/1399/1370 632/1164/1139
f 300/994/969 864/450/427 299/993/968
f 863/1166/1141 299/993/968 864/450/427
f 295/584/561 294/585/562 871/154/131
f 859/152/129 871/154/131 294/585/562
f 881/1400/1371 507/314/291 880/453/430
f 506/313/290 880/453/430 507/314/291
f 838/168/145 872/220/197 839/169/146
f 873/1244/1219 839/169/146 872/220/197
f 975/270/247 899/1498/1468 974/275/252
f 898/1558/1527 974/275/252 899/1498/1468
f 990/178/155 991/184/161 914/1559/1528
f 915/1499/1469 914/1559/1528 991/184/161
f 1007/200/177 931/1500/1470 1006/201/178
f 930/1560/1529 1006/201/178 931/1500/1470
f 1023/1502/1472 947/1501/1471 1022/1562/1531
f 946/1561/1530 1022/1562/1531 947/1501/1471
f 1039/256/233 963/1503/1473 1038/259/236
f 962/1563/1532 1038/259/236 963/1503/1473
f 352/1557/1526 1054/783/758 353/1480/1450
f 1055/641/618 353/1480/1450 1054/783/758
f 1027/1315/1286 1026/177/154 834/809/784
f 835/176/153 834/809/784 1026/177/154
f 1111/774/749 1112/637/614 1098/1564/1533
f 1099/1504/1474 1098/1564/1533 1112/637/614
f 1126/1505/1475 1087/1055/1030 1125/1565/1534
f 1086/1057/1032 1125/1565/1534 1087/1055/1030
f 1141/1566/1535 1142/1506/1476 1116/1319/1290
f 1117/1059/1034 1116/1319/1290 1142/1506/1476
f 1157/254/231 1158/253/230 1131/1567/1536
f 1132/1507/1477 1131/1567/1536 1158/253/230
f 856/225/202 306/1365/1336 1173/223/200
f 319/806/781 1173/223/200 306/1365/1336
f 1059/1317/1288 1189/1425/1396 1060/1054/1029
f 1190/1424/1395 1060/1054/1029 1189/1425/1396
f 1201/1423/1394 1200/492/469 1013/1048/1023
f 1014/1184/1159 1013/1048/1023 1200/492/469
f 332/588/565 331/717/694 1205/208/185
f 1206/209/186 1205/208/185 331/717/694
f 836/525/502 1023/1502/1472 1211/1508/1478
f 1022/1562/1531 1211/1508/1478 1023/1502/1472
f 1175/1421/1392 1213/224/201 1174/807/782
f 1173/223/200 1174/807/782 1213/224/201
f 1187/490/467 1219/244/221 1188/1183/1158
f 1225/241/218 1188/1183/1158 1219/244/221
f 1036/258/235 1035/251/228 1157/254/231
f 1158/253/230 1157/254/231 1035/251/228
f 1183/785/760 1182/934/909 1218/646/623
f 1227/268/245 1218/646/623 1182/934/909
f 194/1224/1199 192/793/768 1236/288/265
f 1235/791/766 1236/288/265 192/793/768
f 1240/1509/1479 1237/790/765 188/1478/1448
f 190/792/767 188/1478/1448 1237/790/765
f 101/865/840 103/863/838 1248/1427/1398
f 1247/1190/1165 1248/1427/1398 103/863/838
f 122/374/351 1255/1191/1166 124/1428/1399
f 1256/1429/1400 124/1428/1399 1255/1191/1166
f 138/378/355 1263/1192/1167 140/1431/1402
f 1264/1432/1403 140/1431/1402 1263/1192/1167
f 156/1435/1406 154/381/358 1272/1436/1407
f 1271/1193/1168 1272/1436/1407 154/381/358
f 1279/1194/1169 1280/1439/1410 170/384/361
f 172/1438/1409 170/384/361 1280/1439/1410
f 1287/1195/1170 1240/1509/1479 186/389/366
f 188/1478/1448 186/389/366 1240/1509/1479
f 853/658/635 1293/659/636 822/1100/1075
f 823/1197/1172 822/1100/1075 1293/659/636
f 844/449/426 813/530/507 843/527/504
f 812/529/506 843/527/504 813/530/507
f 827/948/923 795/1568/1537 826/660/637
f 794/1510/1480 826/660/637 795/1568/1537
f 810/1336/1307 811/528/505 778/1511/1481
f 779/1569/1538 778/1511/1481 811/528/505
f 795/1568/1537 763/1570/1539 794/1510/1480
f 762/1512/1482 794/1510/1480 763/1570/1539
f 778/1511/1481 779/1569/1538 746/1513/1483
f 747/1571/1540 746/1513/1483 779/1569/1538
f 762/1512/1482 763/1570/1539 730/1514/1484
f 731/1572/1541 730/1514/1484 763/1570/1539
f 746/1513/1483 747/1571/1540 714/1515/1485
f 715/1573/1542 714/1515/1485 747/1571/1540
f 731/1574/1543 699/1575/1544 730/1516/1486
f 698/1517/1487 730/1516/1486 699/1575/1544
f 714/1518/1488 715/1578/1545 682/1519/1489
f 683/1579/1546 682/1519/1489 715/1578/1545
f 699/1575/1544 667/1580/1547 698/1517/1487
f 666/1520/1490 698/1517/1487 667/1580/1547
f 683/1579/1546 651/1582/1548 682/1519/1489
f 650/1521/1491 682/1519/1489 651/1582/1548
f 421/1522/1492 1299/1583/1549 445/580/557
f 1298/1584/1550 445/580/557 1299/1583/1549
f 1314/1585/1551 453/575/552 1315/1586/1552
f 429/1523/1493 1315/1586/1552 453/575/552
f 1331/1588/1554 1330/1587/1553 437/1524/1494
f 461/570/547 437/1524/1494 1330/1587/1553
f 1346/1589/1555 469/578/555 1298/1584/1550
f 445/580/557 1298/1584/1550 469/578/555
f 1330/1587/1553 1354/1590/1556 461/570/547
f 476/571/548 461/570/547 1354/1590/1556
f 453/575/552 1314/1585/1551 484/577/554
f 1362/1591/1557 484/577/554 1314/1585/1551
f 102/695/672 237/694/671 100/968/943
f 236/864/839 100/968/943 237/694/671
f 117/973/948 244/866/841 119/696/673
f 245/697/674 119/696/673 244/866/841
f 133/976/951 252/867/842 135/698/675
f 253/699/676 135/698/675 252/867/842
f 151/700/677 149/977/952 261/701/678
f 260/868/843 261/701/678 149/977/952
f 268/869/844 269/702/679 165/980/955
f 167/703/680 165/980/955 269/702/679
f 183/704/681 181/983/958 277/705/682
f 276/870/845 277/705/682 181/983/958
f 197/986/961 284/871/846 199/706/683
f 285/707/684 199/706/683 284/871/846
f 213/991/966 292/873/848 215/708/685
f 293/709/686 215/708/685 292/873/848
f 314/711/688 301/712/689 313/878/853
f 300/994/969 313/878/853 301/712/689
f 1291/1078/1053 202/391/368 1290/715/692
f 200/393/370 1290/715/692 202/391/368
f 328/786/761 329/881/856 381/1225/1200
f 382/882/857 381/1225/1200 329/881/856
f 397/1227/1202 344/1226/1201 398/883/858
f 345/884/859 398/883/858 344/1226/1201
f 414/885/860 413/1228/1203 361/886/861
f 360/1229/1204 361/886/861 413/1228/1203
f 580/1010/985 520/1011/986 581/728/705
f 521/729/706 581/728/705 520/1011/986
f 588/1013/988 528/1012/987 589/732/707
f 529/733/708 589/732/707 528/1012/987
f 597/734/709 596/1016/991 537/735/710
f 536/1018/993 537/735/710 596/1016/991
f 605/736/711 604/1020/995 545/737/712
f 544/1022/997 545/737/712 604/1020/995
f 613/738/713 612/1592/999 553/739/714
f 552/1593/1001 553/739/714 612/1592/999
f 620/1030/1005 560/1031/1006 621/740/715
f 561/741/716 621/740/715 560/1031/1006
f 628/1034/1009 568/1035/1010 629/742/717
f 569/743/718 629/742/717 568/1035/1010
f 296/744/719 860/745/720 294/585/562
f 859/152/129 294/585/562 860/745/720
f 877/746/721 503/360/337 876/1041/1016
f 502/342/319 876/1041/1016 503/360/337
f 885/747/722 873/1244/1219 512/356/333
f 513/347/324 512/356/333 873/1244/1219
f 906/1245/1220 982/283/260 907/920/895
f 983/282/259 907/920/895 982/283/260
f 923/921/896 922/1246/1221 999/195/172
f 998/203/180 999/195/172 922/1246/1221
f 939/922/897 938/1247/1222 1015/643/620
f 1014/1184/1159 1015/643/620 938/1247/1222
f 1030/173/150 1031/246/223 954/1248/1223
f 955/923/898 954/1248/1223 1031/246/223
f 1046/649/626 1047/650/627 344/1226/1201
f 345/884/859 344/1226/1201 1047/650/627
f 361/886/861 360/1229/1204 1063/924/899
f 1062/1249/1224 1063/924/899 360/1229/1204
f 1089/925/900 1076/926/901 1088/1250/1225
f 1075/1251/1099 1088/1250/1225 1076/926/901
f 1119/1252/1226 1120/927/902 1106/1253/1227
f 1107/928/903 1106/1253/1227 1120/927/902
f 1133/1594/1228 1134/929/904 1094/1595/449
f 1109/930/905 1094/1595/449 1134/929/904
f 1150/931/906 1124/932/907 1149/267/244
f 1123/1255/1229 1149/267/244 1124/932/907
f 1165/238/215 1166/237/214 1139/1256/1230
f 1140/933/908 1139/1256/1230 1166/237/214
f 1052/468/445 1051/469/446 1182/934/909
f 1181/1257/1231 1182/934/909 1051/469/446
f 327/787/762 326/997/972 1196/788/763
f 875/1258/1232 1196/788/763 326/997/972
f 829/236/213 1163/235/212 830/232/209
f 1162/233/210 830/232/209 1163/235/212
f 1230/1075/1050 1151/775/750 1229/935/910
f 1150/931/906 1229/935/910 1151/775/750
f 1288/289/266 221/402/379 1289/714/691
f 220/876/851 1289/714/691 221/402/379
f 111/1082/1057 1243/936/911 109/794/769
f 1244/795/770 109/794/769 1243/936/911
f 114/1085/1060 1251/939/914 116/796/771
f 1252/797/772 116/796/771 1251/939/914
f 130/1088/1063 1259/940/915 132/798/773
f 1260/799/774 132/798/773 1259/940/915
f 146/1091/1066 1267/943/918 148/800/775
f 1268/801/776 148/800/775 1267/943/918
f 164/803/778 162/1092/1067 1276/802/777
f 1275/946/921 1276/802/777 162/1092/1067
f 180/804/779 178/1095/1070 1284/805/780
f 1283/947/922 1284/805/780 178/1095/1070
f 1068/470/447 1294/291/268 366/415/392
f 233/1098/1073 366/415/392 1294/291/268
f 850/158/135 819/1265/1239 849/160/137
f 818/949/924 849/160/137 819/1265/1239
f 845/447/424 846/1497/1467 814/531/508
f 815/662/639 814/531/508 846/1497/1467
f 819/1265/1239 787/1266/1240 818/949/924
f 786/950/925 818/949/924 787/1266/1240
f 802/810/785 803/1264/1238 770/951/926
f 771/1267/1241 770/951/926 803/1264/1238
f 787/1266/1240 755/1268/1242 786/950/925
f 754/952/927 786/950/925 755/1268/1242
f 770/951/926 771/1267/1241 738/953/928
f 739/1269/1243 738/953/928 771/1267/1241
f 755/1268/1242 723/1270/1244 754/952/927
f 722/954/929 754/952/927 723/1270/1244
f 739/1269/1243 707/1271/1245 738/953/928
f 706/955/930 738/953/928 707/1271/1245
f 722/956/931 723/1272/1246 690/957/932
f 691/1273/1247 690/957/932 723/1272/1246
f 706/958/933 707/1274/1248 674/959/934
f 675/1275/1249 674/959/934 707/1274/1248
f 691/1273/1247 659/1276/1250 690/957/932
f 658/960/935 690/957/932 659/1276/1250
f 675/1275/1249 643/1277/1251 674/959/934
f 642/961/936 674/959/934 643/1277/1251
f 1306/1278/1252 449/962/937 1307/1279/1253
f 425/963/938 1307/1279/1253 449/962/937
f 433/964/939 1323/1283/1255 457/965/940
f 1322/1281/1254 457/965/940 1323/1283/1255
f 465/966/941 441/967/942 1338/1284/1256
f 1339/1285/1257 1338/1284/1256 441/967/942
f 1338/1284/1256 1350/1286/1258 465/966/941
f 472/1353/1324 465/966/941 1350/1286/1258
f 1358/1288/1259 480/1354/1325 1322/1281/1254
f 457/965/940 1322/1281/1254 480/1354/1325
f 449/962/937 1306/1278/1252 488/1355/1326
f 1366/1289/1260 488/1355/1326 1306/1278/1252
f 238/369/346 105/370/347 237/694/671
f 103/863/838 237/694/671 105/370/347
f 245/697/674 118/653/630 246/371/348
f 120/372/349 246/371/348 118/653/630
f 253/699/676 134/654/631 254/375/352
f 136/376/353 254/375/352 134/654/631
f 262/380/357 261/701/678 152/382/359
f 150/655/632 152/382/359 261/701/678
f 166/656/633 168/383/360 269/702/679
f 270/385/362 269/702/679 168/383/360
f 278/388/365 277/705/682 184/390/367
f 182/657/634 184/390/367 277/705/682
f 285/707/684 198/713/690 286/394/371
f 200/393/370 286/394/371 198/713/690
f 293/709/686 214/875/850 242/710/687
f 113/1080/1055 242/710/687 214/875/850
f 220/876/851 221/402/379 314/711/688
f 315/400/377 314/711/688 221/402/379
f 1288/289/266 1289/714/691 196/872/847
f 198/713/690 196/872/847 1289/714/691
f 385/507/484 384/719/696 332/588/565
f 331/717/694 332/588/565 384/719/696
f 400/722/699 347/723/700 401/514/491
f 348/589/566 401/514/491 347/723/700
f 417/522/499 416/724/701 364/590/567
f 363/726/703 364/590/567 416/724/701
f 583/420/397 110/421/398 582/889/864
f 108/888/863 582/889/864 110/421/398
f 590/893/868 591/422/399 205/892/867
f 203/424/401 205/892/867 591/422/399
f 598/895/870 599/426/403 189/897/872
f 187/428/405 189/897/872 599/426/403
f 171/431/408 173/898/873 607/433/410
f 606/900/875 607/433/410 173/898/873
f 614/904/879 615/434/411 157/902/877
f 155/436/413 157/902/877 615/434/411
f 139/439/416 141/906/881 623/441/418
f 622/908/883 623/441/418 141/906/881
f 123/445/422 125/911/886 631/444/421
f 630/910/885 631/444/421 125/911/886
f 861/448/425 844/449/426 860/745/720
f 843/527/504 860/745/720 844/449/426
f 866/155/132 304/1147/1122 865/164/141
f 305/165/142 865/164/141 304/1147/1122
f 321/454/431 879/455/432 322/914/889
f 878/621/598 322/914/889 879/455/432
f 295/584/561 870/916/891 884/622/599
f 886/623/600 884/622/599 870/916/891
f 970/624/601 894/625/602 969/748/723
f 893/749/724 969/748/723 894/625/602
f 909/752/727 985/279/256 910/626/603
f 986/192/169 910/626/603 985/279/256
f 1002/204/181 926/627/604 1001/202/179
f 925/754/729 1001/202/179 926/627/604
f 1017/218/195 1018/217/194 941/756/731
f 942/628/605 941/756/731 1018/217/194
f 1033/248/225 1034/250/227 957/759/734
f 958/629/606 957/759/734 1034/250/227
f 348/589/566 347/723/700 1050/630/607
f 1049/760/735 1050/630/607 347/723/700
f 363/726/703 1065/763/738 364/590/567
f 1066/631/608 364/590/567 1065/763/738
f 1092/632/609 1079/633/610 1091/764/739
f 1078/765/740 1091/764/739 1079/633/610
f 1096/1174/1149 1081/1596/450 1109/930/905
f 1094/1595/449 1109/930/905 1081/1596/450
f 1136/772/747 1137/636/613 1111/774/749
f 1112/637/614 1111/774/749 1137/636/613
f 1152/776/751 1153/264/241 1126/778/753
f 1127/638/615 1126/778/753 1153/264/241
f 1169/639/616 1143/640/617 1168/779/754
f 1142/780/755 1168/779/754 1143/640/617
f 1054/783/758 1184/228/205 1055/641/618
f 1185/227/204 1055/641/618 1184/228/205
f 493/318/295 1198/642/619 494/311/288
f 1199/491/468 494/311/288 1198/642/619
f 1209/212/189 1008/645/622 1208/199/176
f 1007/200/177 1208/199/176 1008/645/622
f 830/232/209 1161/231/208 831/287/264
f 1160/249/226 831/287/264 1161/231/208
f 1218/646/623 1221/226/203 1183/785/760
f 1184/228/205 1183/785/760 1221/226/203
f 368/880/855 367/147/124 1237/790/765
f 1235/791/766 1237/790/765 367/147/124
f 1245/503/480 1244/795/770 377/505/482
f 376/937/912 377/505/482 1244/795/770
f 1252/797/772 384/719/696 1253/506/483
f 385/507/484 1253/506/483 384/719/696
f 393/510/487 1261/509/486 392/942/917
f 1260/799/774 392/942/917 1261/509/486
f 1268/801/776 400/722/699 1269/513/490
f 401/514/491 1269/513/490 400/722/699
f 408/945/920 409/516/493 1276/802/777
f 1277/518/495 1276/802/777 409/516/493
f 1285/521/498 1284/805/780 417/522/499
f 416/724/701 417/522/499 1284/805/780
f 849/160/137 818/949/924 848/162/139
f 817/812/787 848/162/139 818/949/924
f 844/449/426 845/447/424 813/530/507
f 814/531/508 813/530/507 845/447/424
f 815/662/639 816/814/789 783/663/640
f 784/815/790 783/663/640 816/814/789
f 800/817/792 768/818/793 799/664/641
f 767/665/642 799/664/641 768/818/793
f 783/663/640 784/815/790 751/666/643
f 752/819/794 751/666/643 784/815/790
f 768/818/793 736/822/797 767/665/642
f 735/667/644 767/665/642 736/822/797
f 751/666/643 752/819/794 719/668/645
f 720/824/799 719/668/645 752/819/794
f 735/667/644 736/822/797 703/669/646
f 704/826/801 703/669/646 736/822/797
f 719/670/647 720/827/802 687/671/648
f 688/829/804 687/671/648 720/827/802
f 704/833/808 672/834/809 703/672/649
f 671/673/650 703/672/649 672/834/809
f 655/674/651 687/671/648 656/836/811
f 688/829/804 656/836/811 687/671/648
f 639/675/652 671/673/650 640/838/813
f 672/834/809 640/838/813 671/673/650
f 450/840/815 1310/676/653 426/842/817
f 1311/677/654 426/842/817 1310/676/653
f 1326/678/655 1327/679/656 458/843/818
f 434/844/819 458/843/818 1327/679/656
f 1342/680/657 1343/681/658 466/847/822
f 442/848/823 466/847/822 1343/681/658
f 1352/684/661 1334/685/662 475/1218/1193
f 462/1217/1192 475/1218/1193 1334/685/662
f 1318/687/664 454/1219/1194 1360/689/666
f 483/1220/1195 1360/689/666 454/1219/1194
f 491/1221/1196 1368/690/667 446/1222/1197
f 1302/692/669 446/1222/1197 1368/690/667
f 1427/1597/1558 1577/1598/1559 1573/1599/1560
f 1427/1597/1558 1428/1600/1561 1559/1601/1562
f 1508/1602/1563 1575/1603/1564 1568/1604/1565
f 1628/1605/1566 1627/1606/1567 1632/1607/1568
f 1632/1607/1568 1627/1606/1567 1623/1608/1569
f 1528/1609/1570 1626/1610/1571 1527/1611/1572
f 1529/1612/1573 1530/1613/1574 1621/1614/1575
f 1623/1608/1569 1627/1606/1567 1626/1610/1571
f 1626/1610/1571 1621/1614/1575 1623/1608/1569
f 1657/1615/1576 1567/1616/1577 1537/1617/1578
f 1657/1615/1576 1552/1618/1579 1571/1619/1580
f 1552/1618/1579 1657/1615/1576 1537/1617/1578
f 1537/1617/1578 1567/1616/1577 1656/1620/1581
f 1656/1620/1581 1569/1621/1582 1546/1622/1583
f 1546/1622/1583 1537/1617/1578 1656/1620/1581
f 1569/1621/1582 1661/1623/1584 1546/1622/1583
f 1577/1598/1559 1427/1597/1558 1559/1601/1562
f 1559/1601/1562 1546/1622/1583 1661/1623/1584
f 1661/1623/1584 1577/1598/1559 1559/1601/1562
f 1653/1624/1585 1506/1625/1586 1564/1626/1587
f 1653/1624/1585 1566/1627/1588 1507/1628/1589
f 1507/1628/1589 1506/1625/1586 1653/1624/1585
f 1660/1629/1590 1571/1619/1580 1552/1618/1579
f 1552/1618/1579 1568/1604/1565 1660/1629/1590
f 1622/1630/1591 1624/1631/1592 1717/1632/1593
f 1625/1633/1594 1717/1632/1593 1624/1631/1592
f 1717/1632/1593 1625/1633/1594 1623/1608/1569
f 2311/1634/1595 2316/1635/1596 2260/1636/1597
f 2243/1637/1598 2277/1638/1599 2319/1639/1600
f 2226/1640/1601 2294/1641/1602 2322/1642/1603
f 2164/1643/1604 2492/1644/1605 2113/1645/1606
f 2030/1646/1607 2364/1647/1608 2031/1648/1609
f 2384/1649/1610 2052/1650/1611 1926/1651/1612
f 1862/1652/1613 1861/1653/1614 2561/1654/1615
f 2572/1655/1616 2495/1656/1617 2433/1657/1618
f 2637/1658/1619 2450/1659/1620 2449/1660/1621
f 2570/1661/1622 2479/1662/1623 2721/1663/1624
f 2763/1664/1625 2528/1665/1626 2512/1666/1627
f 2836/1667/1628 2837/1668/1629 1812/1669/1630
f 2847/1670/1631 2514/1671/1632 2848/1672/1633
f 2515/1673/1634 2847/1670/1631 2848/1672/1633
f 3023/1674/1635 2948/1675/1636 2966/1676/1637
f 3020/1677/1638 2930/1678/1639 3024/1679/1640
f 2984/1680/1641 3026/1681/1642 2912/1682/1643
f 3002/1683/1644 2912/1682/1643 3026/1681/1642
f 3055/1684/1645 3056/1685/1646 3102/1686/1647
f 3048/1687/1648 3102/1686/1647 3056/1685/1646
f 3055/1684/1645 3102/1686/1647 3046/1688/1649
f 3057/1689/1650 3049/1690/1651 3098/1691/1652
f 3098/1691/1652 3056/1685/1646 3057/1689/1650
f 3056/1685/1646 3098/1691/1652 3048/1687/1648
f 3055/1684/1645 3046/1688/1649 3107/1692/1653
f 3107/1692/1653 3054/1693/1654 3055/1684/1645
f 3054/1693/1654 3107/1692/1653 3045/1694/1655
f 3092/1695/1656 3058/1696/1657 3050/1697/1658
f 3092/1695/1656 3049/1690/1651 3057/1689/1650
f 3058/1696/1657 3092/1695/1656 3057/1689/1650
f 3091/1698/1659 2894/1699/1660 3171/1700/1661
f 3090/1701/1662 3091/1698/1659 3171/1700/1661
f 3080/1702/1663 3208/1703/1664 3207/1704/1665
f 3229/1705/1666 3082/1706/1667 3207/1704/1665
f 3229/1705/1666 3207/1704/1665 3208/1703/1664
f 3229/1705/1666 3208/1703/1664 3089/1707/1668
f 3290/1708/1669 2508/1709/1670 2512/1666/1627
f 3485/1710/1671 3474/1711/1672 3439/1712/1673
f 1370/1713/1674 3488/1714/1675 1388/1715/1676
f 1610/1716/1677 1388/1715/1676 3488/1714/1675
f 3488/1714/1675 1379/1717/1678 1610/1716/1677
f 3270/1718/1679 2762/1719/1680 3269/1720/1681
f 3306/1721/1682 3308/1722/1683 3307/1723/1684
f 3306/1721/1682 3305/1724/1684 3544/1725/1685
f 3308/1722/1683 3306/1721/1682 3544/1725/1685
f 3522/1726/1686 3299/1727/1687 3300/1728/1688
f 3547/1729/1689 3520/1730/1690 3523/1731/1691
f 3547/1729/1689 3523/1731/1691 3542/1732/1692
f 3560/1733/1693 1692/1734/1694 2767/1735/1695
f 3560/1733/1693 2778/1736/1696 1676/1737/1697
f 3559/1738/1698 2765/1739/1699 2764/1740/1700
f 1684/1741/1701 3558/1742/1702 1683/1743/1703
f 1682/1744/1704 1683/1743/1703 3558/1742/1702
f 3558/1742/1702 1681/1745/1705 1682/1744/1704
f 2770/1746/1706 2771/1747/1707 3551/1748/1708
f 3551/1748/1708 2771/1747/1707 2772/1749/1709
f 3658/1750/1710 2487/1751/1711 2486/1752/1712
f 3658/1750/1710 2495/1656/1617 2572/1655/1616
f 2572/1655/1616 2487/1751/1711 3658/1750/1710
f 3660/1753/1713 2433/1657/1618 2495/1656/1617
f 3660/1753/1713 2494/1754/1714 2412/1755/1715
f 2433/1657/1618 3660/1753/1713 2412/1755/1715
f 1606/1756/1716 1607/1757/1717 3663/1758/1718
f 3663/1758/1718 1416/1759/1719 1606/1756/1716
f 1607/1757/1717 1425/1760/1720 3663/1758/1718
f 3664/1761/1721 1856/1762/1722 1896/1763/1723
f 3664/1761/1721 2480/1764/1724 2488/1765/1725
f 1856/1762/1722 3664/1761/1721 2488/1765/1725
f 1416/1759/1719 3667/1766/1726 1606/1756/1716
f 1605/1767/1727 1606/1756/1716 3667/1766/1726
f 3667/1766/1726 1407/1768/1728 1605/1767/1727
f 3668/1769/1729 1856/1762/1722 1815/1770/1730
f 1815/1770/1730 1855/1771/1731 3668/1769/1729
f 1856/1762/1722 3668/1769/1729 1896/1763/1723
f 1609/1772/1732 1556/1773/1733 3671/1774/1734
f 3671/1774/1734 1607/1757/1717 1609/1772/1732
f 1607/1757/1717 3671/1774/1734 1425/1760/1720
f 3672/1775/1735 2488/1765/1725 2480/1764/1724
f 3672/1775/1735 2482/1776/1736 2489/1777/1737
f 2488/1765/1725 3672/1775/1735 2489/1777/1737
f 3676/1778/1738 1815/1770/1730 1736/1779/1739
f 1736/1779/1739 1738/1780/1740 3676/1778/1738
f 1815/1770/1730 3676/1778/1738 1855/1771/1731
f 1407/1768/1728 3675/1781/1741 1605/1767/1727
f 1604/1782/1742 1605/1767/1727 3675/1781/1741
f 3675/1781/1741 1397/1783/1743 1604/1782/1742
f 1608/1784/1744 1543/1785/1745 3679/1786/1746
f 3679/1786/1746 1609/1772/1732 1608/1784/1744
f 1609/1772/1732 3679/1786/1746 1556/1773/1733
f 3680/1787/1747 2490/1788/1748 2489/1777/1737
f 2489/1777/1737 2482/1776/1736 3680/1787/1747
f 2490/1788/1748 3680/1787/1747 2484/1789/1749
f 3082/1706/1667 3691/1790/1750 3207/1704/1665
f 3206/1791/1751 3207/1704/1665 3691/1790/1750
f 3691/1790/1750 3073/1792/1752 3206/1791/1751
f 3692/1793/1753 2535/1794/1754 2841/1795/1755
f 2840/1796/1756 2533/1797/1757 3692/1793/1753
f 2841/1795/1755 2840/1796/1756 3692/1793/1753
f 2837/1668/1629 1813/1798/1758 3693/1799/1759
f 3694/1800/1760 2849/1801/1761 2851/1802/1762
f 2851/1802/1762 2548/1803/1763 3694/1800/1760
f 2849/1801/1761 3694/1800/1760 2546/1804/1764
f 2584/1805/1765 2852/1806/1766 3697/1807/1767
f 2853/1808/1768 3697/1807/1767 2852/1806/1766
f 3697/1807/1767 2853/1808/1768 2513/1809/1769
f 3700/1810/1770 3205/1811/1771 3064/1812/1772
f 3047/1813/1773 3203/1814/1774 3700/1810/1770
f 3203/1814/1774 3205/1811/1771 3700/1810/1770
f 2386/1815/1775 2478/1816/1776 2364/1647/1608
f 2552/1817/1777 2545/1818/1778 2551/1819/1779
f 1410/1820/1780 1411/1821/1781 1419/1822/1782
f 1420/1823/1783 1419/1822/1782 1411/1821/1781
f 1462/1824/1784 1480/1825/1785 1461/1826/1786
f 1479/1827/1787 1461/1826/1786 1480/1825/1785
f 1455/1828/1788 1491/1829/1789 1454/1830/1790
f 1490/1831/1791 1454/1830/1790 1491/1829/1789
f 1475/1832/1792 1502/1833/1793 1474/1834/1794
f 1501/1835/1795 1474/1834/1794 1502/1833/1793
f 1560/1836/1796 1561/1837/1797 1547/1838/1798
f 1548/1839/1799 1547/1838/1798 1561/1837/1797
f 1581/1840/1800 1445/1841/1801 1580/1842/1802
f 1444/1843/1803 1580/1842/1802 1445/1841/1801
f 1592/1844/1804 1591/1845/1805 1487/1846/1806
f 1460/1847/1807 1487/1846/1806 1591/1845/1805
f 1601/1848/1808 1602/1849/1809 1395/1850/1810
f 1377/1851/1811 1395/1850/1810 1602/1849/1809
f 1616/1852/1812 1615/1853/1813 1385/1854/1814
f 1384/1855/1815 1385/1854/1814 1615/1853/1813
f 1434/1856/1816 1590/1857/1817 1641/1858/1818
f 1642/1859/1819 1641/1858/1818 1590/1857/1817
f 1595/1860/1820 1652/1861/1821 1515/1862/1822
f 1651/1863/1823 1515/1862/1822 1652/1861/1821
f 1375/1864/1824 1376/1865/1825 1668/1866/1826
f 1669/1867/1827 1668/1866/1826 1376/1865/1825
f 1686/1868/1828 1535/1869/1829 1687/1870/1830
f 1576/1871/1830 1687/1870/1830 1535/1869/1829
f 1703/1872/1831 1702/1873/1832 1485/1874/1833
f 1440/1875/1834 1485/1874/1833 1702/1873/1832
f 1512/1876/1835 1554/1877/1836 1711/1878/1837
f 1710/1879/1838 1711/1878/1837 1554/1877/1836
f 1623/1608/1569 1621/1614/1575 1717/1632/1593
f 1715/1880/1839 1717/1632/1593 1621/1614/1575
f 1385/1854/1814 1384/1855/1815 1722/1881/1840
f 1724/1882/1841 1722/1881/1840 1384/1855/1815
f 1728/1883/1842 1380/1884/1843 1732/1885/1844
f 1696/1886/1845 1732/1885/1844 1380/1884/1843
f 1829/1887/1846 1830/1888/1847 1763/1889/1848
f 1765/1890/1849 1763/1889/1848 1830/1888/1847
f 1797/1891/1850 1795/1892/1851 1846/1893/1852
f 1845/1894/1853 1846/1893/1852 1795/1892/1851
f 1864/1895/1854 1865/1896/1855 1823/1897/1856
f 1824/1898/1857 1823/1897/1856 1865/1896/1855
f 1840/1899/1858 1839/1900/1859 1881/1901/1860
f 1880/1902/1861 1881/1901/1860 1839/1900/1859
f 1956/1903/1862 1898/1904/1863 1957/1905/1864
f 1899/1906/1865 1957/1905/1864 1898/1904/1863
f 1915/1907/1866 1973/1908/1867 1914/1909/1868
f 1972/1910/1869 1914/1909/1868 1973/1908/1867
f 1990/1911/1870 2005/1912/1871 1991/1913/1872
f 2004/1914/1873 1991/1913/1872 2005/1912/1871
f 2026/1915/1874 2027/1916/1875 1988/1917/1876
f 1989/1918/1877 1988/1917/1876 2027/1916/1875
f 2083/1919/1878 2084/1920/1879 2104/1921/1880
f 2105/1922/1881 2104/1921/1880 2084/1920/1879
f 2104/1921/1880 2105/1922/1881 2121/1923/1882
f 2122/1924/1883 2121/1923/1882 2105/1922/1881
f 2114/1925/1884 2115/1926/1885 2165/1927/1886
f 2166/1928/1887 2165/1927/1886 2115/1926/1885
f 2173/1929/1888 2122/1924/1883 2174/1930/1889
f 2123/1931/1890 2174/1930/1889 2122/1924/1883
f 2148/1932/1891 2149/1933/1892 2182/1934/1893
f 2183/1935/1894 2182/1934/1893 2149/1933/1892
f 2190/1936/1895 2156/1937/1896 2191/1938/1897
f 2157/1939/1898 2191/1938/1897 2156/1937/1896
f 2267/1940/1899 2268/1941/1900 2233/1942/1901
f 2234/1943/1902 2233/1942/1901 2268/1941/1900
f 2275/1944/1903 2276/1945/1904 2241/1946/1905
f 2242/1947/1906 2241/1946/1905 2276/1945/1904
f 2284/1948/1907 2285/1949/1908 2216/1950/1909
f 2217/1951/1910 2216/1950/1909 2285/1949/1908
f 2292/1952/1911 2293/1953/1912 2224/1954/1913
f 2225/1955/1914 2224/1954/1913 2293/1953/1912
f 2216/1950/1909 2217/1951/1910 2301/1956/1915
f 2302/1957/1916 2301/1956/1915 2217/1951/1910
f 2224/1954/1913 2225/1955/1914 2309/1958/1917
f 2310/1959/1918 2309/1958/1917 2225/1955/1914
f 2326/1960/1919 2324/1961/1920 2072/1962/1921
f 2071/1963/1922 2072/1962/1921 2324/1961/1920
f 2079/1964/1923 2333/1965/1924 2080/1966/1925
f 2334/1967/1926 2080/1966/1925 2333/1965/1924
f 2341/1968/1927 2089/1969/1928 2340/1970/1929
f 2086/1971/1930 2340/1970/1929 2089/1969/1928
f 2351/1972/1931 2252/1973/1932 2350/1974/1933
f 2253/1975/1934 2350/1974/1933 2252/1973/1932
f 2359/1976/1935 2244/1977/1936 2354/1978/1937
f 2245/1979/1938 2354/1978/1937 2244/1977/1936
f 2369/1980/1939 2037/1981/1940 2370/1982/1941
f 2038/1983/1942 2370/1982/1941 2037/1981/1940
f 2366/1984/1943 2388/1985/1944 2365/1986/1945
f 2387/1987/1946 2365/1986/1945 2388/1985/1944
f 2381/1988/1947 2382/1989/1948 2403/1990/1949
f 2404/1991/1950 2403/1990/1949 2382/1989/1948
f 2410/1992/1951 2431/1993/1952 2409/1994/1953
f 2430/1995/1954 2409/1994/1953 2431/1993/1952
f 2425/1996/1955 2446/1997/1956 2424/1998/1957
f 2445/1999/1958 2424/1998/1957 2446/1997/1956
f 2456/2000/1959 2457/2001/1960 1872/2002/1961
f 1873/2003/1962 1872/2002/1961 2457/2001/1960
f 1881/1901/1860 1880/1902/1861 2465/2004/1963
f 2464/2005/1964 2465/2004/1963 1880/1902/1861
f 1888/2006/1965 2472/2007/1966 1889/2008/1967
f 2473/2009/1968 1889/2008/1967 2472/2007/1966
f 2493/2010/1969 2491/2011/1970 2447/2012/1971
f 2426/2013/1972 2447/2012/1971 2491/2011/1970
f 2511/2014/1973 2509/2015/1974 2399/2016/1975
f 2398/2017/1976 2399/2016/1975 2509/2015/1974
f 2551/1819/1779 2534/2018/1977 2550/2019/1978
f 2536/2020/1979 2550/2019/1978 2534/2018/1977
f 2539/2021/1980 2540/2022/1981 2556/2023/1982
f 2561/1654/1615 2556/2023/1982 2540/2022/1981
f 2544/2024/1983 2569/2025/1984 2543/2026/1985
f 2568/2027/1986 2543/2026/1985 2569/2025/1984
f 2575/2028/1987 2408/2029/1988 2574/2030/1989
f 2407/2031/1990 2574/2030/1989 2408/2029/1988
f 2506/2032/1991 2499/2033/1992 2583/2034/1993
f 2582/2035/1994 2583/2034/1993 2499/2033/1992
f 2592/2036/1995 1947/2037/1996 2593/2038/1997
f 1946/2039/1998 2593/2038/1997 1947/2037/1996
f 1938/2040/1999 2601/2041/2000 1939/2042/2001
f 2600/2043/2002 1939/2042/2001 2601/2041/2000
f 2609/2044/2003 2608/2045/2004 1930/2046/2005
f 1931/2047/2006 1930/2046/2005 2608/2045/2004
f 2618/2048/2007 2034/2049/2008 2617/2050/2009
f 2033/2051/2010 2617/2050/2009 2034/2049/2008
f 2042/2052/2011 2041/2053/2012 2626/2054/2013
f 2625/2055/2014 2626/2054/2013 2041/2053/2012
f 2050/2056/2015 2049/2057/2016 2634/2058/2017
f 2633/2059/2018 2634/2058/2017 2049/2057/2016
f 2651/2060/2019 1756/2061/2020 2652/2062/2021
f 1758/2063/2022 2652/2062/2021 1756/2061/2020
f 1788/2064/2023 1790/2065/2024 2667/2066/2025
f 2668/2067/2026 2667/2066/2025 1790/2065/2024
f 2684/2068/2027 2644/2069/2028 2685/2070/2029
f 2645/2071/2030 2685/2070/2029 2644/2069/2028
f 2701/2072/2031 2700/2073/2032 2661/2074/2033
f 2660/2075/2034 2661/2074/2033 2700/2073/2032
f 2676/2076/2035 2677/2077/2036 2716/2078/2037
f 2717/2079/2038 2716/2078/2037 2677/2077/2036
f 2784/2080/2039 2785/2081/2040 2514/2082/2041
f 2548/2083/2042 2514/2082/2041 2785/2081/2040
f 1744/2084/2043 1742/2085/2044 2802/2086/2045
f 2801/2087/2046 2802/2086/2045 1742/2085/2044
f 2809/2088/2047 2810/2089/2048 1758/2063/2022
f 1760/2090/2049 1758/2063/2022 2810/2089/2048
f 1776/2091/2050 1774/2092/2051 2818/2093/2052
f 2817/2094/2053 2818/2093/2052 1774/2092/2051
f 1792/2095/2054 1790/2065/2024 2826/2096/2055
f 2825/2097/2056 2826/2096/2055 1790/2065/2024
f 1808/2098/2057 1806/2099/2058 2834/2100/2059
f 2833/2101/2060 2834/2100/2059 1806/2099/2058
f 2850/2102/2061 2849/1801/1761 2529/2103/2062
f 2546/1804/1764 2529/2103/2062 2849/1801/1761
f 2953/2104/2063 2935/2105/2064 2952/2106/2065
f 2934/2107/2066 2952/2106/2065 2935/2105/2064
f 2968/2108/2067 2969/2109/2068 2895/2110/2069
f 2897/2111/2070 2895/2110/2069 2969/2109/2068
f 2977/2112/2071 2905/2113/2072 2976/2114/2073
f 2904/2115/2074 2976/2114/2073 2905/2113/2072
f 2986/2116/2075 2914/2117/2076 2985/2118/2077
f 2913/2119/2078 2985/2118/2077 2914/2117/2076
f 2921/2120/2079 2993/2121/2080 2922/2122/2081
f 2994/2123/2082 2922/2122/2081 2993/2121/2080
f 2929/2124/2083 3001/2125/2084 2930/1678/1639
f 3002/1683/1644 2930/1678/1639 3001/2125/2084
f 3017/2126/2085 2927/2127/2086 3018/2128/2087
f 2928/2129/2088 3018/2128/2087 2927/2127/2086
f 3027/2130/2089 3055/1684/1645 3028/2131/2090
f 3054/1693/1654 3028/2131/2090 3055/1684/1645
f 3075/2132/2091 3066/2133/2092 3094/2134/2093
f 3093/2135/2094 3094/2134/2093 3066/2133/2092
f 3062/2136/2095 3045/1694/1655 3108/2137/2096
f 3107/1692/1653 3108/2137/2096 3045/1694/1655
f 3129/2138/2097 3130/2139/2098 3116/2140/2099
f 3117/2141/2100 3116/2140/2099 3130/2139/2098
f 2861/2142/2101 3157/2143/2102 2862/2144/2103
f 3158/2145/2104 2862/2144/2103 3157/2143/2102
f 2869/2146/2105 3165/2147/2106 2870/2148/2107
f 3166/2149/2108 2870/2148/2107 3165/2147/2106
f 3060/2150/2109 3175/2151/2110 3052/2152/2111
f 3174/2153/2112 3052/2152/2111 3175/2151/2110
f 2890/2154/2113 2889/2155/2114 3183/2156/2115
f 3184/2157/2116 3183/2156/2115 2889/2155/2114
f 3191/2158/2117 2882/2159/2118 3192/2160/2119
f 2881/2161/2120 3192/2160/2119 2882/2159/2118
f 3199/2162/2121 2874/2163/2122 3200/2164/2123
f 2891/2165/2124 3200/2164/2123 2874/2163/2122
f 2893/2166/2125 3213/2167/2126 2892/2168/2127
f 3201/2169/2128 2892/2168/2127 3213/2167/2126
f 3106/2170/2129 3221/2171/2130 3039/2172/2131
f 3220/2173/2132 3039/2172/2131 3221/2171/2130
f 2731/2174/2133 2730/2175/2134 3238/2176/2135
f 3237/2177/2136 3238/2176/2135 2730/2175/2134
f 3245/2178/2137 3246/2179/2138 2738/2180/2139
f 2739/2181/2140 2738/2180/2139 3246/2179/2138
f 3254/2182/2141 2747/2183/2142 3253/2184/2143
f 2746/2185/2144 3253/2184/2143 2747/2183/2142
f 2754/2186/2145 3261/2187/2146 2755/2188/2147
f 3262/2189/2148 2755/2188/2147 3261/2187/2146
f 3272/2190/2149 3138/2191/2150 3271/2192/2151
f 3139/2193/2152 3271/2192/2151 3138/2191/2150
f 3280/2194/2153 3279/2195/2154 3147/2196/2155
f 3146/2197/2156 3147/2196/2155 3279/2195/2154
f 2512/1666/1627 2528/1665/1626 3290/1708/1669
f 3288/2198/2157 3290/1708/1669 2528/1665/1626
f 3309/2199/2158 3310/2200/2159 2320/2201/2160
f 2088/2202/2161 2320/2201/2160 3310/2200/2159
f 3324/2203/2162 3344/2204/2163 3319/2205/2164
f 3345/2206/2165 3319/2205/2164 3344/2204/2163
f 3361/2207/2166 3362/2208/2167 3079/2209/2168
f 3088/2210/2169 3079/2209/2168 3362/2208/2167
f 2867/2211/2170 3349/2212/2171 2866/2213/2172
f 3348/2214/2173 2866/2213/2172 3349/2212/2171
f 1495/2215/2174 1459/2216/2175 3323/2217/2176
f 3319/2205/2164 3323/2217/2176 1459/2216/2175
f 3480/2218/2177 3444/2219/2178 3483/2220/2179
f 3452/2221/2180 3483/2220/2179 3444/2219/2178
f 3422/2222/2181 3464/2223/2182 3416/2224/2183
f 3465/2225/2184 3416/2224/2183 3464/2223/2182
f 3404/2226/2185 3385/2227/2186 3403/2228/2187
f 3379/2229/2188 3403/2228/2187 3385/2227/2186
f 1451/2230/2189 3373/2231/2190 1496/2232/2191
f 3378/2233/2192 1496/2232/2191 3373/2231/2190
f 2062/2234/2193 2061/2235/2194 3409/2236/2195
f 3408/2237/2196 3409/2236/2195 2061/2235/2194
f 1387/2238/2197 1730/2239/2198 3365/2240/2199
f 3394/2241/2200 3365/2240/2199 1730/2239/2198
f 2891/2242/2201 3471/2243/2202 2892/2244/2203
f 3472/2245/2204 2892/2244/2203 3471/2243/2202
f 2888/2246/2205 2889/2247/2206 3468/2248/2207
f 3469/2249/2208 3468/2248/2207 2889/2247/2206
f 2205/2250/2209 3428/2251/2210 2204/2252/2211
f 3427/2253/2212 2204/2252/2211 3428/2251/2210
f 3312/2254/2213 3486/2255/2214 3357/2256/2215
f 3487/2257/2216 3357/2256/2215 3486/2255/2214
f 3434/2258/2217 2314/2259/2218 3500/2260/2219
f 2087/2261/2220 3500/2260/2219 2314/2259/2218
f 2844/2262/2221 3516/2263/2222 2843/2264/2223
f 3515/2265/2224 2843/2264/2223 3516/2263/2222
f 2088/2266/2225 3310/2267/2225 2089/2268/2226
f 3311/2269/2226 2089/2268/2226 3310/2267/2225
f 3090/2270/2227 3542/2271/2228 3091/2272/2229
f 3523/2273/2229 3091/2272/2229 3542/2271/2228
f 3537/2274/1692 3548/2275/2230 3542/1732/1692
f 3547/1729/1689 3542/1732/1692 3548/2275/2230
f 3549/2276/2231 3560/1733/1693 2766/2277/2232
f 2767/1735/1695 2766/2277/2232 3560/1733/1693
f 1677/2278/2233 1678/2279/2234 3554/2280/2235
f 3555/2281/2236 3554/2280/2235 1678/2279/2234
f 3572/2282/2237 3573/2283/2238 1908/2284/2239
f 1909/2285/2240 1908/2284/2239 3573/2283/2238
f 3588/2286/2241 3589/2287/2242 1924/2288/2243
f 1925/2289/2244 1924/2288/2243 3589/2287/2242
f 3605/2290/2245 2029/2291/2246 3604/2292/2247
f 1996/2293/2248 3604/2292/2247 2029/2291/2246
f 3600/2294/2249 3648/2295/2250 3601/2296/2251
f 3649/2297/2252 3601/2296/2251 3648/2295/2250
f 3579/2298/2253 3631/2299/2253 3580/2300/2254
f 3632/2301/2254 3580/2300/2254 3631/2299/2253
f 3563/2302/2255 3615/2303/2256 3564/2304/2257
f 3616/2305/2258 3564/2304/2257 3615/2303/2256
f 1425/2306/2259 3370/2307/2260 3663/2308/2261
f 3662/2309/2262 3663/2308/2261 3370/2307/2260
f 3678/2310/2263 3679/2311/2264 3383/2312/2265
f 1543/2313/2266 3383/2312/2265 3679/2311/2264
f 3592/2314/2267 3591/2315/2268 3688/2316/2269
f 3687/2317/2270 3688/2316/2269 3591/2315/2268
f 3700/2318/2271 3064/2319/2272 3701/2320/2273
f 3477/2321/2274 3701/2320/2273 3064/2319/2272
f 1409/2322/2275 1410/1820/1780 1418/2323/2276
f 1419/1822/1782 1418/2323/2276 1410/1820/1780
f 1480/1825/1785 1435/2324/2277 1479/1827/1787
f 1433/2325/2278 1479/1827/1787 1435/2324/2277
f 1491/1829/1789 1464/2326/2279 1490/1831/1791
f 1463/2327/2280 1490/1831/1791 1464/2326/2279
f 1502/1833/1793 1457/2328/2281 1501/1835/1795
f 1456/2329/2282 1501/1835/1795 1457/2328/2281
f 1559/1601/1562 1428/1600/1561 1560/1836/1796
f 1429/2330/2283 1560/1836/1796 1428/1600/1561
f 1579/2331/2284 1506/1625/1586 1580/1842/1802
f 1507/1628/1589 1580/1842/1802 1506/1625/1586
f 1461/1826/1786 1479/1827/1787 1591/1845/1805
f 1589/2332/2285 1591/1845/1805 1479/1827/1787
f 1506/1625/1586 1579/2331/2284 1599/2333/2286
f 1600/2334/2287 1599/2333/2286 1579/2331/2284
f 1616/1852/1812 1394/2335/2288 1615/1853/1813
f 1393/2336/2289 1615/1853/1813 1394/2335/2288
f 1642/1859/1819 1595/1860/1820 1641/1858/1818
f 1515/1862/1822 1641/1858/1818 1595/1860/1820
f 1652/1861/1821 1596/2337/2290 1651/1863/1823
f 1524/2338/2291 1651/1863/1823 1596/2337/2290
f 1374/2339/2292 1375/1864/1824 1667/2340/2293
f 1668/1866/1826 1667/2340/2293 1375/1864/1824
f 1535/1869/1829 1686/1868/1828 1659/2341/2294
f 1685/2342/2294 1659/2341/2294 1686/1868/1828
f 1486/2343/2295 1441/2344/2296 1703/1872/1831
f 1702/1873/1832 1703/1872/1831 1441/2344/2296
f 1513/2345/2297 1711/1878/1837 1555/2346/2298
f 1710/1879/1838 1555/2346/2298 1711/1878/1837
f 1620/2347/2299 1622/1630/1591 1715/1880/1839
f 1717/1632/1593 1715/1880/1839 1622/1630/1591
f 1723/2348/2300 1722/1881/1840 1398/2349/2301
f 1399/2350/2302 1398/2349/2301 1722/1881/1840
f 1695/2351/2303 1732/1885/1844 1405/2352/2304
f 1731/2353/2305 1405/2352/2304 1732/1885/1844
f 1828/2354/2306 1829/1887/1846 1761/2355/2307
f 1763/1889/1848 1761/2355/2307 1829/1887/1846
f 1795/1892/1851 1793/2356/2308 1845/1894/1853
f 1844/2357/2309 1845/1894/1853 1793/2356/2308
f 1863/2358/2310 1864/1895/1854 1822/2359/2311
f 1823/1897/1856 1822/2359/2311 1864/1895/1854
f 1838/2360/2312 1879/2361/2313 1839/1900/1859
f 1880/1902/1861 1839/1900/1859 1879/2361/2313
f 1955/2362/2314 1897/2363/2315 1956/1903/1862
f 1898/1904/1863 1956/1903/1862 1897/2363/2315
f 1914/1909/1868 1972/1910/1869 1913/2364/2316
f 1971/2365/2317 1913/2364/2316 1972/1910/1869
f 2002/2366/2318 2004/1914/1873 2003/2367/2319
f 2005/1912/1871 2003/2367/2319 2004/1914/1873
f 2025/2368/2320 2024/2369/2321 1997/2370/2322
f 1996/2293/2248 1997/2370/2322 2024/2369/2321
f 2082/2371/2323 2083/1919/1878 2103/2372/2324
f 2104/1921/1880 2103/2372/2324 2083/1919/1878
f 2103/2372/2324 2104/1921/1880 2120/2373/2325
f 2121/1923/1882 2120/2373/2325 2104/1921/1880
f 2165/1927/1886 2166/1928/1887 2148/1932/1891
f 2149/1933/1892 2148/1932/1891 2166/1928/1887
f 2156/1937/1896 2173/1929/1888 2157/1939/1898
f 2174/1930/1889 2157/1939/1898 2173/1929/1888
f 2182/1934/1893 2183/1935/1894 2131/2374/2326
f 2132/2375/2327 2131/2374/2326 2183/1935/1894
f 2190/1936/1895 2191/1938/1897 2139/2376/2328
f 2140/2377/2329 2139/2376/2328 2191/1938/1897
f 2131/2374/2326 2132/2375/2327 2267/1940/1899
f 2268/1941/1900 2267/1940/1899 2132/2375/2327
f 2139/2376/2328 2140/2377/2329 2275/1944/1903
f 2276/1945/1904 2275/1944/1903 2140/2377/2329
f 2233/1942/1901 2234/1943/1902 2284/1948/1907
f 2285/1949/1908 2284/1948/1907 2234/1943/1902
f 2241/1946/1905 2242/1947/1906 2292/1952/1911
f 2293/1953/1912 2292/1952/1911 2242/1947/1906
f 2301/1956/1915 2302/1957/1916 2250/2378/2330
f 2251/2379/2331 2250/2378/2330 2302/1957/1916
f 2258/2380/2332 2309/1958/1917 2259/2381/2333
f 2310/1959/1918 2259/2381/2333 2309/1958/1917
f 2053/2382/2334 2325/2383/2335 2054/2384/2336
f 2324/1961/1920 2054/2384/2336 2325/2383/2335
f 2333/1965/1924 2332/2385/2337 2062/2386/2338
f 2061/2387/2339 2062/2386/2338 2332/2385/2337
f 2341/1968/1927 2090/2388/2340 2342/2389/2341
f 2087/2390/2342 2342/2389/2341 2090/2388/2340
f 2202/2391/2343 2350/1974/1933 2203/2392/2344
f 2349/2393/2345 2203/2392/2344 2350/1974/1933
f 2195/2394/2346 2358/2395/2347 2194/2396/2348
f 2359/1976/1935 2194/2396/2348 2358/2395/2347
f 2368/2397/2349 2036/2398/2350 2369/1980/1939
f 2037/1981/1940 2369/1980/1939 2036/2398/2350
f 2365/1986/1945 2387/1987/1946 2363/2399/2351
f 2385/2400/2352 2363/2399/2351 2387/1987/1946
f 2380/2401/2353 2381/1988/1947 2402/2402/2354
f 2403/1990/1949 2402/2402/2354 2381/1988/1947
f 2431/1993/1952 2417/2403/2355 2430/1995/1954
f 2416/2404/2356 2430/1995/1954 2417/2403/2355
f 2423/2405/2357 2444/2406/2358 2422/2407/2359
f 2443/2408/2360 2422/2407/2359 2444/2406/2358
f 1933/2409/2361 1934/2410/2362 2455/2411/2363
f 2456/2000/1959 2455/2411/2363 1934/2410/2362
f 2464/2005/1964 2463/2412/2364 1942/2413/2365
f 1941/2414/2366 1942/2413/2365 2463/2412/2364
f 2471/2415/2367 1949/2416/2368 2472/2007/1966
f 1950/2417/2369 2472/2007/1966 1949/2416/2368
f 2491/2011/1970 2492/1644/1605 2426/2013/1972
f 2164/1643/1604 2426/2013/1972 2492/1644/1605
f 2487/1751/1711 2510/2418/2370 2483/2419/2371
f 2481/2420/2372 2483/2419/2371 2510/2418/2370
f 2537/2421/2373 2549/2422/2374 2536/2020/1979
f 2550/2019/1978 2536/2020/1979 2549/2422/2374
f 1856/1762/1722 2488/1765/1725 2560/2423/2375
f 2481/2420/2372 2560/2423/2375 2488/1765/1725
f 2569/2025/1984 2522/2424/2376 2568/2027/1986
f 2523/2425/2377 2568/2027/1986 2522/2424/2376
f 2721/1663/1624 2639/2426/2378 2722/2427/2379
f 2638/2428/2380 2722/2427/2379 2639/2426/2378
f 2578/2429/2381 2446/1997/1956 2582/2035/1994
f 2498/2430/2382 2582/2035/1994 2446/1997/1956
f 2592/2036/1995 1976/2431/2383 2591/2432/2384
f 1977/2433/2385 2591/2432/2384 1976/2431/2383
f 2599/2434/2386 2600/2043/2002 1969/2435/2387
f 1968/2436/2388 1969/2435/2387 2600/2043/2002
f 1960/2437/2389 1961/2438/2390 2608/2045/2004
f 2607/2439/2391 2608/2045/2004 1961/2438/2390
f 2616/2440/2392 1991/2441/2393 2617/2050/2009
f 2004/2442/2394 2617/2050/2009 1991/2441/2393
f 2624/2443/2395 2006/2444/2396 2625/2055/2014
f 1985/2445/2397 2625/2055/2014 2006/2444/2396
f 2019/2446/2398 2021/2447/2399 2632/2448/2400
f 2633/2059/2018 2632/2448/2400 2021/2447/2399
f 2450/1659/1620 2637/1658/1619 1928/2449/2401
f 1927/2450/2402 1928/2449/2401 2637/1658/1619
f 1754/2451/2403 1756/2061/2020 2650/2452/2404
f 2651/2060/2019 2650/2452/2404 1756/2061/2020
f 1786/2453/2405 1788/2064/2023 2666/2454/2406
f 2667/2066/2025 2666/2454/2406 1788/2064/2023
f 2644/2069/2028 2684/2068/2027 2643/2455/2407
f 2683/2456/2408 2643/2455/2407 2684/2068/2027
f 2700/2073/2032 2699/2457/2409 2660/2075/2034
f 2659/2458/2410 2660/2075/2034 2699/2457/2409
f 2675/2459/2411 2676/2076/2035 2715/2460/2412
f 2716/2078/2037 2715/2460/2412 2676/2076/2035
f 2514/2082/2041 2584/2461/2413 2784/2080/2039
f 2783/2462/2414 2784/2080/2039 2584/2461/2413
f 2802/2086/2045 2801/2087/2046 1743/2463/2415
f 1741/2464/2416 1743/2463/2415 2801/2087/2046
f 1757/2465/2417 1759/2466/2418 2809/2088/2047
f 2810/2089/2048 2809/2088/2047 1759/2466/2418
f 2818/2093/2052 2817/2094/2053 1775/2467/2419
f 1773/2468/2420 1775/2467/2419 2817/2094/2053
f 2826/2096/2055 2825/2097/2056 1791/2469/2421
f 1789/2470/2422 1791/2469/2421 2825/2097/2056
f 2834/2100/2059 2833/2101/2060 1807/2471/2423
f 1805/2472/2424 1807/2471/2423 2833/2101/2060
f 2849/1801/1761 2850/2102/2061 2545/1818/1778
f 2532/2473/2425 2545/1818/1778 2850/2102/2061
f 2951/2474/2426 2952/2106/2065 2933/2475/2427
f 2934/2107/2066 2933/2475/2427 2952/2106/2065
f 2968/2108/2067 2967/2476/2428 2932/2477/2429
f 2931/2478/2430 2932/2477/2429 2967/2476/2428
f 2940/2479/2431 2976/2114/2073 2939/2480/2432
f 2975/2481/2433 2939/2480/2432 2976/2114/2073
f 2983/2482/2434 2947/2483/2435 2984/1680/1641
f 2948/1675/1636 2984/1680/1641 2947/2483/2435
f 2992/2484/2436 2902/2485/2437 2993/2121/2080
f 2903/2486/2438 2993/2121/2080 2902/2485/2437
f 3000/2487/2439 2910/2488/2440 3001/2125/2084
f 2911/2489/2441 3001/2125/2084 2910/2488/2440
f 3016/2490/2442 2926/2491/2443 3017/2126/2085
f 2927/2127/2086 3017/2126/2085 2926/2491/2443
f 2913/2119/2078 3003/2492/2444 3033/2493/2445
f 3034/2494/2446 3033/2493/2445 3003/2492/2444
f 3093/2135/2094 3092/1695/1656 3067/2495/2447
f 3050/1697/1658 3067/2495/2447 3092/1695/1656
f 3074/2496/2448 3083/2497/2449 3104/2498/2450
f 3105/2499/2451 3104/2498/2450 3083/2497/2449
f 3128/2500/2452 3129/2138/2097 3115/2501/2453
f 3116/2140/2099 3115/2501/2453 3129/2138/2097
f 3156/2502/2454 3007/2503/2455 3157/2143/2102
f 3008/2504/2456 3157/2143/2102 3007/2503/2455
f 3016/2490/2442 3165/2147/2106 3015/2505/2457
f 3164/2506/2458 3015/2505/2457 3165/2147/2106
f 3174/2153/2112 3175/2151/2110 3053/2507/2459
f 3061/2508/2460 3053/2507/2459 3175/2151/2110
f 3183/2156/2115 3184/2157/2116 2949/2509/2461
f 2950/2510/2462 2949/2509/2461 3184/2157/2116
f 2957/2511/2463 3191/2158/2117 2958/2512/2464
f 3192/2160/2119 2958/2512/2464 3191/2158/2117
f 2965/2513/2465 3199/2162/2121 2966/1676/1637
f 3200/2164/2123 2966/1676/1637 3199/2162/2121
f 3023/1674/1635 3201/2169/2128 3022/2514/2466
f 3213/2167/2126 3022/2514/2466 3201/2169/2128
f 3221/2171/2130 3105/2499/2451 3220/2173/2132
f 3083/2497/2449 3220/2173/2132 3105/2499/2451
f 3238/2176/2135 3237/2177/2136 2688/2515/2467
f 2687/2516/2468 2688/2515/2467 3237/2177/2136
f 3246/2179/2138 3245/2178/2137 2696/2517/2469
f 2695/2518/2470 2696/2517/2469 3245/2178/2137
f 3253/2184/2143 2703/2519/2471 3254/2182/2141
f 2704/2520/2472 3254/2182/2141 2703/2519/2471
f 3261/2187/2146 2711/2521/2473 3262/2189/2148
f 2712/2522/2474 3262/2189/2148 2711/2521/2473
f 2720/2523/2475 3270/1718/1679 2719/2524/2476
f 3269/1720/1681 2719/2524/2476 3270/1718/1679
f 3279/2195/2154 3133/2525/2477 3278/2526/2478
f 3132/2527/2479 3278/2526/2478 3133/2525/2477
f 2791/2528/2480 2782/2529/2481 3289/2530/2482
f 3287/2531/2483 3289/2530/2482 2782/2529/2481
f 3306/2532/2484 3307/2533/2485 2192/2534/2486
f 2141/2535/2485 2192/2534/2486 3307/2533/2485
f 3321/2536/2487 3343/2537/2488 3324/2203/2162
f 3344/2204/2163 3324/2203/2162 3343/2537/2488
f 3363/2538/2489 3225/2539/2490 3362/2208/2167
f 3088/2210/2169 3362/2208/2167 3225/2539/2490
f 2865/2540/2491 2866/2213/2172 3347/2541/2492
f 3348/2214/2173 3347/2541/2492 2866/2213/2172
f 1468/2542/2493 1495/2215/2174 3320/2543/2494
f 3323/2217/2176 3320/2543/2494 1495/2215/2174
f 3443/2544/2495 3479/2545/2496 3452/2221/2180
f 3483/2220/2179 3452/2221/2180 3479/2545/2496
f 3423/2546/2497 3463/2547/2498 3422/2222/2181
f 3464/2223/2182 3422/2222/2181 3463/2547/2498
f 3405/2548/2499 3382/2549/2500 3404/2226/2185
f 3385/2227/2186 3404/2226/2185 3382/2549/2500
f 1496/2232/2191 3378/2233/2192 1469/2550/2501
f 3375/2551/2502 1469/2550/2501 3378/2233/2192
f 2063/2552/2503 2062/2234/2193 3410/2553/2504
f 3409/2236/2195 3410/2553/2504 2062/2234/2193
f 1619/2554/2505 1387/2238/2197 3387/2555/2506
f 3365/2240/2199 3387/2555/2506 1387/2238/2197
f 2892/2244/2203 3472/2245/2204 2893/2556/2507
f 3473/2557/2508 2893/2556/2507 3472/2245/2204
f 2887/2558/2509 2888/2246/2205 3467/2559/2510
f 3468/2248/2207 3467/2559/2510 2888/2246/2205
f 2203/2560/2511 2204/2252/2211 3426/2561/2512
f 3427/2253/2212 3426/2561/2512 2204/2252/2211
f 3452/2221/2180 2846/2562/2513 3443/2544/2495
f 2535/2563/2514 3443/2544/2495 2846/2562/2513
f 3415/2564/2515 3499/2565/2516 2068/2566/2517
f 2069/2567/2518 2068/2566/2517 3499/2565/2516
f 2843/2264/2223 3515/2265/2224 2838/2568/2519
f 2530/2569/2520 2838/2568/2519 3515/2265/2224
f 3525/2570/2521 3532/2571/2522 3526/2572/2523
f 3529/2573/2524 3526/2572/2523 3532/2571/2522
f 2158/2574/2525 2175/2575/2526 3305/2576/2525
f 3304/2577/2526 3305/2576/2525 2175/2575/2526
f 1630/2578/2527 3498/2579/2527 1631/2580/2528
f 3541/2581/2529 1631/2580/2528 3498/2579/2527
f 3536/2582/2530 3537/2583/2531 3500/2584/2219
f 3481/2585/2532 3500/2584/2219 3537/2583/2531
f 2767/1735/1695 1692/1734/1694 3448/2586/2533
f 3393/2587/2533 3448/2586/2533 1692/1734/1694
f 3555/2281/2236 1687/2588/2534 3554/2280/2235
f 1688/2589/2535 3554/2280/2235 1687/2588/2534
f 2492/2590/2536 2491/2591/2537 2769/2592/2536
f 2770/2593/2538 2769/2592/2536 2491/2591/2537
f 1908/2284/2239 1907/2594/2539 3572/2282/2237
f 3571/2595/2540 3572/2282/2237 1907/2594/2539
f 3588/2286/2241 1924/2288/2243 3587/2596/2541
f 1923/2597/2542 3587/2596/2541 1924/2288/2243
f 3604/2292/2247 1996/2293/2248 3603/2598/2543
f 2024/2369/2321 3603/2598/2543 1996/2293/2248
f 3601/2599/2251 3649/2600/2252 3602/2601/2544
f 3650/2602/2545 3602/2601/2544 3649/2600/2252
f 3580/2300/2254 3632/2301/2254 3581/2603/2546
f 3633/2604/2546 3581/2603/2546 3632/2301/2254
f 3616/2305/2258 3617/2605/2547 3564/2304/2257
f 3565/2606/2548 3564/2304/2257 3617/2605/2547
f 3369/2607/2549 3662/2309/2262 3399/2608/2550
f 3661/2609/2551 3399/2608/2550 3662/2309/2262
f 1855/2610/2552 3398/2611/2553 3668/2612/2554
f 3665/2613/2555 3668/2612/2554 3398/2611/2553
f 3384/2614/2556 3678/2310/2263 3437/2615/2557
f 3677/2616/2558 3437/2615/2557 3678/2310/2263
f 3593/2617/2559 3592/2314/2267 3641/2618/2559
f 3688/2316/2269 3641/2618/2559 3592/2314/2267
f 3047/2619/2560 3700/2318/2271 3476/2620/2561
f 3701/2320/2273 3476/2620/2561 3700/2318/2271
f 1408/2621/2562 1409/2322/2275 1417/2622/2563
f 1418/2323/2276 1417/2622/2563 1409/2322/2275
f 1475/1832/1792 1448/2623/2564 1476/2624/2565
f 1449/2625/2566 1476/2624/2565 1448/2623/2564
f 1454/1830/1790 1490/1831/1791 1453/2626/2567
f 1489/2627/2568 1453/2626/2567 1490/1831/1791
f 1474/1834/1794 1501/1835/1795 1473/2628/2569
f 1500/2629/2570 1473/2628/2569 1501/1835/1795
f 1559/1601/1562 1560/1836/1796 1546/1622/1583
f 1547/1838/1798 1546/1622/1583 1560/1836/1796
f 1443/2630/2571 1579/2331/2284 1444/1843/1803
f 1580/1842/1802 1444/1843/1803 1579/2331/2284
f 1591/1845/1805 1589/2332/2285 1460/1847/1807
f 1478/2631/2572 1460/1847/1807 1589/2332/2285
f 1505/2632/2573 1599/2333/2286 1578/2633/2574
f 1600/2334/2287 1578/2633/2574 1599/2333/2286
f 1615/1853/1813 1614/2634/2575 1384/1855/1815
f 1383/2635/2576 1384/1855/1815 1614/2634/2575
f 1440/1875/1834 1639/2636/2577 1439/2637/2578
f 1638/2638/2579 1439/2637/2578 1639/2636/2577
f 1521/2639/2580 1649/2640/2581 1520/2641/2582
f 1648/2642/2583 1520/2641/2582 1649/2640/2581
f 1373/2643/2584 1374/2339/2292 1666/2644/2585
f 1667/2340/2293 1666/2644/2585 1374/2339/2292
f 1659/2341/2294 1685/2342/2294 1572/2645/2586
f 1684/2646/2586 1572/2645/2586 1685/2342/2294
f 1476/2624/2565 1449/2625/2566 1700/2647/2587
f 1701/2648/2588 1700/2647/2587 1449/2625/2566
f 1710/1879/1838 1554/1877/1836 1708/2649/2589
f 1540/2650/2590 1708/2649/2589 1554/1877/1836
f 1716/2651/2591 1715/1880/1839 1530/1613/1574
f 1621/1614/1575 1530/1613/1574 1715/1880/1839
f 1386/2652/2592 1385/1854/1814 1723/2348/2300
f 1722/1881/1840 1723/2348/2300 1385/1854/1814
f 1732/1885/1844 1696/1886/1845 1731/2353/2305
f 1379/2653/2593 1731/2353/2305 1696/1886/1845
f 1827/2654/2594 1828/2354/2306 1759/2466/2418
f 1761/2355/2307 1759/2466/2418 1828/2354/2306
f 1793/2356/2308 1791/2469/2421 1844/2357/2309
f 1843/2655/2595 1844/2357/2309 1791/2469/2421
f 1862/1652/1613 1863/2358/2310 1821/2656/2596
f 1822/2359/2311 1821/2656/2596 1863/2358/2310
f 1837/2657/2597 1878/2658/2598 1838/2360/2312
f 1879/2361/2313 1838/2360/2312 1878/2658/2598
f 1895/2659/2599 1854/2660/2600 1894/2661/2601
f 1853/2662/2602 1894/2661/2601 1854/2660/2600
f 1913/2364/2316 1971/2365/2317 1912/2663/2603
f 1970/2664/2604 1912/2663/2603 1971/2365/2317
f 2003/2367/2319 1986/2665/2605 2002/2366/2318
f 1987/2666/2606 2002/2366/2318 1986/2665/2605
f 2024/2369/2321 2025/2368/2320 2022/2667/2607
f 2023/2668/2608 2022/2667/2607 2025/2368/2320
f 2081/2669/2609 2082/2371/2323 2102/2670/2610
f 2103/2372/2324 2102/2670/2610 2082/2371/2323
f 2102/2670/2610 2103/2372/2324 2119/2671/2611
f 2120/2373/2325 2119/2671/2611 2103/2372/2324
f 2108/2672/2612 2114/1925/1884 2160/2673/2613
f 2165/1927/1886 2160/2673/2613 2114/1925/1884
f 2121/1923/1882 2122/1924/1883 2172/2674/2614
f 2173/1929/1888 2172/2674/2614 2122/1924/1883
f 2182/1934/1893 2177/2675/2615 2148/1932/1891
f 2143/2676/2616 2148/1932/1891 2177/2675/2615
f 2155/2677/2617 2156/1937/1896 2189/2678/2618
f 2190/1936/1895 2189/2678/2618 2156/1937/1896
f 2261/2679/2619 2267/1940/1899 2228/2680/2620
f 2233/1942/1901 2228/2680/2620 2267/1940/1899
f 2274/2681/2621 2275/1944/1903 2240/2682/2622
f 2241/1946/1905 2240/2682/2622 2275/1944/1903
f 2278/2683/2623 2284/1948/1907 2211/2684/2624
f 2216/1950/1909 2211/2684/2624 2284/1948/1907
f 2291/2685/2625 2292/1952/1911 2223/2686/2626
f 2224/1954/1913 2223/2686/2626 2292/1952/1911
f 2211/2684/2624 2216/1950/1909 2296/2687/2627
f 2301/1956/1915 2296/2687/2627 2216/1950/1909
f 2223/2686/2626 2224/1954/1913 2308/2688/2628
f 2309/1958/1917 2308/2688/2628 2224/1954/1913
f 2324/1961/1920 2325/2383/2335 2071/1963/1922
f 2070/2689/2629 2071/1963/1922 2325/2383/2335
f 2333/1965/1924 2079/1964/1923 2332/2385/2337
f 2078/2690/2630 2332/2385/2337 2079/1964/1923
f 2089/1969/1928 2341/1968/1927 2088/2691/2631
f 2342/2389/2341 2088/2691/2631 2341/1968/1927
f 2350/1974/1933 2253/1975/1934 2349/2393/2345
f 2254/2692/2632 2349/2393/2345 2253/1975/1934
f 2358/2395/2347 2246/2693/2633 2359/1976/1935
f 2244/1977/1936 2359/1976/1935 2246/2693/2633
f 2367/2694/2634 2035/2695/2635 2368/2397/2349
f 2036/2398/2350 2368/2397/2349 2035/2695/2635
f 2384/1649/1610 2383/2696/2636 2052/1650/1611
f 2051/2697/2637 2052/1650/1611 2383/2696/2636
f 2379/2698/2638 2380/2401/2353 2401/2699/2639
f 2402/2402/2354 2401/2699/2639 2380/2401/2353
f 2411/2700/2640 2432/2701/2641 2410/1992/1951
f 2431/1993/1952 2410/1992/1951 2432/2701/2641
f 2422/2407/2359 2443/2408/2360 2421/2702/2642
f 2442/2703/2643 2421/2702/2642 2443/2408/2360
f 2455/2411/2363 2456/2000/1959 1871/2704/2644
f 1872/2002/1961 1871/2704/2644 2456/2000/1959
f 1880/1902/1861 1879/2361/2313 2464/2005/1964
f 2463/2412/2364 2464/2005/1964 1879/2361/2313
f 1888/2006/1965 1887/2705/2645 2472/2007/1966
f 2471/2415/2367 2472/2007/1966 1887/2705/2645
f 2560/2423/2375 2481/2420/2372 2544/2024/1983
f 2510/2418/2370 2544/2024/1983 2481/2420/2372
f 2509/2015/1974 2496/2706/2646 2398/2017/1976
f 2397/2707/2647 2398/2017/1976 2496/2706/2646
f 2487/1751/1711 2572/1655/1616 2563/2708/2648
f 2571/2709/2649 2563/2708/2648 2572/1655/1616
f 1856/1762/1722 2560/2423/2375 1857/2710/2650
f 2559/2711/2651 1857/2710/2650 2560/2423/2375
f 2543/2026/1985 2568/2027/1986 2542/2712/2652
f 2567/2713/2653 2542/2712/2652 2568/2027/1986
f 2479/1662/1623 2564/2714/2654 2573/2715/2655
f 2527/2716/2656 2573/2715/2655 2564/2714/2654
f 2411/2700/2640 2578/2429/2381 2499/2033/1992
f 2582/2035/1994 2499/2033/1992 2578/2429/2381
f 2591/2432/2384 1948/2717/2657 2592/2036/1995
f 1947/2037/1996 2592/2036/1995 1948/2717/2657
f 1939/2042/2001 2600/2043/2002 1940/2718/2658
f 2599/2434/2386 1940/2718/2658 2600/2043/2002
f 2608/2045/2004 2607/2439/2391 1931/2047/2006
f 1932/2719/2659 1931/2047/2006 2607/2439/2391
f 2617/2050/2009 2033/2051/2010 2616/2440/2392
f 2032/2720/2660 2616/2440/2392 2033/2051/2010
f 2040/2721/2661 2624/2443/2395 2041/2053/2012
f 2625/2055/2014 2041/2053/2012 2624/2443/2395
f 2632/2448/2400 2633/2059/2018 2048/2722/2662
f 2049/2057/2016 2048/2722/2662 2633/2059/2018
f 1866/2723/2663 1865/1896/1855 2450/1659/1620
f 2449/1660/1621 2450/1659/1620 1865/1896/1855
f 2650/2452/2404 2649/2724/2664 1754/2451/2403
f 1752/2725/2665 1754/2451/2403 2649/2724/2664
f 1784/2726/2666 1786/2453/2405 2665/2727/2667
f 2666/2454/2406 2665/2727/2667 1786/2453/2405
f 2643/2455/2407 2683/2456/2408 2640/2728/2668
f 2680/2729/2669 2640/2728/2668 2683/2456/2408
f 2699/2457/2409 2698/2730/2670 2659/2458/2410
f 2658/2731/2671 2659/2458/2410 2698/2730/2670
f 2715/2460/2412 2714/2732/2672 2675/2459/2411
f 2674/2733/2673 2675/2459/2411 2714/2732/2672
f 2781/2734/2674 2528/2735/2675 2780/2736/2676
f 2763/2737/2677 2780/2736/2676 2528/2735/2675
f 1742/2085/2044 1740/2738/2678 2801/2087/2046
f 2800/2739/2679 2801/2087/2046 1740/2738/2678
f 2808/2740/2680 2809/2088/2047 1756/2061/2020
f 1758/2063/2022 1756/2061/2020 2809/2088/2047
f 1774/2092/2051 1772/2741/2681 2817/2094/2053
f 2816/2742/2682 2817/2094/2053 1772/2741/2681
f 1790/2065/2024 1788/2064/2023 2825/2097/2056
f 2824/2743/2683 2825/2097/2056 1788/2064/2023
f 1806/2099/2058 1804/2744/2684 2833/2101/2060
f 2832/2745/2685 2833/2101/2060 1804/2744/2684
f 2950/2510/2462 2951/2474/2426 2932/2477/2429
f 2933/2475/2427 2932/2477/2429 2951/2474/2426
f 2967/2476/2428 2968/2108/2067 2896/2746/2686
f 2895/2110/2069 2896/2746/2686 2968/2108/2067
f 2903/2486/2438 2975/2481/2433 2904/2115/2074
f 2976/2114/2073 2904/2115/2074 2975/2481/2433
f 2911/2489/2441 2983/2482/2434 2912/1682/1643
f 2984/1680/1641 2912/1682/1643 2983/2482/2434
f 2920/2747/2687 2992/2484/2436 2921/2120/2079
f 2993/2121/2080 2921/2120/2079 2992/2484/2436
f 2928/2129/2088 3000/2487/2439 2929/2124/2083
f 3001/2125/2084 2929/2124/2083 3000/2487/2439
f 3015/2505/2457 2925/2748/2688 3016/2490/2442
f 2926/2491/2443 3016/2490/2442 2925/2748/2688
f 2985/2118/2077 2913/2119/2078 3032/2749/2689
f 3033/2493/2445 3032/2749/2689 2913/2119/2078
f 3066/2133/2092 3049/1690/1651 3093/2135/2094
f 3092/1695/1656 3093/2135/2094 3049/1690/1651
f 3104/2498/2450 3105/2499/2451 3071/2750/2690
f 3081/2751/2691 3071/2750/2690 3105/2499/2451
f 3115/2501/2453 3114/2752/2692 3128/2500/2452
f 3127/2753/2693 3128/2500/2452 3114/2752/2692
f 3157/2143/2102 2861/2142/2101 3156/2502/2454
f 2860/2754/2694 3156/2502/2454 2861/2142/2101
f 2868/2755/2695 3164/2506/2458 2869/2146/2105
f 3165/2147/2106 2869/2146/2105 3164/2506/2458
f 3003/2492/2444 3152/2756/2696 3034/2494/2446
f 3173/2757/2697 3034/2494/2446 3152/2756/2696
f 3190/2758/2698 2883/2759/2699 3191/2158/2117
f 2882/2159/2118 3191/2158/2117 2883/2759/2699
f 3198/2760/2700 2875/2761/2701 3199/2162/2121
f 2874/2163/2122 3199/2162/2121 2875/2761/2701
f 3200/2164/2123 2891/2165/2124 3201/2169/2128
f 2892/2168/2127 3201/2169/2128 2891/2165/2124
f 3036/2762/2702 3222/2763/2703 3106/2170/2129
f 3221/2171/2130 3106/2170/2129 3222/2763/2703
f 2730/2175/2134 2729/2764/2704 3237/2177/2136
f 3236/2765/2705 3237/2177/2136 2729/2764/2704
f 3244/2766/2706 3245/2178/2137 2737/2767/2707
f 2738/2180/2139 2737/2767/2707 3245/2178/2137
f 3253/2184/2143 2746/2185/2144 3252/2768/2708
f 2745/2769/2709 3252/2768/2708 2746/2185/2144
f 3261/2187/2146 2754/2186/2145 3260/2770/2710
f 2753/2771/2711 3260/2770/2710 2754/2186/2145
f 2761/2772/2712 3268/2773/2713 2762/1719/1680
f 3269/1720/1681 2762/1719/1680 3268/2773/2713
f 3278/2526/2478 3145/2774/2714 3279/2195/2154
f 3146/2197/2156 3279/2195/2154 3145/2774/2714
f 3289/2530/2482 3287/2531/2483 2790/2775/2715
f 2781/2734/2674 2790/2775/2715 3287/2531/2483
f 2192/2534/2486 2158/2574/2525 3306/2532/2484
f 3305/2576/2525 3306/2532/2484 2158/2574/2525
f 3318/2776/2716 3342/2777/2717 3321/2536/2487
f 3343/2537/2488 3321/2536/2487 3342/2777/2717
f 3044/2778/2718 3225/2539/2490 3357/2256/2215
f 3363/2538/2489 3357/2256/2215 3225/2539/2490
f 2865/2540/2491 3347/2541/2492 2864/2779/2719
f 3346/2780/2720 2864/2779/2719 3347/2541/2492
f 1486/2781/2721 1468/2542/2493 3322/2782/2722
f 3320/2543/2494 3322/2782/2722 1468/2542/2493
f 3441/2783/2723 3477/2321/2274 3442/2784/2724
f 3478/2785/2725 3442/2784/2724 3477/2321/2274
f 3463/2547/2498 3423/2546/2497 3462/2786/2726
f 3424/2787/2727 3462/2786/2726 3423/2546/2497
f 3382/2549/2500 3405/2548/2499 3393/2788/2728
f 3448/2789/2729 3393/2788/2728 3405/2548/2499
f 1469/2550/2501 3375/2551/2502 1442/2790/2730
f 3372/2791/2731 1442/2790/2730 3375/2551/2502
f 2064/2792/2732 2063/2552/2503 3411/2793/2733
f 3410/2553/2504 3411/2793/2733 2063/2552/2503
f 1396/2794/2734 1619/2554/2505 3366/2795/2735
f 3387/2555/2506 3366/2795/2735 1619/2554/2505
f 3473/2557/2508 3481/2796/2532 2893/2556/2507
f 3090/2797/2227 2893/2556/2507 3481/2796/2532
f 3467/2559/2510 3466/2798/2736 2887/2558/2509
f 2886/2799/2737 2887/2558/2509 3466/2798/2736
f 2202/2800/2738 2203/2560/2511 3425/2801/2739
f 3426/2561/2512 3425/2801/2739 2203/2560/2511
f 3444/2219/2178 2538/2802/2740 3452/2221/2180
f 2846/2562/2513 3452/2221/2180 2538/2802/2740
f 3381/2803/2741 3388/2804/2742 3415/2564/2515
f 3499/2565/2516 3415/2564/2515 3388/2804/2742
f 3517/2805/2743 3519/2806/2744 2779/2807/2745
f 2788/2808/2746 2779/2807/2745 3519/2806/2744
f 1814/2809/2747 3397/2810/2748 3532/2811/2522
f 3530/2812/2749 3532/2811/2522 3397/2810/2748
f 2318/2813/2750 2141/2814/2751 3308/2815/2750
f 3307/2816/2751 3308/2815/2750 2141/2814/2751
f 3521/2817/2752 3021/2818/2752 3520/2819/2753
f 2894/2820/2754 3520/2819/2753 3021/2818/2752
f 3388/2821/2742 3533/2822/2755 3499/2823/2516
f 3534/2824/2756 3499/2823/2516 3533/2822/2755
f 1533/2825/2757 3382/2549/2500 1692/2826/2758
f 3393/2788/2728 1692/2826/2758 3382/2549/2500
f 1673/2827/2759 1677/2278/2233 3553/2828/2760
f 3554/2280/2235 3553/2828/2760 1677/2278/2233
f 3559/1738/1698 3551/1748/1708 2776/2829/2761
f 2775/2830/2762 2776/2829/2761 3551/1748/1708
f 1907/2594/2539 1906/2831/2763 3571/2595/2540
f 3570/2832/2764 3571/2595/2540 1906/2831/2763
f 3587/2596/2541 1923/2597/2542 3586/2833/2765
f 1922/2834/2766 3586/2833/2765 1923/2597/2542
f 3603/2598/2543 2024/2369/2321 3602/2835/2767
f 2022/2667/2607 3602/2835/2767 2024/2369/2321
f 3602/2601/2544 3650/2602/2545 3603/2836/2768
f 3651/2837/2769 3603/2836/2768 3650/2602/2545
f 3581/2603/2546 3633/2604/2546 3582/2838/2770
f 3634/2839/2771 3582/2838/2770 3633/2604/2546
f 3566/2840/2772 3565/2606/2548 3618/2841/2773
f 3617/2605/2547 3618/2841/2773 3565/2606/2548
f 3370/2307/2260 3436/2842/2774 3662/2309/2262
f 3661/2609/2551 3662/2309/2262 3436/2842/2774
f 1896/2843/2775 3668/2612/2554 3399/2608/2550
f 3665/2613/2555 3399/2608/2550 3668/2612/2554
f 3438/2844/2776 3677/2616/2558 3383/2312/2265
f 3678/2310/2263 3383/2312/2265 3677/2616/2558
f 3608/2845/2777 3656/2846/2778 3609/2847/2779
f 3682/2848/2780 3609/2847/2779 3656/2846/2778
f 1412/2849/2781 1411/1821/1781 1403/2850/2782
f 1402/2851/2783 1403/2850/2782 1411/1821/1781
f 1472/2852/2784 1445/1841/1801 1473/2628/2569
f 1446/2853/2785 1473/2628/2569 1445/1841/1801
f 1489/2627/2568 1462/1824/1784 1488/2854/2786
f 1461/1826/1786 1488/2854/2786 1462/1824/1784
f 1500/2629/2570 1455/1828/1788 1499/2855/2787
f 1454/1830/1790 1499/2855/2787 1455/1828/1788
f 1511/2856/2788 1553/2857/2789 1512/1876/1835
f 1554/1877/1836 1512/1876/1835 1553/2857/2789
f 1443/2630/2571 1470/2858/2790 1587/2859/2791
f 1588/2860/2792 1587/2859/2791 1470/2858/2790
f 1506/1625/1586 1599/2333/2286 1564/1626/1587
f 1598/2861/2793 1564/1626/1587 1599/2333/2286
f 1614/2634/2575 1392/2862/2794 1613/2863/2795
f 1391/2864/2796 1613/2863/2795 1392/2862/2794
f 1596/2337/2290 1630/2865/2797 1524/2338/2291
f 1631/2866/2798 1524/2338/2291 1630/2865/2797
f 1638/2638/2579 1520/2641/2582 1637/2867/2799
f 1519/2868/2800 1637/2867/2799 1520/2641/2582
f 1648/2642/2583 1529/1612/1573 1647/2869/2801
f 1528/1609/1570 1647/2869/2801 1529/1612/1573
f 1661/1623/1584 1662/2870/2802 1577/1598/1559
f 1545/2871/2803 1577/1598/1559 1662/2870/2802
f 1655/2872/2804 1536/2873/2805 1681/2874/2804
f 1682/2875/2806 1681/2874/2804 1536/2873/2805
f 1423/2876/2807 1432/2877/2808 1698/2878/2809
f 1699/2879/2810 1698/2878/2809 1432/2877/2808
f 1541/2880/2811 1708/2649/2589 1550/2881/2812
f 1709/2882/2813 1550/2881/2812 1708/2649/2589
f 1610/2883/2814 1379/2653/2593 1714/2884/2815
f 1696/1886/1845 1714/2884/2815 1379/2653/2593
f 1604/1782/1742 1729/2885/2816 1398/2349/2301
f 1723/2348/2300 1398/2349/2301 1729/2885/2816
f 1824/1898/1857 1825/2886/2817 1753/2887/2818
f 1755/2888/2819 1753/2887/2818 1825/2886/2817
f 1787/2889/2820 1785/2890/2821 1841/2891/2822
f 1840/1899/1858 1841/2891/2822 1785/2890/2821
f 1819/2892/2823 1818/2893/2824 1860/2894/2825
f 1859/2895/2826 1860/2894/2825 1818/2893/2824
f 1835/2896/2827 1834/2897/2828 1876/2898/2829
f 1875/2899/2830 1876/2898/2829 1834/2897/2828
f 1892/2900/2831 1851/2901/2832 1891/2902/2833
f 1850/2903/2834 1891/2902/2833 1851/2901/2832
f 1909/2285/2240 1910/2904/2835 1967/2905/2836
f 1968/2906/2837 1967/2905/2836 1910/2904/2835
f 1999/2907/2838 1983/2908/2839 1998/2909/2840
f 1925/2289/2244 1998/2909/2840 1983/2908/2839
f 2019/2910/2841 2018/2911/2842 2021/2912/2843
f 2020/2913/2844 2021/2912/2843 2018/2911/2842
f 2078/2690/2630 2079/1964/1923 2099/2914/2845
f 2100/2915/2846 2099/2914/2845 2079/1964/1923
f 2099/2914/2845 2100/2915/2846 2116/2916/2847
f 2117/2917/2848 2116/2916/2847 2100/2915/2846
f 2164/1643/1604 2163/2918/2849 2147/2919/2850
f 2146/2920/2851 2147/2919/2850 2163/2918/2849
f 2171/2921/2852 2172/2674/2614 2154/2922/2853
f 2155/2677/2617 2154/2922/2853 2172/2674/2614
f 2129/2923/2854 2130/2924/2855 2180/2925/2856
f 2181/2926/2857 2180/2925/2856 2130/2924/2855
f 2188/2927/2858 2189/2678/2618 2137/2928/2859
f 2138/2929/2860 2137/2928/2859 2189/2678/2618
f 2265/2930/2861 2266/2931/2862 2129/2923/2854
f 2130/2924/2855 2129/2923/2854 2266/2931/2862
f 2137/2928/2859 2138/2929/2860 2273/2932/2863
f 2274/2681/2621 2273/2932/2863 2138/2929/2860
f 2282/2933/2864 2283/2934/2865 2231/2935/2866
f 2232/2936/2867 2231/2935/2866 2283/2934/2865
f 2239/2937/2868 2240/2682/2622 2290/2938/2869
f 2291/2685/2625 2290/2938/2869 2240/2682/2622
f 2299/2939/2870 2248/2940/2871 2300/2941/2872
f 2249/2942/2873 2300/2941/2872 2248/2940/2871
f 2307/2943/2874 2308/2688/2628 2256/2944/2875
f 2257/2945/2876 2256/2944/2875 2308/2688/2628
f 2060/2946/2877 2331/2947/2878 2059/2948/2879
f 2330/2949/2880 2059/2948/2879 2331/2947/2878
f 2339/2950/2881 2338/2951/2882 2068/2952/2883
f 2067/2953/2884 2068/2952/2883 2338/2951/2882
f 2204/2954/2885 2348/2955/2886 2205/2956/2887
f 2347/2957/2888 2205/2956/2887 2348/2955/2886
f 2197/2958/2889 2355/2959/2890 2196/2960/2891
f 2357/2961/2892 2196/2960/2891 2355/2959/2890
f 2363/2399/2351 2032/2720/2660 2365/1986/1945
f 2033/2051/2010 2365/1986/1945 2032/2720/2660
f 2381/1988/1947 2380/2401/2353 2049/2057/2016
f 2048/2722/2662 2049/2057/2016 2380/2401/2353
f 2376/2962/2893 2377/2963/2894 2398/2017/1976
f 2399/2016/1975 2398/2017/1976 2377/2963/2894
f 2430/1995/1954 2416/2404/2356 2429/2964/2895
f 2415/2965/2896 2429/2964/2895 2416/2404/2356
f 2440/2966/2897 2441/2967/2898 2396/2968/2899
f 2395/2969/2900 2396/2968/2899 2441/2967/2898
f 1931/2047/2006 1932/2719/2659 2453/2970/2901
f 2454/2971/2902 2453/2970/2901 1932/2719/2659
f 2461/2972/2903 1939/2042/2001 2462/2973/2904
f 1940/2718/2658 2462/2973/2904 1939/2042/2001
f 2469/2974/2905 1947/2037/1996 2470/2975/2906
f 1948/2717/2657 2470/2975/2906 1947/2037/1996
f 2487/1751/1711 2483/2419/2371 2486/1752/1712
f 2485/2976/2907 2486/1752/1712 2483/2419/2371
f 2505/2977/2908 2504/2978/2909 2500/2979/2910
f 2501/2980/2911 2500/2979/2910 2504/2978/2909
f 2402/2402/2354 2403/1990/1949 2524/2981/2912
f 2525/2982/2913 2524/2981/2912 2403/1990/1949
f 2559/2711/2651 2543/2026/1985 2558/2983/2914
f 2542/2712/2652 2558/2983/2914 2543/2026/1985
f 2567/2713/2653 2524/2981/2912 2566/2984/2915
f 2525/2982/2913 2566/2984/2915 2524/2981/2912
f 2580/2985/2916 2448/2986/2917 2574/2030/1989
f 2442/2703/2643 2574/2030/1989 2448/2986/2917
f 2590/2987/2918 1978/2988/2919 2589/2989/2920
f 1979/2990/2921 2589/2989/2920 1978/2988/2919
f 2597/2991/2922 2598/2992/2923 1971/2993/2924
f 1970/2994/2925 1971/2993/2924 2598/2992/2923
f 2605/2995/2926 2606/2996/2927 1963/2997/2928
f 1962/2998/2929 1963/2997/2928 2606/2996/2927
f 2614/2999/2930 1999/3000/2931 2615/3001/2932
f 2001/3002/2933 2615/3001/2932 1999/3000/2931
f 2622/3003/2934 1992/3004/2935 2623/3005/2936
f 2008/3006/2937 2623/3005/2936 1992/3004/2935
f 2026/3007/2938 1988/3008/2939 2630/3009/2940
f 2631/3010/2941 2630/3009/2940 1988/3008/2939
f 1864/1895/1854 2722/2427/2379 1865/1896/1855
f 2449/1660/1621 1865/1896/1855 2722/2427/2379
f 1746/3011/2942 1748/3012/2943 2646/3013/2944
f 2647/3014/2945 2646/3013/2944 1748/3012/2943
f 1780/3015/2946 2663/3016/2947 1778/3017/2948
f 2662/3018/2949 1778/3017/2948 2663/3016/2947
f 2679/3019/2950 2678/3020/2951 1812/1669/1630
f 1810/3021/2952 1812/1669/1630 2678/3020/2951
f 2656/3022/2953 2696/3023/2954 2655/3024/2955
f 2695/3025/2956 2655/3024/2955 2696/3023/2954
f 2712/3026/2957 2711/3027/2958 2672/3028/2959
f 2671/3029/2960 2672/3028/2959 2711/3027/2958
f 2490/3030/2961 2777/3031/2962 2485/3032/2963
f 2776/3033/2963 2485/3032/2963 2777/3031/2962
f 2800/2739/2679 2797/3034/2964 1739/3035/2965
f 1735/3036/2966 1739/3035/2965 2797/3034/2964
f 1753/2887/2818 1755/2888/2819 2807/3037/2967
f 2808/2740/2680 2807/3037/2967 1755/2888/2819
f 2816/2742/2682 2815/3038/2968 1771/3039/2969
f 1769/3040/2970 1771/3039/2969 2815/3038/2968
f 2823/3041/2971 1785/2890/2821 2824/2743/2683
f 1787/2889/2820 2824/2743/2683 1785/2890/2821
f 2832/2745/2685 2831/3042/2972 1803/3043/2973
f 1801/3044/2974 1803/3043/2973 2831/3042/2972
f 2837/1668/1629 2845/3045/2975 1812/1669/1630
f 1814/3046/2976 1812/1669/1630 2845/3045/2975
f 2515/1673/1634 2505/2977/2908 2847/1670/1631
f 2506/2032/1991 2847/1670/1631 2505/2977/2908
f 2964/3047/2977 2946/3048/2978 2963/3049/2979
f 2945/3050/2980 2963/3049/2979 2946/3048/2978
f 2938/3051/2981 2974/3052/2982 2937/3053/2983
f 2973/3054/2984 2937/3053/2983 2974/3052/2982
f 2946/3048/2978 2982/3055/2985 2945/3050/2980
f 2981/3056/2986 2945/3050/2980 2982/3055/2985
f 2901/3057/2987 2991/3058/2988 2900/3059/2989
f 2990/3060/2990 2900/3059/2989 2991/3058/2988
f 2998/3061/2991 2908/3062/2992 2999/3063/2993
f 2909/3064/2994 2999/3063/2993 2908/3062/2992
f 2923/3065/2995 3013/3066/2996 2922/2122/2081
f 3012/3067/2997 2922/2122/2081 3013/3066/2996
f 2967/2476/2428 3030/3068/2998 2931/2478/2430
f 3027/2130/2089 2931/2478/2430 3030/3068/2998
f 3077/3069/2999 3068/3070/3000 3078/3071/3001
f 3069/3072/3002 3078/3071/3001 3068/3070/3000
f 3048/1687/1648 3065/3073/3003 3102/1686/1647
f 3103/3074/3004 3102/1686/1647 3065/3073/3003
f 3043/3075/3005 3123/3076/3006 3042/3077/3007
f 3112/3078/3008 3042/3077/3007 3123/3076/3006
f 3006/3079/3009 3155/3080/3010 3005/3081/3011
f 3154/3082/3012 3005/3081/3011 3155/3080/3010
f 3162/3083/3013 3013/3066/2996 3163/3084/3014
f 3014/3085/3015 3163/3084/3014 3013/3066/2996
f 3172/3086/3016 3170/3087/3017 3025/3088/3018
f 3021/3089/3019 3025/3088/3018 3170/3087/3017
f 3181/3090/3020 3180/3091/3021 3137/3092/3022
f 3124/3093/3023 3137/3092/3022 3180/3091/3021
f 2955/3094/3024 3189/3095/3025 2956/3096/3026
f 3190/2758/2698 2956/3096/3026 3189/3095/3025
f 2963/3049/2979 3197/3097/3027 2964/3047/2977
f 3198/2760/2700 2964/3047/2977 3197/3097/3027
f 3213/2167/2126 2893/2166/2125 3171/1700/1661
f 3090/1701/1662 3171/1700/1661 2893/2166/2125
f 3101/3098/3028 3219/3099/3029 3083/2497/2449
f 3220/2173/2132 3083/2497/2449 3219/3099/3029
f 3228/3100/3030 3089/1707/1668 3227/3101/3031
f 3208/1703/1664 3227/3101/3031 3089/1707/1668
f 3236/2765/2705 3235/3102/3032 2686/3103/3033
f 2685/3104/3034 2686/3103/3033 3235/3102/3032
f 3244/2766/2706 3243/3105/3035 2694/3106/3036
f 2693/3107/3037 2694/3106/3036 3243/3105/3035
f 2701/3108/3038 2702/3109/3039 3251/3110/3040
f 3252/2768/2708 3251/3110/3040 2702/3109/3039
f 3259/3111/3041 2709/3112/3042 3260/2770/2710
f 2710/3113/3043 3260/2770/2710 2709/3112/3042
f 2718/3114/3044 3268/2773/2713 2717/3115/3045
f 3267/3116/3046 2717/3115/3045 3268/2773/2713
f 3277/3117/3047 3131/3118/3048 3276/3119/3049
f 3130/3120/3050 3276/3119/3049 3131/3118/3048
f 3280/2194/2153 3286/3121/3051 3134/3122/3052
f 3211/3123/3053 3134/3122/3052 3286/3121/3051
f 3150/3124/3054 3285/3125/3055 3294/3126/3056
f 3293/3127/3057 3294/3126/3056 3285/3125/3055
f 3340/3128/3058 3325/3129/3059 3339/3130/3060
f 3330/3131/3061 3339/3130/3060 3325/3129/3059
f 3314/3132/3062 1414/3133/3063 3313/3134/3064
f 1405/3135/3065 3313/3134/3064 1414/3133/3063
f 2862/3136/3066 3344/2204/2163 2861/3137/3067
f 3343/2537/2488 2861/3137/3067 3344/2204/2163
f 1522/3138/3068 1640/3139/3069 3326/3140/3070
f 3335/3141/3071 3326/3140/3070 1640/3139/3069
f 3315/3142/3072 3316/3143/3073 1423/3144/3074
f 1432/3145/3075 1423/3144/3074 3316/3143/3073
f 3460/3146/3076 3426/2561/2512 3459/3147/3077
f 3427/2253/2212 3459/3147/3077 3426/2561/2512
f 3450/3148/3078 3395/3149/3079 3394/2241/2200
f 3365/2240/2199 3394/2241/2200 3395/3149/3079
f 3413/3150/3080 3412/3151/3081 3380/3152/3082
f 3389/3153/3083 3380/3152/3082 3412/3151/3081
f 2067/3154/3084 2066/3155/3085 3414/3156/3086
f 3413/3150/3080 3414/3156/3086 2066/3155/3085
f 3379/2229/2188 1505/3157/3087 3386/3158/3088
f 1578/3159/3089 3386/3158/3088 1505/3157/3087
f 2317/3160/3090 3435/3161/3091 2209/3162/3092
f 3432/3163/3093 2209/3162/3092 3435/3161/3091
f 2884/3164/3094 3464/2223/2182 2883/3165/3095
f 3463/2547/2498 2883/3165/3095 3464/2223/2182
f 2199/3166/3096 2200/3167/3097 3422/2222/2181
f 3423/2546/2497 3422/2222/2181 2200/3167/3097
f 3482/3168/3098 3228/3169/3099 3475/3170/3100
f 3038/3171/3101 3475/3170/3100 3228/3169/3099
f 3487/2257/2216 3494/3172/3102 3357/2256/2215
f 3044/2778/2718 3357/2256/2215 3494/3172/3102
f 3514/3173/3103 3513/3174/3104 3512/3175/3105
f 3509/3176/3106 3512/3175/3105 3513/3174/3104
f 3531/3177/3107 3527/3178/3108 3530/2812/2749
f 3528/3179/3109 3530/2812/2749 3527/3178/3108
f 2086/3180/3110 3301/3181/3111 2107/3182/3112
f 3302/3183/3113 2107/3182/3112 3301/3181/3111
f 3296/3184/3114 1629/3185/3115 3295/3186/3116
f 1628/3187/3117 3295/3186/3116 1629/3185/3115
f 3547/1729/1689 3546/3188/1691 3520/1730/1690
f 3521/3189/1692 3520/1730/1690 3546/3188/1691
f 1676/1737/1697 2778/1736/1696 3392/3190/3118
f 3449/3191/3119 3392/3190/3118 2778/1736/1696
f 3552/3192/3120 3553/2828/2760 1690/3193/3121
f 1689/3194/3122 1690/3193/3121 3553/2828/2760
f 2581/3195/3123 2772/3196/3124 2493/3197/3125
f 2771/3198/3126 2493/3197/3125 2772/3196/3124
f 3567/3199/3127 3568/3200/3128 1903/3201/3129
f 1904/3202/3130 1903/3201/3129 3568/3200/3128
f 3584/3203/3131 1920/3204/3132 3583/3205/3133
f 1919/3206/3134 3583/3205/3133 1920/3204/3132
f 3599/3207/3135 3600/3208/3136 2009/3209/3137
f 2007/3210/3138 2009/3209/3137 3600/3208/3136
f 3605/3211/3139 3653/3212/3140 3606/3213/3141
f 3654/3214/3142 3606/3213/3141 3653/3212/3140
f 3584/3215/3143 3636/3216/3144 3585/3217/3145
f 3637/3218/3146 3585/3217/3145 3636/3216/3144
f 3569/3219/3147 3568/3220/3148 3621/3221/3149
f 3620/3222/3148 3621/3221/3149 3568/3220/3148
f 3666/3223/3150 3665/2613/2555 3368/3224/3151
f 3398/2611/2553 3368/3224/3151 3665/2613/2555
f 2480/3225/3152 3436/2842/2774 3672/3226/3153
f 3669/3227/3154 3672/3226/3153 3436/2842/2774
f 3611/3228/3155 3684/3229/3156 3612/3230/3157
f 3685/3231/3158 3612/3230/3157 3684/3229/3156
f 3443/2544/2495 2535/2563/2514 3689/3232/3159
f 3692/3233/3160 3689/3232/3159 2535/2563/2514
f 2785/2081/2040 3695/3234/3161 2548/2083/2042
f 3694/3235/3162 2548/2083/2042 3695/3234/3161
f 3701/2320/2273 3453/3236/3163 3476/2620/2561
f 3440/3237/3164 3476/2620/2561 3453/3236/3163
f 1393/3238/3165 1394/3239/3166 1375/1864/1824
f 1376/1865/1825 1375/1864/1824 1394/3239/3166
f 1418/2323/2276 1419/1822/1782 1427/1597/1558
f 1428/1600/1561 1427/1597/1558 1419/1822/1782
f 1483/3240/3167 1438/3241/3168 1482/3242/3169
f 1437/3243/3170 1482/3242/3169 1438/3241/3168
f 1494/3244/3171 1467/3245/3172 1493/3246/3173
f 1466/3247/3174 1493/3246/3173 1467/3245/3172
f 1539/3248/3175 1548/1839/1799 1540/2650/2590
f 1549/3249/3176 1540/2650/2590 1548/1839/1799
f 1577/1598/1559 1545/2871/2803 1573/1599/1560
f 1574/3250/3177 1573/1599/1560 1545/2871/2803
f 1509/3251/3178 1510/3252/3179 1582/3253/3180
f 1583/3254/3181 1582/3253/3180 1510/3252/3179
f 1497/3255/3182 1452/3256/3183 1594/3257/3184
f 1593/3258/3185 1594/3257/3184 1452/3256/3183
f 1609/1772/1732 1557/3259/3186 1608/1784/1744
f 1542/3260/3187 1608/1784/1744 1557/3259/3186
f 1396/3261/3188 1601/3262/3189 1619/3263/3190
f 1618/3264/3191 1619/3263/3190 1601/3262/3189
f 1635/3265/3192 1517/3266/3193 1634/3267/3194
f 1516/3268/3195 1634/3267/3194 1517/3266/3193
f 1645/3269/3196 1526/3270/3197 1644/3271/3198
f 1525/3272/3199 1644/3271/3198 1526/3270/3197
f 1656/1620/1581 1567/1616/1577 1655/3273/3200
f 1536/3274/3201 1655/3273/3200 1567/1616/1577
f 1674/3275/3202 1675/3276/3203 1542/3277/3202
f 1608/3278/3203 1542/3277/3202 1675/3276/3203
f 1370/3279/1674 1388/3280/1676 1694/3281/3204
f 1693/3282/3205 1694/3281/3204 1388/3280/1676
f 1705/3283/3206 1706/3284/3207 1495/3285/3208
f 1459/3286/3209 1495/3285/3208 1706/3284/3207
f 1701/2648/2588 1713/3287/3210 1450/3288/3211
f 1586/3289/3212 1450/3288/3211 1713/3287/3210
f 1650/3290/3213 1531/3291/3214 1720/3292/3215
f 1716/2651/2591 1720/3292/3215 1531/3291/3214
f 1725/3293/3216 1726/3294/3217 1401/3295/3218
f 1402/2851/2783 1401/3295/3218 1726/3294/3217
f 1741/2464/2416 1818/2893/2824 1743/2463/2415
f 1819/2892/2823 1743/2463/2415 1818/2893/2824
f 1834/2897/2828 1835/2896/2827 1773/2468/2420
f 1775/2467/2419 1773/2468/2420 1835/2896/2827
f 1807/2471/2423 1805/2472/2424 1851/2901/2832
f 1850/2903/2834 1851/2901/2832 1805/2472/2424
f 1869/3296/3219 1870/3297/3220 1828/2354/2306
f 1829/1887/1846 1828/2354/2306 1870/3297/3220
f 1845/1894/1853 1844/2357/2309 1886/3298/3221
f 1885/3299/3222 1886/3298/3221 1844/2357/2309
f 1962/3300/3223 1961/3301/3224 1904/3202/3130
f 1903/3201/3129 1904/3202/3130 1961/3301/3224
f 1977/3302/3225 1919/3206/3134 1978/3303/3226
f 1920/3204/3132 1978/3303/3226 1919/3206/3134
f 2010/3304/3227 2012/3305/3228 2011/3306/3229
f 2013/3307/3230 2011/3306/3229 2012/3305/3228
f 2093/3308/3231 2094/3309/3232 2072/1962/1921
f 2073/3310/3233 2072/1962/1921 2094/3309/3232
f 2110/3311/3234 2111/3312/3235 2093/3308/3231
f 2094/3309/3232 2093/3308/3231 2111/3312/3235
f 2161/3313/3236 2159/3314/3237 2144/3315/3238
f 2142/3316/3239 2144/3315/3238 2159/3314/3237
f 2168/3317/3240 2169/3318/3241 2151/3319/3242
f 2152/3320/3243 2151/3319/3242 2169/3318/3241
f 2126/3321/3244 2127/3322/3245 2176/3323/3246
f 2178/3324/3247 2176/3323/3246 2127/3322/3245
f 2185/3325/3248 2186/3326/3249 2134/3327/3250
f 2135/3328/3251 2134/3327/3250 2186/3326/3249
f 2262/3329/3252 2263/3330/3253 2126/3321/3244
f 2127/3322/3245 2126/3321/3244 2263/3330/3253
f 2134/3327/3250 2135/3328/3251 2270/3331/3254
f 2271/3332/3255 2270/3331/3254 2135/3328/3251
f 2279/3333/3256 2280/3334/3257 2227/3335/3258
f 2229/3336/3259 2227/3335/3258 2280/3334/3257
f 2236/3337/3260 2237/3338/3261 2287/3339/3262
f 2288/3340/3263 2287/3339/3262 2237/3338/3261
f 2244/1977/1936 2246/2693/2633 2295/3341/3264
f 2297/3342/3265 2295/3341/3264 2246/2693/2633
f 2253/1975/1934 2304/3343/3266 2254/2692/2632
f 2305/3344/3267 2254/2692/2632 2304/3343/3266
f 2315/3345/3268 2321/3346/3269 2088/2691/2631
f 2320/3347/3270 2088/2691/2631 2321/3346/3269
f 2328/3348/3271 2057/3349/3272 2327/3350/3273
f 2056/3351/3274 2327/3350/3273 2057/3349/3272
f 2335/3352/3275 2064/3353/3276 2336/3354/3277
f 2065/3355/3278 2336/3354/3277 2064/3353/3276
f 2207/3356/3279 2345/3357/3280 2208/3358/3281
f 2344/3359/3282 2208/3358/3281 2345/3357/3280
f 2199/3360/3283 2353/3361/3284 2200/3362/3285
f 2352/3363/3286 2200/3362/3285 2353/3361/3284
f 2360/3364/3287 2314/3365/3288 2361/3366/3289
f 2312/3367/3290 2361/3366/3289 2314/3365/3288
f 2375/3368/3291 2374/3369/3292 2043/3370/3293
f 2042/2052/2011 2043/3370/3293 2374/3369/3292
f 2392/3371/3294 2370/1982/1941 2393/3372/3295
f 2371/3373/3296 2393/3372/3295 2370/1982/1941
f 2283/2934/2865 2425/1996/1955 2232/2936/2867
f 2424/1998/1957 2232/2936/2867 2425/1996/1955
f 2393/3372/3295 2436/3374/3297 2392/3371/3294
f 2437/3375/3298 2392/3371/3294 2436/3374/3297
f 2450/1659/1620 1928/2449/2401 2451/3376/3299
f 1929/3377/3300 2451/3376/3299 1928/2449/2401
f 2459/3378/3301 2458/3379/3302 1937/3380/3303
f 1936/3381/3304 1937/3380/3303 2458/3379/3302
f 2467/3382/3305 2466/3383/3306 1945/3384/3307
f 1944/3385/3308 1945/3384/3307 2466/3383/3306
f 2474/3386/3309 1952/3387/3310 2475/3388/3311
f 1953/3389/3312 2475/3388/3311 1952/3387/3310
f 2499/2033/1992 2500/2979/2910 2411/2700/2640
f 2432/2701/2641 2411/2700/2640 2500/2979/2910
f 2521/3390/3313 2517/3391/3314 2555/3392/3315
f 2516/3393/3316 2555/3392/3315 2517/3391/3314
f 2540/2022/1981 2564/2714/2654 2570/1661/1622
f 2479/1662/1623 2570/1661/1622 2564/2714/2654
f 2419/3394/3317 2420/3395/3318 2440/2966/2897
f 2441/2967/2898 2440/2966/2897 2420/3395/3318
f 2446/1997/1956 2578/2429/2381 2445/1999/1958
f 2577/3396/3319 2445/1999/1958 2578/2429/2381
f 2587/3397/3320 1981/3398/3321 2585/3399/3322
f 1982/3400/3323 2585/3399/3322 1981/3398/3321
f 2595/3401/3324 1973/3402/3325 2594/3403/3326
f 1974/3404/3327 2594/3403/3326 1973/3402/3325
f 1966/3405/3328 2602/3406/3329 1965/3407/3330
f 2603/3408/3331 1965/3407/3330 2602/3406/3329
f 1957/3409/3332 1958/3410/3333 2611/3411/3334
f 2610/3412/3335 2611/3411/3334 1958/3410/3333
f 2619/3413/3336 1987/3414/3337 2620/3415/3338
f 2011/3416/3339 2620/3415/3338 1987/3414/3337
f 2025/3417/3340 1997/3418/3341 2627/3419/3342
f 2628/3420/3343 2627/3419/3342 1997/3418/3341
f 2636/3421/3344 2635/3422/3345 2014/3423/3346
f 2016/3424/3347 2014/3423/3346 2635/3422/3345
f 2641/3425/3348 1733/3426/3349 2640/2728/2668
f 1734/3427/3350 2640/2728/2668 1733/3426/3349
f 2656/3022/2953 1766/3428/3351 2657/3429/3352
f 1768/3430/3353 2657/3429/3352 1766/3428/3351
f 1798/3431/3354 1800/3432/3355 2672/3028/2959
f 2673/3433/3356 2672/3028/2959 1800/3432/3355
f 2689/3434/3357 2649/2724/2664 2690/3435/3358
f 2650/2452/2404 2690/3435/3358 2649/2724/2664
f 2706/3436/3359 2705/3437/3360 2666/2454/2406
f 2665/2727/2667 2666/2454/2406 2705/3437/3360
f 3290/1708/1669 3288/2198/2157 2853/1808/1768
f 2513/1809/1769 2853/1808/1768 3288/2198/2157
f 2785/2081/2040 2784/2080/2039 2794/3438/3361
f 2793/3439/3362 2794/3438/3361 2784/2080/2039
f 1747/3440/3363 1749/3441/3364 2804/3442/3365
f 2805/3443/3366 2804/3442/3365 1749/3441/3364
f 1763/1889/1848 1765/1890/1849 2812/3444/3367
f 2813/3445/3368 2812/3444/3367 1765/1890/1849
f 2820/3446/3369 1779/3447/3370 2821/3448/3371
f 1781/3449/3372 2821/3448/3371 1779/3447/3370
f 2829/3450/3373 2828/3451/3374 1797/1891/1850
f 1795/1892/1851 1797/1891/1850 2828/3451/3374
f 2840/1796/1756 2534/2018/1977 2839/3452/3375
f 2532/2473/2425 2839/3452/3375 2534/2018/1977
f 2514/1671/1632 2847/1670/1631 2584/1805/1765
f 2852/1806/1766 2584/1805/1765 2847/1670/1631
f 2939/2480/2432 2957/2511/2463 2940/2479/2431
f 2958/2512/2464 2940/2479/2431 2957/2511/2463
f 2935/2105/2064 2971/3453/3376 2934/2107/2066
f 2970/3454/3377 2934/2107/2066 2971/3453/3376
f 2943/3455/3378 2979/3456/3379 2942/3457/3380
f 2978/3458/3381 2942/3457/3380 2979/3456/3379
f 2898/3459/3382 2988/3460/3383 2897/2111/2070
f 2987/3461/3384 2897/2111/2070 2988/3460/3383
f 2906/3462/3385 2996/3463/3386 2905/2113/2072
f 2995/3464/3387 2905/2113/2072 2996/3463/3386
f 2917/3465/3388 3007/2503/2455 2916/3466/3389
f 3006/3079/3009 2916/3466/3389 3007/2503/2455
f 3023/1674/1635 3026/1681/1642 2948/1675/1636
f 2984/1680/1641 2948/1675/1636 3026/1681/1642
f 3058/1696/1657 3032/2749/2689 3059/3467/3390
f 3033/2493/2445 3059/3467/3390 3032/2749/2689
f 3065/3073/3003 3048/1687/1648 3097/3468/3391
f 3098/1691/1652 3097/3468/3391 3048/1687/1648
f 3110/3469/3392 3109/3470/3393 3081/2751/2691
f 3071/2750/2690 3081/2751/2691 3109/3470/3393
f 3100/3471/3394 3040/3472/3395 3116/2140/2099
f 3115/2501/2453 3116/2140/2099 3040/3472/3395
f 3123/3076/3006 3136/3473/3396 3112/3078/3008
f 3125/3474/3397 3112/3078/3008 3136/3473/3396
f 3011/3475/3398 3160/3476/3399 3010/3477/3400
f 3159/3478/3401 3010/3477/3400 3160/3476/3399
f 3167/3479/3402 3018/2128/2087 3168/3480/3403
f 3019/3481/3404 3168/3480/3403 3018/2128/2087
f 3177/3482/3405 3176/3483/3406 3079/3484/3407
f 3070/3485/3408 3079/3484/3407 3176/3483/3406
f 2952/2106/2065 3186/3486/3409 2953/2104/2063
f 3187/3487/3410 2953/2104/2063 3186/3486/3409
f 2960/3488/3411 3194/3489/3412 2961/3490/3413
f 3195/3491/3414 2961/3490/3413 3194/3489/3412
f 3073/1792/1752 3064/1812/1772 3206/1791/1751
f 3205/1811/1771 3206/1791/1751 3064/1812/1772
f 3095/3492/3415 3217/3493/3416 3084/3494/3417
f 3218/3495/3418 3084/3494/3417 3217/3493/3416
f 3226/3496/3419 3179/3497/3420 3225/3498/3421
f 3088/3499/3422 3225/3498/3421 3179/3497/3420
f 3233/3500/3423 3230/3501/3424 2683/3502/3425
f 2680/3503/3426 2683/3502/3425 3230/3501/3424
f 3241/3504/3427 3240/3505/3428 2691/3506/3429
f 2690/3507/3430 2691/3506/3429 3240/3505/3428
f 3249/3508/3431 3248/3509/3432 2699/3510/3433
f 2698/3511/3434 2699/3510/3433 3248/3509/3432
f 3256/3512/3435 2706/3513/3436 3257/3514/3437
f 2707/3515/3438 3257/3514/3437 2706/3513/3436
f 3264/3516/3439 2714/3517/3440 3265/3518/3441
f 2715/3519/3442 3265/3518/3441 2714/3517/3440
f 3127/3520/3443 3273/3521/3444 3128/3522/3445
f 3274/3523/3446 3128/3522/3445 3273/3521/3444
f 3122/3524/3447 3135/3525/3448 3282/3526/3449
f 3283/3527/3450 3282/3526/3449 3135/3525/3448
f 3287/2531/2483 3288/3528/3451 2781/2734/2674
f 2528/2735/2675 2781/2734/2674 3288/3528/3451
f 3315/3142/3072 3314/3132/3062 3360/3529/3452
f 3361/2207/2166 3360/3529/3452 3314/3132/3062
f 3335/3141/3071 3317/3530/3453 3350/3531/3454
f 3349/2212/2171 3350/3531/3454 3317/3530/3453
f 3356/3532/3455 3035/3533/3456 3338/3534/3457
f 2856/3535/3458 3338/3534/3457 3035/3533/3456
f 2872/3536/3459 3354/3537/3460 2871/3538/3461
f 3353/3539/3462 2871/3538/3461 3354/3537/3460
f 1513/3540/3463 3325/3129/3059 1586/3541/3464
f 3332/3542/3465 1586/3541/3464 3325/3129/3059
f 3432/3163/3093 3435/3161/3091 3454/3543/3466
f 3471/2243/2202 3454/3543/3466 3435/3161/3091
f 3469/2249/2208 3470/3544/3467 3420/3545/3468
f 3421/3546/3469 3420/3545/3468 3470/3544/3467
f 3406/3547/3470 3378/2233/2192 3407/3548/3471
f 3373/2231/2190 3407/3548/3471 3378/2233/2192
f 1434/3549/3472 1641/3550/3473 3371/3551/3474
f 3389/3153/3083 3371/3551/3474 1641/3550/3473
f 3402/3552/3475 3401/3553/3476 2055/3554/3477
f 2054/3555/3478 2055/3554/3477 3401/3553/3476
f 1737/3556/3479 2642/3557/3480 3395/3149/3079
f 3445/3558/3481 3395/3149/3079 2642/3557/3480
f 2878/3559/3482 3458/3560/3483 2877/3561/3484
f 3457/3562/3485 2877/3561/3484 3458/3560/3483
f 2197/3563/3486 3420/3545/3468 2198/3564/3487
f 3421/3546/3469 2198/3564/3487 3420/3545/3468
f 3441/2783/2723 2531/3565/3488 3453/3236/3163
f 2855/3566/3489 3453/3236/3163 2531/3565/3488
f 3501/3567/3490 3504/3568/3491 3502/3569/3492
f 3505/3570/3493 3502/3569/3492 3504/3568/3491
f 3507/3571/3494 3440/3237/3164 3515/3572/2224
f 2530/3573/2520 3515/3572/2224 3440/3237/3164
f 3038/3574/3101 3122/3524/3447 3540/3575/3495
f 3282/3526/3449 3540/3575/3495 3122/3524/3447
f 3544/1725/1685 3305/1724/1684 3303/3576/3496
f 3304/3577/3497 3303/3576/3496 3305/1724/1684
f 3298/3578/3498 3545/3579/1689 3297/3580/3499
f 3295/3581/3500 3297/3580/3499 3545/3579/1689
f 3492/3582/3501 3355/3583/3502 3524/3584/3503
f 2873/3585/3504 3524/3584/3503 3355/3583/3502
f 3558/1742/1702 1684/1741/1701 3557/3586/3505
f 1685/3587/3506 3557/3586/3505 1684/1741/1701
f 3562/3588/3507 1898/1904/1863 3561/3589/3508
f 1897/2363/2315 3561/3589/3508 1898/1904/1863
f 1913/2364/2316 3577/3590/3509 1914/1909/1868
f 3578/3591/3510 1914/1909/1868 3577/3590/3509
f 2003/2367/2319 2005/1912/1871 3594/3592/3511
f 3593/3593/3512 3594/3592/3511 2005/1912/1871
f 3610/3594/3513 1995/3595/3514 3609/3596/3515
f 2020/2913/2844 3609/3596/3515 1995/3595/3514
f 3596/3597/3516 3595/3598/3517 3644/3599/3516
f 3643/3600/3518 3644/3599/3516 3595/3598/3517
f 3574/3601/3519 3626/3602/3519 3575/3603/3520
f 3627/3604/3521 3575/3603/3520 3626/3602/3519
f 3674/3605/3522 3367/3606/3523 3675/3607/3524
f 1397/3608/3525 3675/3607/3524 3367/3606/3523
f 3684/3609/3526 3683/3610/3527 3686/3611/3526
f 3687/3612/3527 3686/3611/3526 3683/3610/3527
f 1854/2660/2600 1813/1798/1758 1853/2662/2602
f 1811/3613/3528 1853/2662/2602 1813/1798/1758
f 3702/3614/3529 2386/1815/1775 2521/3390/3313
f 2385/2400/2352 2521/3390/3313 2386/1815/1775
f 1394/3239/3166 1395/1850/1810 1376/1865/1825
f 1377/1851/1811 1376/1865/1825 1395/1850/1810
f 1429/2330/2283 1428/1600/1561 1420/1823/1783
f 1419/1822/1782 1420/1823/1783 1428/1600/1561
f 1465/3615/3530 1483/3240/3167 1464/2326/2279
f 1482/3242/3169 1464/2326/2279 1483/3240/3167
f 1458/3616/3531 1494/3244/3171 1457/2328/2281
f 1493/3246/3173 1457/2328/2281 1494/3244/3171
f 1551/3617/3532 1552/1618/1579 1538/3618/3533
f 1537/1617/1578 1538/3618/3533 1552/1618/1579
f 1558/3619/3534 1573/1599/1560 1544/3620/3535
f 1574/3250/3177 1544/3620/3535 1573/1599/1560
f 1447/3621/3536 1583/3254/3181 1448/2623/2564
f 1584/3622/3537 1448/2623/2564 1583/3254/3181
f 1496/3623/3538 1469/3624/3539 1594/3257/3184
f 1588/2860/2792 1594/3257/3184 1469/3624/3539
f 1607/1757/1717 1424/3625/3540 1609/1772/1732
f 1557/3259/3186 1609/1772/1732 1424/3625/3540
f 1619/3263/3190 1618/3264/3191 1387/3626/3541
f 1603/3627/3542 1387/3626/3541 1618/3264/3191
f 1436/3628/3543 1635/3265/3192 1435/2324/2277
f 1634/3267/3194 1435/2324/2277 1635/3265/3192
f 1517/3266/3193 1645/3269/3196 1516/3268/3195
f 1644/3271/3198 1516/3268/3195 1645/3269/3196
f 1569/1621/1582 1656/1620/1581 1570/3629/3544
f 1655/3273/3200 1570/3629/3544 1656/1620/1581
f 1677/3630/3545 1673/3631/3546 1574/3632/3545
f 1544/3633/3546 1574/3632/3545 1673/3631/3546
f 1389/3634/3547 1371/3635/3548 1693/3282/3205
f 1694/3281/3204 1693/3282/3205 1371/3635/3548
f 1706/3284/3207 1705/3283/3206 1458/3616/3531
f 1494/3244/3171 1458/3616/3531 1705/3283/3206
f 1449/2625/2566 1585/3636/3549 1701/2648/2588
f 1713/3287/3210 1701/2648/2588 1585/3636/3549
f 1720/3292/3215 1716/2651/2591 1649/2640/2581
f 1530/1613/1574 1649/2640/2581 1716/2651/2591
f 1381/3637/3550 1727/3638/3551 1382/3639/3552
f 1726/3294/3217 1382/3639/3552 1727/3638/3551
f 1743/2463/2415 1819/2892/2823 1745/3640/3553
f 1820/3641/3554 1745/3640/3553 1819/2892/2823
f 1775/2467/2419 1835/2896/2827 1777/3642/3555
f 1836/3643/3556 1777/3642/3555 1835/2896/2827
f 1809/3644/3557 1807/2471/2423 1852/3645/3558
f 1851/2901/2832 1852/3645/3558 1807/2471/2423
f 1870/3297/3220 1871/2704/2644 1829/1887/1846
f 1830/1888/1847 1829/1887/1846 1871/2704/2644
f 1846/1893/1852 1845/1894/1853 1887/2705/2645
f 1886/3298/3221 1887/2705/2645 1845/1894/1853
f 1963/3646/3559 1962/3300/3223 1905/3647/3560
f 1904/3202/3130 1905/3647/3560 1962/3300/3223
f 1978/3303/3226 1920/3204/3132 1979/3648/3561
f 1921/3649/3562 1979/3648/3561 1920/3204/3132
f 1992/3650/3563 2013/3307/3230 1993/3651/3564
f 2012/3305/3228 1993/3651/3564 2013/3307/3230
f 2095/3652/3565 2074/3653/3566 2094/3309/3232
f 2073/3310/3233 2094/3309/3232 2074/3653/3566
f 2111/3312/3235 2112/3654/3567 2094/3309/3232
f 2095/3652/3565 2094/3309/3232 2112/3654/3567
f 2159/3314/3237 2161/3313/3236 2109/3655/3568
f 2110/3311/3234 2109/3655/3568 2161/3313/3236
f 2117/2917/2848 2118/3656/3569 2168/3317/3240
f 2169/3318/3241 2168/3317/3240 2118/3656/3569
f 2176/3323/3246 2178/3324/3247 2142/3316/3239
f 2144/3315/3238 2142/3316/3239 2178/3324/3247
f 2151/3319/3242 2152/3320/3243 2185/3325/3248
f 2186/3326/3249 2185/3325/3248 2152/3320/3243
f 2227/3335/3258 2229/3336/3259 2262/3329/3252
f 2263/3330/3253 2262/3329/3252 2229/3336/3259
f 2270/3331/3254 2271/3332/3255 2236/3337/3260
f 2237/3338/3261 2236/3337/3260 2271/3332/3255
f 2210/3657/3570 2212/3658/3571 2279/3333/3256
f 2280/3334/3257 2279/3333/3256 2212/3658/3571
f 2287/3339/3262 2288/3340/3263 2219/3659/3572
f 2220/3660/3573 2219/3659/3572 2288/3340/3263
f 2295/3341/3264 2297/3342/3265 2210/3657/3570
f 2212/3658/3571 2210/3657/3570 2297/3342/3265
f 2304/3343/3266 2219/3659/3572 2305/3344/3267
f 2220/3660/3573 2305/3344/3267 2219/3659/3572
f 2316/1635/1596 2322/1642/1603 2313/3661/3574
f 2323/3662/3575 2313/3661/3574 2322/1642/1603
f 2075/3663/3576 2329/3664/3577 2074/3653/3566
f 2328/3348/3271 2074/3653/3566 2329/3664/3577
f 2337/3665/3578 2083/1919/1878 2336/3354/3277
f 2082/2371/2323 2336/3354/3277 2083/1919/1878
f 2257/2945/2876 2258/2380/2332 2346/3666/3579
f 2345/3357/3280 2346/3666/3579 2258/2380/2332
f 2354/1978/1937 2245/1979/1938 2353/3361/3284
f 2250/2378/2330 2353/3361/3284 2245/1979/1938
f 2343/3667/3580 2260/1636/1597 2362/3668/3581
f 2316/1635/1596 2362/3668/3581 2260/1636/1597
f 2376/2962/2893 2375/3368/3291 2044/3669/3582
f 2043/3370/3293 2044/3669/3582 2375/3368/3291
f 2372/3670/3583 2394/3671/3584 2371/3373/3296
f 2393/3372/3295 2371/3373/3296 2394/3671/3584
f 2232/2936/2867 2424/1998/1957 2266/2931/2862
f 2423/2405/2357 2266/2931/2862 2424/1998/1957
f 2416/2404/2356 2437/3375/3298 2415/2965/2896
f 2436/3374/3297 2415/2965/2896 2437/3375/3298
f 2451/3376/3299 2452/3672/3585 1867/3673/3586
f 1868/3674/3587 1867/3673/3586 2452/3672/3585
f 1876/2898/2829 1875/2899/2830 2460/3675/3588
f 2459/3378/3301 2460/3675/3588 1875/2899/2830
f 1884/3676/3589 1883/3677/3590 2468/3678/3591
f 2467/3382/3305 2468/3678/3591 1883/3677/3590
f 1891/2902/2833 2475/3388/3311 1892/2900/2831
f 2476/3679/3592 1892/2900/2831 2475/3388/3311
f 2500/2979/2910 2501/2980/2911 2432/2701/2641
f 2418/3680/3593 2432/2701/2641 2501/2980/2911
f 2478/1816/1776 2520/3681/3594 1894/2661/2601
f 1895/2659/2599 1894/2661/2601 2520/3681/3594
f 2552/1817/1777 2555/3392/3315 2545/1818/1778
f 2547/3682/3595 2545/1818/1778 2555/3392/3315
f 2487/1751/1711 2563/2708/2648 2510/2418/2370
f 2562/3683/3596 2510/2418/2370 2563/2708/2648
f 2440/2966/2897 2496/2706/2646 2419/3394/3317
f 2571/2709/2649 2419/3394/3317 2496/2706/2646
f 2577/3396/3319 2410/1992/1951 2576/3684/3597
f 2409/1994/1953 2576/3684/3597 2410/1992/1951
f 1951/3685/3598 2588/3686/3599 1952/3387/3310
f 2587/3397/3320 1952/3387/3310 2588/3686/3599
f 1944/3385/3308 1943/3687/3600 2595/3401/3324
f 2596/3688/3601 2595/3401/3324 1943/3687/3600
f 1936/3381/3304 1935/3689/3602 2603/3408/3331
f 2604/3690/3603 2603/3408/3331 1935/3689/3602
f 1928/2449/2401 1927/2450/2402 2611/3411/3334
f 2612/3691/3604 2611/3411/3334 1927/2450/2402
f 2621/3692/3605 2037/1981/1940 2620/3415/3338
f 2036/2398/2350 2620/3415/3338 2037/1981/1940
f 2628/3420/3343 2629/3693/3606 2044/3669/3582
f 2045/3694/3607 2044/3669/3582 2629/3693/3606
f 1926/1651/1612 2052/1650/1611 2613/3695/3608
f 2636/3421/3344 2613/3695/3608 2052/1650/1611
f 1733/3426/3349 2641/3425/3348 1737/3696/3609
f 2642/3697/3610 1737/3696/3609 2641/3425/3348
f 2657/3429/3352 1768/3430/3353 2658/2731/2671
f 1770/3698/3611 2658/2731/2671 1768/3430/3353
f 2674/2733/2673 2673/3433/3356 1802/3699/3612
f 1800/3432/3355 1802/3699/3612 2673/3433/3356
f 2690/3435/3358 2650/2452/2404 2691/3700/3613
f 2651/2060/2019 2691/3700/3613 2650/2452/2404
f 2707/3701/3614 2706/3436/3359 2667/2066/2025
f 2666/2454/2406 2667/2066/2025 2706/3436/3359
f 2764/3702/3615 2765/3703/3616 2096/3704/3617
f 2075/3705/3618 2096/3704/3617 2765/3703/3616
f 2787/3706/3619 2786/3707/3620 2796/3708/3621
f 2795/3709/3622 2796/3708/3621 2786/3707/3620
f 1750/3710/3623 1748/3012/2943 2805/3443/3366
f 2804/3442/3365 2805/3443/3366 1748/3012/2943
f 2812/3444/3367 2813/3445/3368 1764/3711/3624
f 1766/3428/3351 1764/3711/3624 2813/3445/3368
f 1780/3015/2946 2820/3446/3369 1782/3712/3625
f 2821/3448/3371 1782/3712/3625 2820/3446/3369
f 1798/3431/3354 1796/3713/3626 2829/3450/3373
f 2828/3451/3374 2829/3450/3373 1796/3713/3626
f 2839/3452/3375 2531/3714/3627 2840/1796/1756
f 2533/1797/1757 2840/1796/1756 2531/3714/3627
f 2852/1806/1766 2583/2034/1993 2853/1808/1768
f 2507/3715/3628 2853/1808/1768 2583/2034/1993
f 2959/3716/3629 2941/3717/3630 2958/2512/2464
f 2940/2479/2431 2958/2512/2464 2941/3717/3630
f 2972/3718/3631 2900/3059/2989 2971/3453/3376
f 2899/3719/3632 2971/3453/3376 2900/3059/2989
f 2907/3720/3633 2979/3456/3379 2908/3062/2992
f 2980/3721/3634 2908/3062/2992 2979/3456/3379
f 2989/3722/3635 2917/3465/3388 2988/3460/3383
f 2916/3466/3389 2988/3460/3383 2917/3465/3388
f 2924/3723/3636 2996/3463/3386 2925/2748/2688
f 2997/3724/3637 2925/2748/2688 2996/3463/3386
f 3007/2503/2455 2917/3465/3388 3008/2504/2456
f 2918/3725/3638 3008/2504/2456 2917/3465/3388
f 3059/3467/3390 3060/2150/2109 3051/3726/3639
f 3052/2152/2111 3051/3726/3639 3060/2150/2109
f 3066/2133/2092 3075/2132/2091 3097/3468/3391
f 3099/3727/3640 3097/3468/3391 3075/2132/2091
f 3039/2172/2131 3100/3471/3394 3117/2141/2100
f 3116/2140/2099 3117/2141/2100 3100/3471/3394
f 3153/3728/3641 2857/3729/3642 3152/2756/2696
f 2856/3730/3643 3152/2756/2696 2857/3729/3642
f 2864/3731/3644 3160/3476/3399 2865/3732/3645
f 3161/3733/3646 2865/3732/3645 3160/3476/3399
f 3168/3480/3403 3169/3734/3647 2872/3735/3648
f 2873/3736/3649 2872/3735/3648 3169/3734/3647
f 3176/3483/3406 3177/3482/3405 3069/3072/3002
f 3078/3071/3001 3069/3072/3002 3177/3482/3405
f 3186/3486/3409 2887/3737/3650 3187/3487/3410
f 2886/3738/3651 3187/3487/3410 2887/3737/3650
f 3194/3489/3412 2879/3739/3652 3195/3491/3414
f 2878/3740/3653 3195/3491/3414 2879/3739/3652
f 3072/3741/3654 3080/1702/1663 3206/1791/1751
f 3207/1704/1665 3206/1791/1751 3080/1702/1663
f 3217/3493/3416 3096/3742/3655 3218/3495/3418
f 3040/3472/3395 3218/3495/3418 3096/3742/3655
f 3225/3498/3421 3044/3743/3656 3226/3496/3419
f 3178/3744/3657 3226/3496/3419 3044/3743/3656
f 2726/3745/3658 2723/3746/3659 3233/3500/3423
f 3230/3501/3424 3233/3500/3423 2723/3746/3659
f 2734/3747/3660 2733/3748/3661 3241/3504/3427
f 3240/3505/3428 3241/3504/3427 2733/3748/3661
f 3248/3509/3432 3249/3508/3431 2741/3749/3662
f 2742/3750/3663 2741/3749/3662 3249/3508/3431
f 3257/3514/3437 2750/3751/3664 3256/3512/3435
f 2749/3752/3665 3256/3512/3435 2750/3751/3664
f 2757/3753/3666 3264/3516/3439 2758/3754/3667
f 3265/3518/3441 2758/3754/3667 3264/3516/3439
f 3274/3523/3446 3141/3755/3668 3275/3756/3669
f 3142/3757/3670 3275/3756/3669 3141/3755/3668
f 3285/3758/3055 3150/3759/3054 3284/3760/3671
f 3182/3761/3672 3284/3760/3671 3150/3759/3054
f 2782/2529/2481 2513/3762/3673 3287/2531/2483
f 3288/3528/3451 3287/2531/2483 2513/3762/3673
f 3316/3143/3073 3315/3142/3072 3358/3763/3674
f 3360/3529/3452 3358/3763/3674 3315/3142/3072
f 3335/3141/3071 3350/3531/3454 3326/3140/3070
f 3351/3764/3675 3326/3140/3070 3350/3531/3454
f 3338/3534/3457 2856/3535/3458 3339/3130/3060
f 2857/3765/3676 3339/3130/3060 2856/3535/3458
f 3354/3537/3460 2872/3536/3459 3355/3766/3502
f 2873/3767/3504 3355/3766/3502 2872/3536/3459
f 1513/3540/3463 1555/3768/3677 3325/3129/3059
f 3330/3131/3061 3325/3129/3059 1555/3768/3677
f 3432/3163/3093 3454/3543/3466 3431/3769/3678
f 3455/3770/3679 3431/3769/3678 3454/3543/3466
f 3421/3546/3469 3470/3544/3467 3485/1710/1671
f 3474/1711/1672 3485/1710/1671 3470/3544/3467
f 3377/3771/3680 3408/2237/2196 3373/2231/2190
f 3407/3548/3471 3373/2231/2190 3408/2237/2196
f 1641/3550/3473 1515/3772/3681 3389/3153/3083
f 3380/3152/3082 3389/3153/3083 1515/3772/3681
f 3403/2228/2187 3402/3552/3475 2056/3773/3682
f 2055/3554/3477 2056/3773/3682 3402/3552/3475
f 2642/3557/3480 2682/3774/3683 3445/3558/3481
f 3446/3775/3684 3445/3558/3481 2682/3774/3683
f 2879/3776/3685 3459/3147/3077 2878/3559/3482
f 3458/3560/3483 2878/3559/3482 3459/3147/3077
f 3419/3777/3686 3420/3545/3468 2196/3778/3687
f 2197/3563/3486 2196/3778/3687 3420/3545/3468
f 3453/3236/3163 2855/3566/3489 3440/3237/3164
f 2530/3573/2520 3440/3237/3164 2855/3566/3489
f 3503/3779/3688 3506/3780/3689 3501/3567/3490
f 3504/3568/3491 3501/3567/3490 3506/3780/3689
f 3515/3572/2224 3516/3781/2222 3507/3571/3494
f 3510/3782/3690 3507/3571/3494 3516/3781/2222
f 3270/1718/1679 2720/2523/2475 3525/2570/2521
f 3538/3783/3691 3525/2570/2521 2720/2523/2475
f 3546/3188/1691 3498/3784/1689 3545/3579/1689
f 3295/3581/3500 3545/3579/1689 3498/3784/1689
f 3498/3784/1689 3296/3785/3692 3295/3581/3500
f 3524/3786/3693 3496/3787/1689 3492/3788/3694
f 3493/3789/3694 3492/3788/3694 3496/3787/1689
f 3558/1742/1702 3557/3586/3505 1681/1745/1705
f 1680/3790/3695 1681/1745/1705 3557/3586/3505
f 3563/3791/3696 1899/1906/1865 3562/3588/3507
f 1898/1904/1863 3562/3588/3507 1899/1906/1865
f 1914/1909/1868 3578/3591/3510 1915/1907/1866
f 3579/3792/3697 1915/1907/1866 3578/3591/3510
f 1986/2665/2605 2003/2367/2319 3595/3793/3698
f 3594/3592/3511 3595/3793/3698 2003/2367/2319
f 3611/3794/3699 2017/3795/3700 3610/3594/3513
f 1995/3595/3514 3610/3594/3513 2017/3795/3700
f 3595/3598/3517 3594/3796/3701 3643/3600/3518
f 3642/3797/3702 3643/3600/3518 3594/3796/3701
f 3573/3798/3703 3625/3799/3703 3574/3800/3519
f 3626/3801/3519 3574/3800/3519 3625/3799/3703
f 3670/3802/3704 3384/2614/2556 3669/3227/3154
f 3437/2615/2557 3669/3227/3154 3384/2614/2556
f 3398/2611/2553 1855/2610/2552 3673/3803/3705
f 3676/3804/3706 3673/3803/3705 1855/2610/2552
f 3685/3805/3707 3684/3609/3526 3681/3806/3708
f 3686/3611/3526 3681/3806/3708 3684/3609/3526
f 1813/1798/1758 1854/2660/2600 2537/2421/2373
f 2549/2422/2374 2537/2421/2373 1854/2660/2600
f 2550/2019/1978 2553/3807/3709 2551/1819/1779
f 2552/1817/1777 2551/1819/1779 2553/3807/3709
f 1393/3238/3165 1375/1864/1824 1392/3808/3710
f 1374/2339/2292 1392/3808/3710 1375/1864/1824
f 1417/2622/2563 1418/2323/2276 1426/3809/3711
f 1427/1597/1558 1426/3809/3711 1418/2323/2276
f 1464/2326/2279 1482/3242/3169 1463/2327/2280
f 1481/3810/3712 1463/2327/2280 1482/3242/3169
f 1457/2328/2281 1493/3246/3173 1456/2329/2282
f 1492/3811/3713 1456/2329/2282 1493/3246/3173
f 1539/3248/3175 1538/3618/3533 1548/1839/1799
f 1547/1838/1798 1548/1839/1799 1538/3618/3533
f 1508/1602/1563 1568/1604/1565 1509/3251/3178
f 1552/1618/1579 1509/3251/3178 1568/1604/1565
f 1446/2853/2785 1582/3253/3180 1447/3621/3536
f 1583/3254/3181 1447/3621/3536 1582/3253/3180
f 1451/3812/3714 1496/3623/3538 1593/3258/3185
f 1594/3257/3184 1593/3258/3185 1496/3623/3538
f 1606/1756/1716 1415/3813/3715 1607/1757/1717
f 1424/3625/3540 1607/1757/1717 1415/3813/3715
f 1618/3264/3191 1617/3814/3716 1603/3627/3542
f 1386/2652/2592 1603/3627/3542 1617/3814/3716
f 1435/2324/2277 1634/3267/3194 1433/2325/2278
f 1633/3815/3717 1433/2325/2278 1634/3267/3194
f 1516/3268/3195 1644/3271/3198 1514/3816/3718
f 1643/3817/3719 1514/3816/3718 1644/3271/3198
f 1653/1624/1585 1564/1626/1587 1654/3818/3720
f 1532/3819/3721 1654/3818/3720 1564/1626/1587
f 1673/3631/3546 1674/3275/3202 1544/3633/3546
f 1542/3277/3202 1544/3633/3546 1674/3275/3202
f 1532/3820/3722 1597/3821/3723 1690/3822/3722
f 1691/3823/3724 1690/3822/3722 1597/3821/3723
f 1705/3283/3206 1704/3824/3725 1494/3244/3171
f 1467/3245/3172 1494/3244/3171 1704/3824/3725
f 1562/3825/3726 1431/3826/3727 1712/3827/3728
f 1699/2879/2810 1712/3827/3728 1431/3826/3727
f 1440/1875/1834 1702/1873/1832 1639/2636/2577
f 1719/3828/3729 1639/2636/2577 1702/1873/1832
f 1383/2635/2576 1382/3639/3552 1725/3293/3216
f 1726/3294/3217 1725/3293/3216 1382/3639/3552
f 1739/3035/2965 1817/3829/3730 1741/2464/2416
f 1818/2893/2824 1741/2464/2416 1817/3829/3730
f 1833/3830/3731 1834/2897/2828 1771/3039/2969
f 1773/2468/2420 1771/3039/2969 1834/2897/2828
f 1805/2472/2424 1803/3043/2973 1850/2903/2834
f 1849/3831/3732 1850/2903/2834 1803/3043/2973
f 1868/3674/3587 1869/3296/3219 1827/2654/2594
f 1828/2354/2306 1827/2654/2594 1869/3296/3219
f 1844/2357/2309 1843/2655/2595 1885/3299/3222
f 1884/3676/3589 1885/3299/3222 1843/2655/2595
f 1961/3301/3224 1960/3832/3733 1903/3201/3129
f 1902/3833/3734 1903/3201/3129 1960/3832/3733
f 1919/3206/3134 1977/3302/3225 1918/3834/3735
f 1976/3835/3736 1918/3834/3735 1977/3302/3225
f 1986/2665/2605 2010/3304/3227 1987/2666/2606
f 2011/3306/3229 1987/2666/2606 2010/3304/3227
f 2092/3836/3737 2093/3308/3231 2071/1963/1922
f 2072/1962/1921 2071/1963/1922 2093/3308/3231
f 2109/3655/3568 2110/3311/3234 2092/3836/3737
f 2093/3308/3231 2092/3836/3737 2110/3311/3234
f 2160/2673/2613 2159/3314/3237 2108/2672/2612
f 2109/3655/3568 2108/2672/2612 2159/3314/3237
f 2116/2916/2847 2117/2917/2848 2167/3837/3738
f 2168/3317/3240 2167/3837/3738 2117/2917/2848
f 2177/2675/2615 2176/3323/3246 2143/2676/2616
f 2142/3316/3239 2143/2676/2616 2176/3323/3246
f 2150/3838/3739 2151/3319/3242 2184/3839/3740
f 2185/3325/3248 2184/3839/3740 2151/3319/3242
f 2262/3329/3252 2261/2679/2619 2227/3335/3258
f 2228/2680/2620 2227/3335/3258 2261/2679/2619
f 2269/3840/3741 2270/3331/3254 2235/3841/3742
f 2236/3337/3260 2235/3841/3742 2270/3331/3254
f 2279/3333/3256 2278/2683/2623 2210/3657/3570
f 2211/2684/2624 2210/3657/3570 2278/2683/2623
f 2286/3842/3743 2287/3339/3262 2218/3843/3744
f 2219/3659/3572 2218/3843/3744 2287/3339/3262
f 2296/2687/2627 2295/3341/3264 2211/2684/2624
f 2210/3657/3570 2211/2684/2624 2295/3341/3264
f 2303/3844/3745 2218/3843/3744 2304/3343/3266
f 2219/3659/3572 2304/3343/3266 2218/3843/3744
f 2318/3845/3746 2320/3347/3270 2319/1639/1600
f 2321/3346/3269 2319/1639/1600 2320/3347/3270
f 2073/3310/3233 2074/3653/3566 2327/3350/3273
f 2328/3348/3271 2327/3350/3273 2074/3653/3566
f 2336/3354/3277 2082/2371/2323 2335/3352/3275
f 2081/2669/2609 2335/3352/3275 2082/2371/2323
f 2258/2380/2332 2259/2381/2333 2345/3357/3280
f 2344/3359/3282 2345/3357/3280 2259/2381/2333
f 2353/3361/3284 2250/2378/2330 2352/3363/3286
f 2251/2379/2331 2352/3363/3286 2250/2378/2330
f 2361/3366/3289 2313/3661/3574 2360/3364/3287
f 2315/3345/3268 2360/3364/3287 2313/3661/3574
f 2374/3369/3292 2373/3846/3747 2042/2052/2011
f 2041/2053/2012 2042/2052/2011 2373/3846/3747
f 2391/3847/3748 2369/1980/1939 2392/3371/3294
f 2370/1982/1941 2392/3371/3294 2369/1980/1939
f 2266/2931/2862 2423/2405/2357 2130/2924/2855
f 2422/2407/2359 2130/2924/2855 2423/2405/2357
f 2414/3848/3749 2415/2965/2896 2435/3849/3750
f 2436/3374/3297 2435/3849/3750 2415/2965/2896
f 2450/1659/1620 2451/3376/3299 1866/2723/2663
f 1867/3673/3586 1866/2723/2663 2451/3376/3299
f 1875/2899/2830 1874/3850/3751 2459/3378/3301
f 2458/3379/3302 2459/3378/3301 1874/3850/3751
f 1883/3677/3590 1882/3851/3752 2467/3382/3305
f 2466/3383/3306 2467/3382/3305 1882/3851/3752
f 1890/3852/3753 2474/3386/3309 1891/2902/2833
f 2475/3388/3311 1891/2902/2833 2474/3386/3309
f 2498/2430/2382 2446/1997/1956 2497/3853/3754
f 2425/1996/1955 2497/3853/3754 2446/1997/1956
f 2555/3392/3315 2516/3393/3316 2547/3682/3595
f 2515/1673/1634 2547/3682/3595 2516/3393/3316
f 2721/1663/1624 2479/1662/1623 2639/2426/2378
f 2573/2715/2655 2639/2426/2378 2479/1662/1623
f 2578/2429/2381 2411/2700/2640 2577/3396/3319
f 2410/1992/1951 2577/3396/3319 2411/2700/2640
f 1952/3387/3310 2587/3397/3320 1953/3389/3312
f 2585/3399/3322 1953/3389/3312 2587/3397/3320
f 2594/3403/3326 1945/3384/3307 2595/3401/3324
f 1944/3385/3308 2595/3401/3324 1945/3384/3307
f 2602/3406/3329 1937/3380/3303 2603/3408/3331
f 1936/3381/3304 2603/3408/3331 1937/3380/3303
f 2611/3411/3334 2610/3412/3335 1928/2449/2401
f 1929/3377/3300 1928/2449/2401 2610/3412/3335
f 2620/3415/3338 2036/2398/2350 2619/3413/3336
f 2035/2695/2635 2619/3413/3336 2036/2398/2350
f 2627/3419/3342 2628/3420/3343 2043/3370/3293
f 2044/3669/3582 2043/3370/3293 2628/3420/3343
f 2052/1650/1611 2051/2697/2637 2636/3421/3344
f 2635/3422/3345 2636/3421/3344 2051/2697/2637
f 2639/2426/2378 2573/2715/2655 2384/1649/1610
f 2406/3854/3755 2384/1649/1610 2573/2715/2655
f 1766/3428/3351 2656/3022/2953 1764/3711/3624
f 2655/3024/2955 1764/3711/3624 2656/3022/2953
f 1796/3713/3626 1798/3431/3354 2671/3029/2960
f 2672/3028/2959 2671/3029/2960 1798/3431/3354
f 2688/3855/3756 2648/3856/3757 2689/3434/3357
f 2649/2724/2664 2689/3434/3357 2648/3856/3757
f 2705/3437/3360 2704/3857/3758 2665/2727/2667
f 2664/3858/3759 2665/2727/2667 2704/3857/3758
f 2784/2080/2039 2783/2462/2414 2793/3439/3362
f 2792/3859/3760 2793/3439/3362 2783/2462/2414
f 1748/3012/2943 1746/3011/2942 2804/3442/3365
f 2803/3860/3761 2804/3442/3365 1746/3011/2942
f 2811/3861/3762 2812/3444/3367 1762/3862/3763
f 1764/3711/3624 1762/3862/3763 2812/3444/3367
f 2820/3446/3369 1780/3015/2946 2819/3863/3764
f 1778/3017/2948 2819/3863/3764 1780/3015/2946
f 1796/3713/3626 1794/3864/3765 2828/3451/3374
f 2827/3865/3766 2828/3451/3374 1794/3864/3765
f 1812/1669/1630 1810/3021/2952 2836/1667/1628
f 2835/3866/3767 2836/1667/1628 1810/3021/2952
f 2847/1670/1631 2506/2032/1991 2852/1806/1766
f 2583/2034/1993 2852/1806/1766 2506/2032/1991
f 2938/3051/2981 2956/3096/3026 2939/2480/2432
f 2957/2511/2463 2939/2480/2432 2956/3096/3026
f 2971/3453/3376 2899/3719/3632 2970/3454/3377
f 2898/3459/3382 2970/3454/3377 2899/3719/3632
f 2979/3456/3379 2907/3720/3633 2978/3458/3381
f 2906/3462/3385 2978/3458/3381 2907/3720/3633
f 2988/3460/3383 2916/3466/3389 2987/3461/3384
f 2915/3867/3768 2987/3461/3384 2916/3466/3389
f 2996/3463/3386 2924/3723/3636 2995/3464/3387
f 2923/3065/2995 2995/3464/3387 2924/3723/3636
f 2916/3466/3389 3006/3079/3009 2915/3867/3768
f 3005/3081/3011 2915/3867/3768 3006/3079/3009
f 3024/1679/1640 2930/1678/1639 3026/1681/1642
f 3002/1683/1644 3026/1681/1642 2930/1678/1639
f 3059/3467/3390 3051/3726/3639 3058/1696/1657
f 3050/1697/1658 3058/1696/1657 3051/3726/3639
f 3049/1690/1651 3066/2133/2092 3098/1691/1652
f 3097/3468/3391 3098/1691/1652 3066/2133/2092
f 3080/1702/1663 3072/3741/3654 3110/3469/3392
f 3109/3470/3393 3110/3469/3392 3072/3741/3654
f 3096/3742/3655 3114/2752/2692 3040/3472/3395
f 3115/2501/2453 3040/3472/3395 3114/2752/2692
f 3134/3868/3769 3121/3869/3770 3133/3870/3771
f 3120/3871/3772 3133/3870/3771 3121/3869/3770
f 2863/3872/3773 3159/3478/3401 2864/3731/3644
f 3160/3476/3399 2864/3731/3644 3159/3478/3401
f 2871/3873/3774 3167/3479/3402 2872/3735/3648
f 3168/3480/3403 2872/3735/3648 3167/3479/3402
f 3174/2153/2112 3176/3483/3406 3052/2152/2111
f 3069/3072/3002 3052/2152/2111 3176/3483/3406
f 2888/3874/3775 2887/3737/3650 3185/3875/3776
f 3186/3486/3409 3185/3875/3776 2887/3737/3650
f 3193/3876/3777 2880/3877/3778 3194/3489/3412
f 2879/3739/3652 3194/3489/3412 2880/3877/3778
f 3204/3878/3779 3202/3879/3780 3054/1693/1654
f 3028/2131/2090 3054/1693/1654 3202/3879/3780
f 3042/3077/3007 3214/3880/3781 3043/3075/3005
f 3216/3881/3782 3043/3075/3005 3214/3880/3781
f 3111/3882/3783 3223/3883/3784 3036/2762/2702
f 3222/2763/2703 3036/2762/2702 3223/3883/3784
f 3232/3884/3785 3231/3885/3786 2725/3886/3787
f 2724/3887/3788 2725/3886/3787 3231/3885/3786
f 2733/3748/3661 2732/3888/3789 3240/3505/3428
f 3239/3889/3790 3240/3505/3428 2732/3888/3789
f 3247/3890/3791 3248/3509/3432 2740/3891/3792
f 2741/3749/3662 2740/3891/3792 3248/3509/3432
f 3256/3512/3435 2749/3752/3665 3255/3892/3793
f 2748/3893/3794 3255/3892/3793 2749/3752/3665
f 2756/3894/3795 3263/3895/3796 2757/3753/3666
f 3264/3516/3439 2757/3753/3666 3263/3895/3796
f 3273/3521/3444 3140/3896/3797 3274/3523/3446
f 3141/3755/3668 3274/3523/3446 3140/3896/3797
f 3151/3897/3798 3282/3526/3449 3148/3898/3799
f 3283/3527/3450 3148/3898/3799 3282/3526/3449
f 3362/2208/2167 3361/2207/2166 3313/3134/3064
f 3314/3132/3062 3313/3134/3064 3361/2207/2166
f 3348/2214/2173 3349/2212/2171 3322/2782/2722
f 3317/3530/3453 3322/2782/2722 3349/2212/2171
f 3359/3899/3800 3061/3900/3801 3356/3532/3455
f 3035/3533/3456 3356/3532/3455 3061/3900/3801
f 2871/3538/3461 3353/3539/3462 2870/3901/3802
f 3352/3902/3803 2870/3901/3802 3353/3539/3462
f 1450/3903/3804 1586/3541/3464 3318/2776/2716
f 3332/3542/3465 3318/2776/2716 1586/3541/3464
f 3472/2245/2204 3471/2243/2202 3433/3904/3805
f 3435/3161/3091 3433/3904/3805 3471/2243/2202
f 3420/3545/3468 3419/3777/3686 3469/2249/2208
f 3468/2248/2207 3469/2249/2208 3419/3777/3686
f 3400/3905/3806 3375/2551/2502 3406/3547/3470
f 3378/2233/2192 3406/3547/3470 3375/2551/2502
f 1434/3549/3472 3371/3551/3474 1478/3906/3807
f 3376/3907/3808 1478/3906/3807 3371/3551/3474
f 2053/3908/3809 2054/3555/3478 3400/3905/3806
f 3401/3553/3476 3400/3905/3806 2054/3555/3478
f 3450/3148/3078 2799/3909/3810 3395/3149/3079
f 1737/3556/3479 3395/3149/3079 2799/3909/3810
f 2876/3910/3811 2877/3561/3484 3456/3911/3812
f 3457/3562/3485 3456/3911/3812 2877/3561/3484
f 2198/3564/3487 3421/3546/3469 3291/3912/3813
f 3485/1710/1671 3291/3912/3813 3421/3546/3469
f 3442/2784/2724 2533/3913/3814 3441/2783/2723
f 2531/3565/3488 3441/2783/2723 2533/3913/3814
f 1664/3914/3815 3491/3915/3816 1370/1713/1674
f 3488/1714/1675 1370/1713/1674 3491/3915/3816
f 3501/3567/3490 3474/1711/1672 3503/3779/3688
f 3029/3916/3817 3503/3779/3688 3474/1711/1672
f 3517/3917/2743 3502/3569/3492 3519/3918/2744
f 3505/3570/3493 3519/3918/2744 3502/3569/3492
f 3151/3897/3798 3539/3919/3818 3282/3526/3449
f 3540/3575/3495 3282/3526/3449 3539/3919/3818
f 3543/3920/3819 3544/1725/1685 3302/3921/3819
f 3303/3576/3496 3302/3921/3819 3544/1725/1685
f 3497/3922/3820 3499/3923/2516 3535/3924/3821
f 3534/3925/2756 3535/3924/3821 3499/3923/2516
f 3493/3926/3822 3496/3927/3823 3334/3928/3824
f 1622/3929/3825 3334/3928/3824 3496/3927/3823
f 3557/3586/3505 3556/3930/3826 1680/3790/3695
f 1679/3931/3827 1680/3790/3695 3556/3930/3826
f 2775/2830/2762 3551/1748/1708 2773/3932/3828
f 2772/1749/1709 2773/3932/3828 3551/1748/1708
f 3577/3590/3509 1913/2364/2316 3576/3933/3829
f 1912/2663/2603 3576/3933/3829 1913/2364/2316
f 2005/1912/1871 1990/1911/1870 3593/3593/3512
f 3592/3934/3830 3593/3593/3512 1990/1911/1870
f 2018/2911/2842 3608/3935/3831 2020/2913/2844
f 3609/3596/3515 2020/2913/2844 3608/3935/3831
f 3597/3936/3832 3596/3597/3516 3645/3937/3833
f 3644/3599/3516 3645/3937/3833 3596/3597/3516
f 3575/3603/3520 3627/3604/3521 3576/3938/3834
f 3628/3939/3835 3576/3938/3834 3627/3604/3521
f 2774/3940/3836 2495/3941/3837 3657/3942/3838
f 3658/3943/3839 3657/3942/3838 2495/3941/3837
f 3368/3224/3151 3674/3605/3522 1407/3944/3840
f 3675/3607/3524 1407/3944/3840 3674/3605/3522
f 3688/3945/3841 3687/3612/3527 3682/3946/3842
f 3683/3610/3527 3682/3946/3842 3687/3612/3527
f 3699/3947/3843 3698/3948/3844 2791/2528/2480
f 2782/2529/2481 2791/2528/2480 3698/3948/3844
f 1373/2643/2584 1391/3949/3845 1374/2339/2292
f 1392/3808/3710 1374/2339/2292 1391/3949/3845
f 1415/3813/3715 1417/2622/2563 1424/3625/3540
f 1426/3809/3711 1424/3625/3540 1417/2622/2563
f 1482/3242/3169 1437/3243/3170 1481/3810/3712
f 1436/3628/3543 1481/3810/3712 1437/3243/3170
f 1493/3246/3173 1466/3247/3174 1492/3811/3713
f 1465/3615/3530 1492/3811/3713 1466/3247/3174
f 1547/1838/1798 1538/3618/3533 1546/1622/1583
f 1537/1617/1578 1546/1622/1583 1538/3618/3533
f 1561/1837/1797 1430/3950/3846 1562/3825/3726
f 1431/3826/3727 1562/3825/3726 1430/3950/3846
f 1508/1602/1563 1509/3251/3178 1581/1840/1800
f 1582/3253/3180 1581/1840/1800 1509/3251/3178
f 1452/3256/3183 1488/2854/2786 1593/3258/3185
f 1592/1844/1804 1593/3258/3185 1488/2854/2786
f 1606/1756/1716 1605/1767/1727 1415/3813/3715
f 1406/3951/3847 1415/3813/3715 1605/1767/1727
f 1617/3814/3716 1618/3264/3191 1395/3952/3848
f 1601/3262/3189 1395/3952/3848 1618/3264/3191
f 1634/3267/3194 1516/3268/3195 1633/3815/3717
f 1514/3816/3718 1633/3815/3717 1516/3268/3195
f 1644/3271/3198 1525/3272/3199 1643/3817/3719
f 1523/3953/3849 1643/3817/3719 1525/3272/3199
f 1653/1624/1585 1654/3818/3720 1566/1627/1588
f 1534/3954/3850 1566/1627/1588 1654/3818/3720
f 1602/1849/1809 1378/3955/3851 1671/3956/3852
f 1672/3957/3853 1671/3956/3852 1378/3955/3851
f 1689/3958/3854 1654/3959/3854 1690/3822/3722
f 1532/3820/3722 1690/3822/3722 1654/3959/3854
f 1704/3824/3725 1705/3283/3206 1468/3960/3855
f 1495/3285/3208 1468/3960/3855 1705/3283/3206
f 1712/3827/3728 1699/2879/2810 1563/3961/3856
f 1432/2877/2808 1563/3961/3856 1699/2879/2810
f 1441/2344/2296 1640/3962/3857 1702/1873/1832
f 1719/3828/3729 1702/1873/1832 1640/3962/3857
f 1724/1882/1841 1725/3293/3216 1400/3963/3858
f 1401/3295/3218 1400/3963/3858 1725/3293/3216
f 1735/3036/2966 1816/3964/3859 1739/3035/2965
f 1817/3829/3730 1739/3035/2965 1816/3964/3859
f 1832/3965/3860 1833/3830/3731 1769/3040/2970
f 1771/3039/2969 1769/3040/2970 1833/3830/3731
f 1803/3043/2973 1801/3044/2974 1849/3831/3732
f 1848/3966/3861 1849/3831/3732 1801/3044/2974
f 1867/3673/3586 1868/3674/3587 1826/3967/3862
f 1827/2654/2594 1826/3967/3862 1868/3674/3587
f 1843/2655/2595 1842/3968/3863 1884/3676/3589
f 1883/3677/3590 1884/3676/3589 1842/3968/3863
f 1960/3832/3733 1959/3969/3864 1902/3833/3734
f 1901/3970/3865 1902/3833/3734 1959/3969/3864
f 1918/3834/3735 1976/3835/3736 1917/3971/3866
f 1975/3972/3867 1917/3971/3866 1976/3835/3736
f 2008/3973/3868 1992/3650/3563 2009/3209/3137
f 1993/3651/3564 2009/3209/3137 1992/3650/3563
f 2071/1963/1922 2070/2689/2629 2092/3836/3737
f 2091/3974/3869 2092/3836/3737 2070/2689/2629
f 2108/2672/2612 2109/3655/3568 2091/3974/3869
f 2092/3836/3737 2091/3974/3869 2109/3655/3568
f 2143/2676/2616 2142/3316/3239 2160/2673/2613
f 2159/3314/3237 2160/2673/2613 2142/3316/3239
f 2167/3837/3738 2168/3317/3240 2150/3838/3739
f 2151/3319/3242 2150/3838/3739 2168/3317/3240
f 2125/3975/3870 2126/3321/3244 2177/2675/2615
f 2176/3323/3246 2177/2675/2615 2126/3321/3244
f 2184/3839/3740 2185/3325/3248 2133/3976/3871
f 2134/3327/3250 2133/3976/3871 2185/3325/3248
f 2126/3321/3244 2125/3975/3870 2262/3329/3252
f 2261/2679/2619 2262/3329/3252 2125/3975/3870
f 2133/3976/3871 2134/3327/3250 2269/3840/3741
f 2270/3331/3254 2269/3840/3741 2134/3327/3250
f 2227/3335/3258 2228/2680/2620 2279/3333/3256
f 2278/2683/2623 2279/3333/3256 2228/2680/2620
f 2235/3841/3742 2236/3337/3260 2286/3842/3743
f 2287/3339/3262 2286/3842/3743 2236/3337/3260
f 2245/1979/1938 2244/1977/1936 2296/2687/2627
f 2295/3341/3264 2296/2687/2627 2244/1977/1936
f 2303/3844/3745 2304/3343/3266 2252/1973/1932
f 2253/1975/1934 2252/1973/1932 2304/3343/3266
f 2319/1639/1600 2277/1638/1599 2318/3845/3746
f 2141/3977/3872 2318/3845/3746 2277/1638/1599
f 2327/3350/3273 2056/3351/3274 2326/1960/1919
f 2055/3978/3873 2326/1960/1919 2056/3351/3274
f 2064/3353/3276 2335/3352/3275 2063/3979/3874
f 2334/1967/1926 2063/3979/3874 2335/3352/3275
f 2208/3358/3281 2344/3359/3282 2209/3980/3875
f 2343/3667/3580 2209/3980/3875 2344/3359/3282
f 2200/3362/3285 2352/3363/3286 2201/3981/3876
f 2351/1972/1931 2201/3981/3876 2352/3363/3286
f 2314/3365/3288 2360/3364/3287 2087/2390/2342
f 2342/2389/2341 2087/2390/2342 2360/3364/3287
f 2372/3670/3583 2040/2721/2661 2373/3846/3747
f 2041/2053/2012 2373/3846/3747 2040/2721/2661
f 2390/3982/3877 2368/2397/2349 2391/3847/3748
f 2369/1980/1939 2391/3847/3748 2368/2397/2349
f 2130/2924/2855 2422/2407/2359 2181/2926/2857
f 2421/2702/2642 2181/2926/2857 2422/2407/2359
f 2435/3849/3750 2436/3374/3297 2394/3671/3584
f 2393/3372/3295 2394/3671/3584 2436/3374/3297
f 2448/2986/2917 2427/3983/3878 2442/2703/2643
f 2421/2702/2642 2442/2703/2643 2427/3983/3878
f 2458/3379/3302 2457/2001/1960 1936/3381/3304
f 1935/3689/3602 1936/3381/3304 2457/2001/1960
f 2466/3383/3306 2465/2004/1963 1944/3385/3308
f 1943/3687/3600 1944/3385/3308 2465/2004/1963
f 2473/2009/1968 1951/3685/3598 2474/3386/3309
f 1952/3387/3310 2474/3386/3309 1951/3685/3598
f 2215/3984/3879 2497/3853/3754 2283/2934/2865
f 2425/1996/1955 2283/2934/2865 2497/3853/3754
f 2503/3985/3880 2517/3391/3314 2388/1985/1944
f 2387/1987/1946 2388/1985/1944 2517/3391/3314
f 1854/2660/2600 1895/2659/2599 2549/2422/2374
f 2554/3986/3881 2549/2422/2374 1895/2659/2599
f 1859/2895/2826 2557/3987/3882 1860/2894/2825
f 2556/2023/1982 1860/2894/2825 2557/3987/3882
f 1862/1652/1613 2561/1654/1615 2570/1661/1622
f 2540/2022/1981 2570/1661/1622 2561/1654/1615
f 2444/2406/2358 2576/3684/3597 2443/2408/2360
f 2575/2028/1987 2443/2408/2360 2576/3684/3597
f 2585/3399/3322 1982/3400/3323 2586/3988/3883
f 1983/3989/3884 2586/3988/3883 1982/3400/3323
f 2594/3403/3326 1974/3404/3327 2593/2038/1997
f 1975/3990/3885 2593/2038/1997 1974/3404/3327
f 2602/3406/3329 1966/3405/3328 2601/2041/2000
f 1967/3991/3886 2601/2041/2000 1966/3405/3328
f 1958/3410/3333 1959/3992/3887 2610/3412/3335
f 2609/2044/2003 2610/3412/3335 1959/3992/3887
f 2618/2048/2007 2002/3993/3888 2619/3413/3336
f 1987/3414/3337 2619/3413/3336 2002/3993/3888
f 2023/3994/3889 2025/3417/3340 2626/2054/2013
f 2627/3419/3342 2626/2054/2013 2025/3417/3340
f 2635/3422/3345 2634/2058/2017 2016/3424/3347
f 1994/3995/3890 2016/3424/3347 2634/2058/2017
f 1764/3711/3624 2655/3024/2955 1762/3862/3763
f 2654/3996/3891 1762/3862/3763 2655/3024/2955
f 2671/3029/2960 2670/3997/3892 1796/3713/3626
f 1794/3864/3765 1796/3713/3626 2670/3997/3892
f 2687/3998/3893 2647/3014/2945 2688/3855/3756
f 2648/3856/3757 2688/3855/3756 2647/3014/2945
f 2704/3857/3758 2703/3999/3894 2664/3858/3759
f 2663/3016/2947 2664/3858/3759 2703/3999/3894
f 2512/1666/1627 2508/1709/1670 2249/2942/2873
f 2300/2941/2872 2249/2942/2873 2508/1709/1670
f 2790/2775/2715 2781/2734/2674 2789/4000/3895
f 2780/2736/2676 2789/4000/3895 2781/2734/2674
f 2804/3442/3365 2803/3860/3761 1747/3440/3363
f 1745/3640/3553 1747/3440/3363 2803/3860/3761
f 2812/3444/3367 2811/3861/3762 1763/1889/1848
f 1761/2355/2307 1763/1889/1848 2811/3861/3762
f 2819/3863/3764 1777/3642/3555 2820/3446/3369
f 1779/3447/3370 2820/3446/3369 1777/3642/3555
f 2828/3451/3374 2827/3865/3766 1795/1892/1851
f 1793/2356/2308 1795/1892/1851 2827/3865/3766
f 2836/1667/1628 2835/3866/3767 1811/3613/3528
f 1809/3644/3557 1811/3613/3528 2835/3866/3767
f 2514/1671/1632 2548/1803/1763 2848/1672/1633
f 2851/1802/1762 2848/1672/1633 2548/1803/1763
f 2956/3096/3026 2938/3051/2981 2955/3094/3024
f 2937/3053/2983 2955/3094/3024 2938/3051/2981
f 2933/2475/2427 2934/2107/2066 2969/2109/2068
f 2970/3454/3377 2969/2109/2068 2934/2107/2066
f 2977/2112/2071 2941/3717/3630 2978/3458/3381
f 2942/3457/3380 2978/3458/3381 2941/3717/3630
f 2897/2111/2070 2987/3461/3384 2895/2110/2069
f 2986/2116/2075 2895/2110/2069 2987/3461/3384
f 2905/2113/2072 2995/3464/3387 2904/2115/2074
f 2994/2123/2082 2904/2115/2074 2995/3464/3387
f 3004/4001/3896 2914/2117/2076 3005/3081/3011
f 2915/3867/3768 3005/3081/3011 2914/2117/2076
f 3022/2514/2466 3024/1679/1640 3023/1674/1635
f 3026/1681/1642 3023/1674/1635 3024/1679/1640
f 3032/2749/2689 3058/1696/1657 3031/4002/3897
f 3057/1689/1650 3031/4002/3897 3058/1696/1657
f 3095/3492/3415 3094/2134/2093 3085/4003/3898
f 3076/4004/3899 3085/4003/3898 3094/2134/2093
f 3063/4005/3900 3071/2750/2690 3108/2137/2096
f 3109/3470/3393 3108/2137/2096 3071/2750/2690
f 3114/2752/2692 3096/3742/3655 3113/4006/3901
f 3041/4007/3902 3113/4006/3901 3096/3742/3655
f 3119/4008/3903 3132/4009/3904 3120/3871/3772
f 3133/3870/3771 3120/3871/3772 3132/4009/3904
f 3158/2145/2104 3009/4010/3905 3159/3478/3401
f 3010/3477/3400 3159/3478/3401 3009/4010/3905
f 3166/2149/2108 3017/2126/2085 3167/3479/3402
f 3018/2128/2087 3167/3479/3402 3017/2126/2085
f 3053/2507/2459 3070/3485/3408 3174/2153/2112
f 3176/3483/3406 3174/2153/2112 3070/3485/3408
f 3185/3875/3776 3186/3486/3409 2951/2474/2426
f 2952/2106/2065 2951/2474/2426 3186/3486/3409
f 2959/3716/3629 3193/3876/3777 2960/3488/3411
f 3194/3489/3412 2960/3488/3411 3193/3876/3777
f 3203/1814/1774 3204/3878/3779 3045/1694/1655
f 3054/1693/1654 3045/1694/1655 3204/3878/3779
f 3214/3880/3781 3086/4011/3906 3216/3881/3782
f 3087/4012/3907 3216/3881/3782 3086/4011/3906
f 3081/2751/2691 3222/2763/2703 3110/3469/3392
f 3223/3883/3784 3110/3469/3392 3222/2763/2703
f 3231/3885/3786 3232/3884/3785 2681/4013/3908
f 2682/4014/3683 2681/4013/3908 3232/3884/3785
f 3240/3505/3428 3239/3889/3790 2690/3507/3430
f 2689/4015/3909 2690/3507/3430 3239/3889/3790
f 3248/3509/3432 3247/3890/3791 2698/3511/3434
f 2697/4016/3910 2698/3511/3434 3247/3890/3791
f 3255/3892/3793 2705/4017/3911 3256/3512/3435
f 2706/3513/3436 3256/3512/3435 2705/4017/3911
f 3263/3895/3796 2713/4018/3912 3264/3516/3439
f 2714/3517/3440 3264/3516/3439 2713/4018/3912
f 3126/4019/3913 3271/2192/2151 3127/3520/3443
f 3273/3521/3444 3127/3520/3443 3271/2192/2151
f 3136/4020/3914 3281/4021/3915 3125/4022/3916
f 3272/2190/2149 3125/4022/3916 3281/4021/3915
f 2508/1709/1670 3290/1708/1669 2507/3715/3628
f 2853/1808/1768 2507/3715/3628 3290/1708/1669
f 3313/3134/3064 3337/4023/3917 3362/2208/2167
f 3363/2538/2489 3362/2208/2167 3337/4023/3917
f 3322/2782/2722 3320/2543/2494 3348/2214/2173
f 3347/2541/2492 3348/2214/2173 3320/2543/2494
f 3359/3899/3800 3358/3763/3674 3061/3900/3801
f 3053/4024/3918 3061/3900/3801 3358/3763/3674
f 2870/3901/3802 3352/3902/3803 2869/4025/3919
f 3351/3764/3675 2869/4025/3919 3352/3902/3803
f 1477/4026/3920 1450/3903/3804 3321/2536/2487
f 3318/2776/2716 3321/2536/2487 1450/3903/3804
f 3473/2557/2508 3472/2245/2204 3434/2258/2217
f 3433/3904/3805 3434/2258/2217 3472/2245/2204
f 3419/3777/3686 3418/4027/3921 3468/2248/2207
f 3467/2559/2510 3468/2248/2207 3418/4027/3921
f 3372/2791/2731 3375/2551/2502 3401/3553/3476
f 3400/3905/3806 3401/3553/3476 3375/2551/2502
f 1460/4028/3922 1478/3906/3807 3374/4029/3923
f 3376/3907/3808 3374/4029/3923 1478/3906/3807
f 2059/4030/3924 2053/3908/3809 3406/3547/3470
f 3400/3905/3806 3406/3547/3470 2053/3908/3809
f 3450/3148/3078 3396/4031/3925 2799/3909/3810
f 1738/4032/3926 2799/3909/3810 3396/4031/3925
f 2875/4033/3927 2876/3910/3811 3455/3770/3679
f 3456/3911/3812 3455/3770/3679 2876/3910/3811
f 3485/1710/1671 3439/1712/1673 3291/3912/3813
f 2518/4034/3928 3291/3912/3813 3439/1712/1673
f 2208/4035/3929 3431/3769/3678 2207/4036/3930
f 3430/4037/3931 2207/4036/3930 3431/3769/3678
f 3489/4038/3932 3486/2255/2214 3491/4039/3816
f 3488/4040/1675 3491/4039/3816 3486/2255/2214
f 3474/1711/1672 3501/3567/3490 3439/1712/1673
f 3502/3569/3492 3439/1712/1673 3501/3567/3490
f 2518/4034/3928 3439/1712/1673 3517/3917/2743
f 3502/3569/3492 3517/3917/2743 3439/1712/1673
f 2719/4041/3933 2679/3019/2950 2720/4042/3934
f 3538/4043/3935 2720/4042/3934 2679/3019/2950
f 3544/1725/1685 3543/3920/3819 3308/1722/1683
f 3309/4044/3936 3308/1722/1683 3543/3920/3819
f 3298/4045/3937 1623/4046/3937 3299/4047/3938
f 1625/4048/3939 3299/4047/3938 1623/4046/3937
f 3548/2275/2230 3533/4049/1692 3547/1729/1689
f 3541/4050/3694 3547/1729/1689 3533/4049/1692
f 1676/1737/1697 1675/4051/3940 3560/1733/1693
f 3550/4052/3941 3560/1733/1693 1675/4051/3940
f 3557/3586/3505 1685/3587/3506 3556/3930/3826
f 1686/4053/3942 3556/3930/3826 1685/3587/3506
f 2485/3032/2963 2776/3033/2963 2486/4054/3943
f 2775/4055/3944 2486/4054/3943 2776/3033/2963
f 3576/3933/3829 1912/2663/2603 3575/4056/3945
f 1911/4057/3946 3575/4056/3945 1912/2663/2603
f 3591/4058/3947 3592/3934/3830 2000/4059/3948
f 1990/1911/1870 2000/4059/3948 3592/3934/3830
f 1989/1918/1877 3607/4060/3949 2018/2911/2842
f 3608/3935/3831 2018/2911/2842 3607/4060/3949
f 3598/4061/3950 3597/3936/3832 3646/4062/3951
f 3645/3937/3833 3646/4062/3951 3597/3936/3832
f 3577/4063/3952 3576/3938/3834 3629/4064/3953
f 3628/3939/3835 3629/4064/3953 3576/3938/3834
f 3657/3942/3838 3658/3943/3839 2775/4055/3944
f 2486/4054/3943 2775/4055/3944 3658/3943/3839
f 3399/2608/2550 3661/2609/2551 1896/2843/2775
f 3664/4065/3954 1896/2843/2775 3661/2609/2551
f 3674/3605/3522 3673/3803/3705 3367/3606/3523
f 3396/4031/3925 3367/3606/3523 3673/3803/3705
f 3680/4066/3955 2482/4067/3956 3677/2616/2558
f 3437/2615/2557 3677/2616/2558 2482/4067/3956
f 3681/4068/3957 3589/4069/3958 3640/4070/3959
f 3588/4071/3959 3640/4070/3959 3589/4069/3958
f 2537/2421/2373 2842/4072/3960 1813/1798/1758
f 3693/1799/1759 1813/1798/1758 2842/4072/3960
f 2792/3859/3760 2783/2462/2414 3699/3947/3843
f 3698/3948/3844 3699/3947/3843 2783/2462/2414
f 2552/1817/1777 2553/3807/3709 3702/3614/3529
f 2520/3681/3594 3702/3614/3529 2553/3807/3709
f 1371/3635/3548 1389/3634/3547 1372/4073/3961
f 1390/4074/3962 1372/4073/3961 1389/3634/3547
f 1421/4075/3963 1420/1823/1783 1412/2849/2781
f 1411/1821/1781 1412/2849/2781 1420/1823/1783
f 1481/3810/3712 1436/3628/3543 1480/1825/1785
f 1435/2324/2277 1480/1825/1785 1436/3628/3543
f 1492/3811/3713 1465/3615/3530 1491/1829/1789
f 1464/2326/2279 1491/1829/1789 1465/3615/3530
f 1503/4076/3964 1458/3616/3531 1502/1833/1793
f 1457/2328/2281 1502/1833/1793 1458/3616/3531
f 1561/1837/1797 1560/1836/1796 1430/3950/3846
f 1429/2330/2283 1430/3950/3846 1560/1836/1796
f 1508/1602/1563 1581/1840/1800 1507/1628/1589
f 1580/1842/1802 1507/1628/1589 1581/1840/1800
f 1488/2854/2786 1461/1826/1786 1592/1844/1804
f 1591/1845/1805 1592/1844/1804 1461/1826/1786
f 1378/3955/3851 1602/1849/1809 1396/4077/2734
f 1601/1848/1808 1396/4077/2734 1602/1849/1809
f 1617/3814/3716 1395/3952/3848 1616/1852/1812
f 1394/2335/2288 1616/1852/1812 1395/3952/3848
f 1633/3815/3717 1514/3816/3718 1642/1859/1819
f 1595/1860/1820 1642/1859/1819 1514/3816/3718
f 1643/3817/3719 1523/3953/3849 1652/1861/1821
f 1596/2337/2290 1652/1861/1821 1523/3953/3849
f 1670/4078/3965 1669/1867/1827 1377/1851/1811
f 1376/1865/1825 1377/1851/1811 1669/1867/1827
f 1687/1870/1830 1576/1871/1830 1688/4079/3966
f 1534/4080/3967 1688/4079/3966 1576/1871/1830
f 1468/3960/3855 1486/2343/2295 1704/3824/3725
f 1703/1872/1831 1704/3824/3725 1486/2343/2295
f 1563/3961/3856 1550/2881/2812 1712/3827/3728
f 1709/2882/2813 1712/3827/3728 1550/2881/2812
f 1640/3962/3857 1522/4081/3968 1719/3828/3729
f 1718/4082/3969 1719/3828/3729 1522/4081/3968
f 1722/1881/1840 1724/1882/1841 1399/2350/2302
f 1400/3963/3858 1399/2350/2302 1724/1882/1841
f 1732/1885/1844 1695/2351/2303 1728/1883/1842
f 1404/4083/3970 1728/1883/1842 1695/2351/2303
f 1830/1888/1847 1831/4084/3971 1765/1890/1849
f 1767/4085/3972 1765/1890/1849 1831/4084/3971
f 1799/4086/3973 1797/1891/1850 1847/4087/3974
f 1846/1893/1852 1847/4087/3974 1797/1891/1850
f 1865/1896/1855 1866/2723/2663 1824/1898/1857
f 1825/2886/2817 1824/1898/1857 1866/2723/2663
f 1841/2891/2822 1840/1899/1858 1882/3851/3752
f 1881/1901/1860 1882/3851/3752 1840/1899/1858
f 1957/1905/1864 1899/1906/1865 1958/4088/3975
f 1900/4089/3976 1958/4088/3975 1899/1906/1865
f 1916/4090/3977 1974/4091/3978 1915/1907/1866
f 1973/1908/1867 1915/1907/1866 1974/4091/3978
f 1985/4092/3979 2006/4093/3980 1984/4094/3981
f 2007/3210/3138 1984/4094/3981 2006/4093/3980
f 2028/4095/3982 2029/2291/2246 2026/1915/1874
f 2027/1916/1875 2026/1915/1874 2029/2291/2246
f 2084/1920/1879 2085/4096/3983 2105/1922/1881
f 2106/4097/3984 2105/1922/1881 2085/4096/3983
f 2105/1922/1881 2106/4097/3984 2122/1924/1883
f 2123/1931/1890 2122/1924/1883 2106/4097/3984
f 2166/1928/1887 2167/3837/3738 2149/1933/1892
f 2150/3838/3739 2149/1933/1892 2167/3837/3738
f 2157/1939/1898 2174/1930/1889 2158/4098/3985
f 2175/4099/3986 2158/4098/3985 2174/1930/1889
f 2183/1935/1894 2184/3839/3740 2132/2375/2327
f 2133/3976/3871 2132/2375/2327 2184/3839/3740
f 2191/1938/1897 2192/4100/3987 2140/2377/2329
f 2141/3977/3872 2140/2377/2329 2192/4100/3987
f 2132/2375/2327 2133/3976/3871 2268/1941/1900
f 2269/3840/3741 2268/1941/1900 2133/3976/3871
f 2140/2377/2329 2141/3977/3872 2276/1945/1904
f 2277/1638/1599 2276/1945/1904 2141/3977/3872
f 2234/1943/1902 2235/3841/3742 2285/1949/1908
f 2286/3842/3743 2285/1949/1908 2235/3841/3742
f 2242/1947/1906 2243/1637/1598 2293/1953/1912
f 2294/1641/1602 2293/1953/1912 2243/1637/1598
f 2302/1957/1916 2303/3844/3745 2251/2379/2331
f 2252/1973/1932 2251/2379/2331 2303/3844/3745
f 2259/2381/2333 2310/1959/1918 2260/1636/1597
f 2311/1634/1595 2260/1636/1597 2310/1959/1918
f 2054/2384/2336 2324/1961/1920 2055/3978/3873
f 2326/1960/1919 2055/3978/3873 2324/1961/1920
f 2063/3979/3874 2334/1967/1926 2062/2386/2338
f 2333/1965/1924 2062/2386/2338 2334/1967/1926
f 2090/2388/2340 2341/1968/1927 2069/4101/3988
f 2340/1970/1929 2069/4101/3988 2341/1968/1927
f 2350/1974/1933 2202/2391/2343 2351/1972/1931
f 2201/3981/3876 2351/1972/1931 2202/2391/2343
f 2359/1976/1935 2354/1978/1937 2194/2396/2348
f 2193/4102/3989 2194/2396/2348 2354/1978/1937
f 2370/1982/1941 2038/1983/1942 2371/3373/3296
f 2039/4103/3990 2371/3373/3296 2038/1983/1942
f 2367/2694/2634 2389/4104/3991 2366/1984/1943
f 2388/1985/1944 2366/1984/1943 2389/4104/3991
f 2382/1989/1948 2383/2696/2636 2404/1991/1950
f 2405/4105/3992 2404/1991/1950 2383/2696/2636
f 2434/4106/3993 2428/4107/3994 2420/3395/3318
f 2414/3848/3749 2420/3395/3318 2428/4107/3994
f 2424/1998/1957 2445/1999/1958 2423/2405/2357
f 2444/2406/2358 2423/2405/2357 2445/1999/1958
f 1934/2410/2362 1935/3689/3602 2456/2000/1959
f 2457/2001/1960 2456/2000/1959 1935/3689/3602
f 2465/2004/1963 2464/2005/1964 1943/3687/3600
f 1942/2413/2365 1943/3687/3600 2464/2005/1964
f 2472/2007/1966 1950/2417/2369 2473/2009/1968
f 1951/3685/3598 2473/2009/1968 1950/2417/2369
f 2515/1673/1634 2516/3393/3316 2505/2977/2908
f 2504/2978/2909 2505/2977/2908 2516/3393/3316
f 2545/1818/1778 2532/2473/2425 2551/1819/1779
f 2534/2018/1977 2551/1819/1779 2532/2473/2425
f 1860/2894/2825 2556/2023/1982 1861/1653/1614
f 2561/1654/1615 1861/1653/1614 2556/2023/1982
f 2562/3683/3596 2511/2014/1973 2569/2025/1984
f 2522/2424/2376 2569/2025/1984 2511/2014/1973
f 2443/2408/2360 2575/2028/1987 2442/2703/2643
f 2574/2030/1989 2442/2703/2643 2575/2028/1987
f 2583/2034/1993 2582/2035/1994 2507/3715/3628
f 2498/2430/2382 2507/3715/3628 2582/2035/1994
f 2593/2038/1997 1975/3990/3885 2592/2036/1995
f 1976/2431/2383 2592/2036/1995 1975/3990/3885
f 2601/2041/2000 1967/3991/3886 2600/2043/2002
f 1968/2436/2388 2600/2043/2002 1967/3991/3886
f 1959/3992/3887 1960/2437/2389 2609/2044/2003
f 2608/2045/2004 2609/2044/2003 1960/2437/2389
f 2617/2050/2009 2004/2442/2394 2618/2048/2007
f 2002/3993/3888 2618/2048/2007 2004/2442/2394
f 2626/2054/2013 2625/2055/2014 2023/3994/3889
f 1985/2445/2397 2023/3994/3889 2625/2055/2014
f 2021/2447/2399 1994/3995/3890 2633/2059/2018
f 2634/2058/2017 2633/2059/2018 1994/3995/3890
f 1863/2358/2310 1862/1652/1613 2721/1663/1624
f 2570/1661/1622 2721/1663/1624 1862/1652/1613
f 1760/2090/2049 2653/4108/3995 1758/2063/2022
f 2652/2062/2021 1758/2063/2022 2653/4108/3995
f 1790/2065/2024 1792/2095/2054 2668/2067/2026
f 2669/4109/3996 2668/2067/2026 1792/2095/2054
f 2685/2070/2029 2645/2071/2030 2686/4110/3997
f 2646/3013/2944 2686/4110/3997 2645/2071/2030
f 2702/4111/3998 2701/2072/2031 2662/3018/2949
f 2661/2074/2033 2662/3018/2949 2701/2072/2031
f 2677/2077/2036 2678/3020/2951 2717/2079/2038
f 2718/4112/3999 2717/2079/2038 2678/3020/2951
f 2786/3707/3620 2787/3706/3619 2546/4113/4000
f 2529/4114/4001 2546/4113/4000 2787/3706/3619
f 2803/3860/3761 2802/2086/2045 1745/3640/3553
f 1743/2463/2415 1745/3640/3553 2802/2086/2045
f 1759/2466/2418 1761/2355/2307 2810/2089/2048
f 2811/3861/3762 2810/2089/2048 1761/2355/2307
f 1777/3642/3555 2819/3863/3764 1775/2467/2419
f 2818/2093/2052 1775/2467/2419 2819/3863/3764
f 2827/3865/3766 2826/2096/2055 1793/2356/2308
f 1791/2469/2421 1793/2356/2308 2826/2096/2055
f 2835/3866/3767 2834/2100/2059 1809/3644/3557
f 1807/2471/2423 1809/3644/3557 2834/2100/2059
f 2545/1818/1778 2547/3682/3595 2849/1801/1761
f 2851/1802/1762 2849/1801/1761 2547/3682/3595
f 2935/2105/2064 2953/2104/2063 2936/4115/4002
f 2954/4116/4003 2936/4115/4002 2953/2104/2063
f 2969/2109/2068 2968/2108/2067 2933/2475/2427
f 2932/2477/2429 2933/2475/2427 2968/2108/2067
f 2976/2114/2073 2940/2479/2431 2977/2112/2071
f 2941/3717/3630 2977/2112/2071 2940/2479/2431
f 2896/2746/2686 2895/2110/2069 2985/2118/2077
f 2986/2116/2075 2985/2118/2077 2895/2110/2069
f 2993/2121/2080 2903/2486/2438 2994/2123/2082
f 2904/2115/2074 2994/2123/2082 2903/2486/2438
f 3001/2125/2084 2911/2489/2441 3002/1683/1644
f 2912/1682/1643 3002/1683/1644 2911/2489/2441
f 3018/2128/2087 2928/2129/2088 3019/3481/3404
f 2929/2124/2083 3019/3481/3404 2928/2129/2088
f 3055/1684/1645 3027/2130/2089 3056/1685/1646
f 3030/3068/2998 3056/1685/1646 3027/2130/2089
f 3094/2134/2093 3093/2135/2094 3076/4004/3899
f 3067/2495/2447 3076/4004/3899 3093/2135/2094
f 3046/1688/1649 3063/4005/3900 3107/1692/1653
f 3108/2137/2096 3107/1692/1653 3063/4005/3900
f 3118/4117/4004 3117/2141/2100 3131/4118/4005
f 3130/2139/2098 3131/4118/4005 3117/2141/2100
f 3157/2143/2102 3008/2504/2456 3158/2145/2104
f 3009/4010/3905 3158/2145/2104 3008/2504/2456
f 3165/2147/2106 3016/2490/2442 3166/2149/2108
f 3017/2126/2085 3166/2149/2108 3016/2490/2442
f 3173/2757/2697 3035/4119/4006 3175/2151/2110
f 3061/2508/2460 3175/2151/2110 3035/4119/4006
f 3184/2157/2116 3185/3875/3776 2950/2510/2462
f 2951/2474/2426 2950/2510/2462 3185/3875/3776
f 2958/2512/2464 3192/2160/2119 2959/3716/3629
f 3193/3876/3777 2959/3716/3629 3192/2160/2119
f 2949/2509/2461 3028/2131/2090 3183/2156/2115
f 3202/3879/3780 3183/2156/2115 3028/2131/2090
f 3215/4120/4007 3085/4003/3898 3214/3880/3781
f 3086/4011/3906 3214/3880/3781 3085/4003/3898
f 3110/3469/3392 3223/3883/3784 3080/1702/1663
f 3224/4121/4008 3080/1702/1663 3223/3883/3784
f 3230/3501/3424 3231/3885/3786 2680/3503/3426
f 2681/4013/3908 2680/3503/3426 3231/3885/3786
f 3239/3889/3790 3238/2176/2135 2689/4015/3909
f 2688/2515/2467 2689/4015/3909 3238/2176/2135
f 3247/3890/3791 3246/2179/2138 2697/4016/3910
f 2696/2517/2469 2697/4016/3910 3246/2179/2138
f 3254/2182/2141 2704/2520/2472 3255/3892/3793
f 2705/4017/3911 3255/3892/3793 2704/2520/2472
f 3262/2189/2148 2712/2522/2474 3263/3895/3796
f 2713/4018/3912 3263/3895/3796 2712/2522/2474
f 3271/2192/2151 3126/4019/3913 3272/2190/2149
f 3125/4022/3916 3272/2190/2149 3126/4019/3913
f 3133/2525/2477 3279/2195/2154 3134/3122/3052
f 3280/2194/2153 3134/3122/3052 3279/2195/2154
f 2512/1666/1627 3292/4122/4009 2763/1664/1625
f 2519/4123/4010 2763/1664/1625 3292/4122/4009
f 3301/4124/4011 2086/4125/4012 3311/2269/2226
f 2089/2268/2226 3311/2269/2226 2086/4125/4012
f 3345/2206/2165 3346/2780/2720 3319/2205/2164
f 3323/2217/2176 3319/2205/2164 3346/2780/2720
f 3361/2207/2166 3079/2209/2168 3360/3529/3452
f 3070/4126/4013 3360/3529/3452 3079/2209/2168
f 2867/2211/2170 2868/4127/4014 3349/2212/2171
f 3350/3531/3454 3349/2212/2171 2868/4127/4014
f 1459/2216/2175 1504/4128/4015 3319/2205/2164
f 3324/2203/2162 3319/2205/2164 1504/4128/4015
f 3482/3168/3098 3451/4129/4016 3480/2218/2177
f 3444/2219/2178 3480/2218/2177 3451/4129/4016
f 3416/2224/2183 3465/2225/2184 3417/4130/4017
f 3466/2798/2736 3417/4130/4017 3465/2225/2184
f 3379/2229/2188 3386/3158/3088 3403/2228/2187
f 3402/3552/3475 3403/2228/2187 3386/3158/3088
f 1487/4131/4018 3377/3771/3680 1451/2230/2189
f 3373/2231/2190 1451/2230/2189 3377/3771/3680
f 2061/2235/2194 2060/4132/4019 3408/2237/2196
f 3407/3548/3471 3408/2237/2196 2060/4132/4019
f 3394/2241/2200 1730/2239/2198 3367/3606/3523
f 1397/3608/3525 3367/3606/3523 1730/2239/2198
f 2891/2242/2201 2874/4133/4020 3471/2243/2202
f 3454/3543/3466 3471/2243/2202 2874/4133/4020
f 3470/3544/3467 3469/2249/2208 2890/4134/4021
f 2889/2247/2206 2890/4134/4021 3469/2249/2208
f 2205/2250/2209 2206/4135/4022 3428/2251/2210
f 3429/4136/4023 3428/2251/2210 2206/4135/4022
f 1379/4137/1678 3488/4040/1675 3312/2254/2213
f 3486/2255/2214 3312/2254/2213 3488/4040/1675
f 3500/4138/2219 2087/4139/2220 3497/3922/3820
f 2090/4140/4024 3497/3922/3820 2087/4139/2220
f 3204/3878/3779 3203/1814/1774 3518/4141/4025
f 3047/1813/1773 3518/4141/4025 3203/1814/1774
f 3497/3922/3820 3535/3924/3821 3500/4138/2219
f 3536/4142/2530 3500/4138/2219 3535/3924/3821
f 3311/4143/3936 3543/3920/3819 3301/4144/4026
f 3302/3921/3819 3301/4144/4026 3543/3920/3819
f 3537/2583/2531 3542/2271/2228 3481/2585/2532
f 3090/2270/2227 3481/2585/2532 3542/2271/2228
f 3535/4145/1689 3548/2275/2230 3536/4146/4027
f 3537/2274/1692 3536/4146/4027 3548/2275/2230
f 2777/4147/4028 2778/1736/1696 3549/2276/2231
f 3560/1733/1693 3549/2276/2231 2778/1736/1696
f 3556/3930/3826 1686/4053/3942 3555/2281/2236
f 1687/2588/2534 3555/2281/2236 1686/4053/3942
f 3551/1748/1708 2768/4148/4029 2770/1746/1706
f 2769/4149/4030 2770/1746/1706 2768/4148/4029
f 3573/2283/2238 3574/4150/4031 1909/2285/2240
f 1910/2904/2835 1909/2285/2240 3574/4150/4031
f 3589/2287/2242 3590/4151/4032 1925/2289/2244
f 1998/2909/2840 1925/2289/2244 3590/4151/4032
f 3606/4152/4033 2027/1916/1875 3605/2290/2245
f 2029/2291/2246 3605/2290/2245 2027/1916/1875
f 3600/2294/2249 3599/4153/4034 3648/2295/2250
f 3647/4154/4035 3648/2295/2250 3599/4153/4034
f 3578/4155/4036 3630/4156/4037 3579/2298/2253
f 3631/2299/2253 3579/2298/2253 3630/4156/4037
f 3563/2302/2255 3562/4157/4038 3615/2303/2256
f 3614/4158/4038 3615/2303/2256 3562/4157/4038
f 3662/2309/2262 3369/2607/2549 3663/2308/2261
f 1416/4159/4039 3663/2308/2261 3369/2607/2549
f 3384/2614/2556 1556/4160/4040 3678/2310/2263
f 3679/2311/2264 3678/2310/2263 1556/4160/4040
f 3591/2315/2268 3590/4161/4041 3687/2317/2270
f 3686/4162/4042 3687/2317/2270 3590/4161/4041
f 3697/4163/4043 3698/3948/3844 2584/2461/2413
f 2783/2462/2414 2584/2461/2413 3698/3948/3844
f 2363/2399/2351 2385/2400/2352 2364/1647/1608
f 2386/1815/1775 2364/1647/1608 2385/2400/2352
f 1372/4073/3961 1390/4074/3962 1373/2643/2584
f 1391/3949/3845 1373/2643/2584 1390/4074/3962
f 1413/4164/4044 1422/4165/4045 1412/2849/2781
f 1421/4075/3963 1412/2849/2781 1422/4165/4045
f 1463/2327/2280 1481/3810/3712 1462/1824/1784
f 1480/1825/1785 1462/1824/1784 1481/3810/3712
f 1456/2329/2282 1492/3811/3713 1455/1828/1788
f 1491/1829/1789 1455/1828/1788 1492/3811/3713
f 1476/2624/2565 1503/4076/3964 1475/1832/1792
f 1502/1833/1793 1475/1832/1792 1503/4076/3964
f 1548/1839/1799 1561/1837/1797 1549/3249/3176
f 1562/3825/3726 1549/3249/3176 1561/1837/1797
f 1582/3253/3180 1446/2853/2785 1581/1840/1800
f 1445/1841/1801 1581/1840/1800 1446/2853/2785
f 1593/3258/3185 1592/1844/1804 1451/3812/3714
f 1487/1846/1806 1451/3812/3714 1592/1844/1804
f 1605/1767/1727 1604/1782/1742 1406/3951/3847
f 1398/2349/2301 1406/3951/3847 1604/1782/1742
f 1617/3814/3716 1616/1852/1812 1386/2652/2592
f 1385/1854/1814 1386/2652/2592 1616/1852/1812
f 1642/1859/1819 1590/1857/1817 1633/3815/3717
f 1433/2325/2278 1633/3815/3717 1590/1857/1817
f 1514/3816/3718 1643/3817/3719 1595/1860/1820
f 1652/1861/1821 1595/1860/1820 1643/3817/3719
f 1671/3956/3852 1670/4078/3965 1602/1849/1809
f 1377/1851/1811 1602/1849/1809 1670/4078/3965
f 1688/4079/3966 1534/4080/3967 1689/3958/3854
f 1654/3959/3854 1689/3958/3854 1534/4080/3967
f 1704/3824/3725 1703/1872/1831 1467/3245/3172
f 1485/1874/1833 1467/3245/3172 1703/1872/1831
f 1709/2882/2813 1549/3249/3176 1712/3827/3728
f 1562/3825/3726 1712/3827/3728 1549/3249/3176
f 1719/3828/3729 1718/4082/3969 1639/2636/2577
f 1521/2639/2580 1639/2636/2577 1718/4082/3969
f 1384/1855/1815 1383/2635/2576 1724/1882/1841
f 1725/3293/3216 1724/1882/1841 1383/2635/2576
f 1815/1770/1730 1816/3964/3859 1736/1779/1739
f 1735/3036/2966 1736/1779/1739 1816/3964/3859
f 1831/4084/3971 1832/3965/3860 1767/4085/3972
f 1769/3040/2970 1767/4085/3972 1832/3965/3860
f 1801/3044/2974 1799/4086/3973 1848/3966/3861
f 1847/4087/3974 1848/3966/3861 1799/4086/3973
f 1866/2723/2663 1867/3673/3586 1825/2886/2817
f 1826/3967/3862 1825/2886/2817 1867/3673/3586
f 1842/3968/3863 1841/2891/2822 1883/3677/3590
f 1882/3851/3752 1883/3677/3590 1841/2891/2822
f 1958/4088/3975 1900/4089/3976 1959/3969/3864
f 1901/3970/3865 1959/3969/3864 1900/4089/3976
f 1917/3971/3866 1975/3972/3867 1916/4090/3977
f 1974/4091/3978 1916/4090/3977 1975/3972/3867
f 2006/4093/3980 2008/3973/3868 2007/3210/3138
f 2009/3209/3137 2007/3210/3138 2008/3973/3868
f 1997/2370/2322 1996/2293/2248 2028/4095/3982
f 2029/2291/2246 2028/4095/3982 1996/2293/2248
f 2086/1971/1930 2107/4166/4046 2085/4096/3983
f 2106/4097/3984 2085/4096/3983 2107/4166/4046
f 2106/4097/3984 2107/4166/4046 2123/1931/1890
f 2124/4167/4047 2123/1931/1890 2107/4166/4046
f 2115/1926/1885 2116/2916/2847 2166/1928/1887
f 2167/3837/3738 2166/1928/1887 2116/2916/2847
f 2174/1930/1889 2123/1931/1890 2175/4099/3986
f 2124/4167/4047 2175/4099/3986 2123/1931/1890
f 2149/1933/1892 2150/3838/3739 2183/1935/1894
f 2184/3839/3740 2183/1935/1894 2150/3838/3739
f 2157/1939/1898 2158/4098/3985 2191/1938/1897
f 2192/4100/3987 2191/1938/1897 2158/4098/3985
f 2268/1941/1900 2269/3840/3741 2234/1943/1902
f 2235/3841/3742 2234/1943/1902 2269/3840/3741
f 2276/1945/1904 2277/1638/1599 2242/1947/1906
f 2243/1637/1598 2242/1947/1906 2277/1638/1599
f 2285/1949/1908 2286/3842/3743 2217/1951/1910
f 2218/3843/3744 2217/1951/1910 2286/3842/3743
f 2293/1953/1912 2294/1641/1602 2225/1955/1914
f 2226/1640/1601 2225/1955/1914 2294/1641/1602
f 2302/1957/1916 2217/1951/1910 2303/3844/3745
f 2218/3843/3744 2303/3844/3745 2217/1951/1910
f 2225/1955/1914 2226/1640/1601 2310/1959/1918
f 2311/1634/1595 2310/1959/1918 2226/1640/1601
f 2327/3350/3273 2326/1960/1919 2073/3310/3233
f 2072/1962/1921 2073/3310/3233 2326/1960/1919
f 2335/3352/3275 2081/2669/2609 2334/1967/1926
f 2080/1966/1925 2334/1967/1926 2081/2669/2609
f 2344/3359/3282 2259/2381/2333 2343/3667/3580
f 2260/1636/1597 2343/3667/3580 2259/2381/2333
f 2352/3363/3286 2251/2379/2331 2351/1972/1931
f 2252/1973/1932 2351/1972/1931 2251/2379/2331
f 2360/3364/3287 2315/3345/3268 2342/2389/2341
f 2088/2691/2631 2342/2389/2341 2315/3345/3268
f 2371/3373/3296 2039/4103/3990 2372/3670/3583
f 2040/2721/2661 2372/3670/3583 2039/4103/3990
f 2389/4104/3991 2367/2694/2634 2390/3982/3877
f 2368/2397/2349 2390/3982/3877 2367/2694/2634
f 2383/2696/2636 2384/1649/1610 2405/4105/3992
f 2406/3854/3755 2405/4105/3992 2384/1649/1610
f 2434/4106/3993 2413/4168/4048 2428/4107/3994
f 2407/2031/1990 2428/4107/3994 2413/4168/4048
f 2427/3983/3878 2448/2986/2917 2426/2013/1972
f 2447/2012/1971 2426/2013/1972 2448/2986/2917
f 1874/3850/3751 1873/2003/1962 2458/3379/3302
f 2457/2001/1960 2458/3379/3302 1873/2003/1962
f 1882/3851/3752 1881/1901/1860 2466/3383/3306
f 2465/2004/1963 2466/3383/3306 1881/1901/1860
f 1890/3852/3753 1889/2008/1967 2474/3386/3309
f 2473/2009/1968 2474/3386/3309 1889/2008/1967
f 2496/2706/2646 2440/2966/2897 2397/2707/2647
f 2396/2968/2899 2397/2707/2647 2440/2966/2897
f 2517/3391/3314 2503/3985/3880 2516/3393/3316
f 2504/2978/2909 2516/3393/3316 2503/3985/3880
f 2549/2422/2374 2554/3986/3881 2550/2019/1978
f 2553/3807/3709 2550/2019/1978 2554/3986/3881
f 2557/3987/3882 2541/4169/4049 2556/2023/1982
f 2539/2021/1980 2556/2023/1982 2541/4169/4049
f 2510/2418/2370 2562/3683/3596 2544/2024/1983
f 2569/2025/1984 2544/2024/1983 2562/3683/3596
f 2576/3684/3597 2409/1994/1953 2575/2028/1987
f 2408/2029/1988 2575/2028/1987 2409/1994/1953
f 1953/3389/3312 2585/3399/3322 1954/4170/4050
f 2586/3988/3883 1954/4170/4050 2585/3399/3322
f 2593/2038/1997 1946/2039/1998 2594/3403/3326
f 1945/3384/3307 2594/3403/3326 1946/2039/1998
f 2601/2041/2000 1938/2040/1999 2602/3406/3329
f 1937/3380/3303 2602/3406/3329 1938/2040/1999
f 2610/3412/3335 2609/2044/2003 1929/3377/3300
f 1930/2046/2005 1929/3377/3300 2609/2044/2003
f 2619/3413/3336 2035/2695/2635 2618/2048/2007
f 2034/2049/2008 2618/2048/2007 2035/2695/2635
f 2043/3370/3293 2042/2052/2011 2627/3419/3342
f 2626/2054/2013 2627/3419/3342 2042/2052/2011
f 2051/2697/2637 2050/2056/2015 2635/3422/3345
f 2634/2058/2017 2635/3422/3345 2050/2056/2015
f 2384/1649/1610 1926/1651/1612 2639/2426/2378
f 2638/2428/2380 2639/2426/2378 1926/1651/1612
f 1762/3862/3763 2654/3996/3891 1760/2090/2049
f 2653/4108/3995 1760/2090/2049 2654/3996/3891
f 2670/3997/3892 2669/4109/3996 1794/3864/3765
f 1792/2095/2054 1794/3864/3765 2669/4109/3996
f 2686/4110/3997 2646/3013/2944 2687/3998/3893
f 2647/3014/2945 2687/3998/3893 2646/3013/2944
f 2703/3999/3894 2702/4111/3998 2663/3016/2947
f 2662/3018/2949 2663/3016/2947 2702/4111/3998
f 2719/4041/3933 2718/4112/3999 2679/3019/2950
f 2678/3020/2951 2679/3019/2950 2718/4112/3999
f 2789/4000/3895 2780/2736/2676 2788/2808/2746
f 2779/2807/2745 2788/2808/2746 2780/2736/2676
f 1746/3011/2942 1744/2084/2043 2803/3860/3761
f 2802/2086/2045 2803/3860/3761 1744/2084/2043
f 2810/2089/2048 2811/3861/3762 1760/2090/2049
f 1762/3862/3763 1760/2090/2049 2811/3861/3762
f 2818/2093/2052 2819/3863/3764 1776/2091/2050
f 1778/3017/2948 1776/2091/2050 2819/3863/3764
f 1794/3864/3765 1792/2095/2054 2827/3865/3766
f 2826/2096/2055 2827/3865/3766 1792/2095/2054
f 1810/3021/2952 1808/2098/2057 2835/3866/3767
f 2834/2100/2059 2835/3866/3767 1808/2098/2057
f 2848/1672/1633 2851/1802/1762 2515/1673/1634
f 2547/3682/3595 2515/1673/1634 2851/1802/1762
f 2955/3094/3024 2937/3053/2983 2954/4116/4003
f 2936/4115/4002 2954/4116/4003 2937/3053/2983
f 2970/3454/3377 2898/3459/3382 2969/2109/2068
f 2897/2111/2070 2969/2109/2068 2898/3459/3382
f 2978/3458/3381 2906/3462/3385 2977/2112/2071
f 2905/2113/2072 2977/2112/2071 2906/3462/3385
f 2987/3461/3384 2915/3867/3768 2986/2116/2075
f 2914/2117/2076 2986/2116/2075 2915/3867/3768
f 2995/3464/3387 2923/3065/2995 2994/2123/2082
f 2922/2122/2081 2994/2123/2082 2923/3065/2995
f 3003/2492/2444 2913/2119/2078 3004/4001/3896
f 2914/2117/2076 3004/4001/3896 2913/2119/2078
f 3019/3481/3404 2929/2124/2083 3020/1677/1638
f 2930/1678/1639 3020/1677/1638 2929/2124/2083
f 3056/1685/1646 3030/3068/2998 3057/1689/1650
f 3031/4002/3897 3057/1689/1650 3030/3068/2998
f 3084/3494/3417 3075/2132/2091 3095/3492/3415
f 3094/2134/2093 3095/3492/3415 3075/2132/2091
f 3072/3741/3654 3062/2136/2095 3109/3470/3393
f 3108/2137/2096 3109/3470/3393 3062/2136/2095
f 3113/4006/3901 3041/4007/3902 3112/3078/3008
f 3042/3077/3007 3112/3078/3008 3041/4007/3902
f 3119/4008/3903 3118/4117/4004 3132/4009/3904
f 3131/4118/4005 3132/4009/3904 3118/4117/4004
f 2862/2144/2103 3158/2145/2104 2863/3872/3773
f 3159/3478/3401 2863/3872/3773 3158/2145/2104
f 2870/2148/2107 3166/2149/2108 2871/3873/3774
f 3167/3479/3402 2871/3873/3774 3166/2149/2108
f 3034/2494/2446 3173/2757/2697 3060/2150/2109
f 3175/2151/2110 3060/2150/2109 3173/2757/2697
f 2889/2155/2114 2888/3874/3775 3184/2157/2116
f 3185/3875/3776 3184/2157/2116 2888/3874/3775
f 3192/2160/2119 2881/2161/2120 3193/3876/3777
f 2880/3877/3778 3193/3876/3777 2881/2161/2120
f 3029/4171/4051 2890/2154/2113 3202/3879/3780
f 3183/2156/2115 3202/3879/3780 2890/2154/2113
f 3041/4007/3902 3215/4120/4007 3042/3077/3007
f 3214/3880/3781 3042/3077/3007 3215/4120/4007
f 3037/4172/4052 3224/4121/4008 3111/3882/3783
f 3223/3883/3784 3111/3882/3783 3224/4121/4008
f 2723/3746/3659 2724/3887/3788 3230/3501/3424
f 3231/3885/3786 3230/3501/3424 2724/3887/3788
f 2732/3888/3789 2731/2174/2133 3239/3889/3790
f 3238/2176/2135 3239/3889/3790 2731/2174/2133
f 3246/2179/2138 3247/3890/3791 2739/2181/2140
f 2740/3891/3792 2739/2181/2140 3247/3890/3791
f 3255/3892/3793 2748/3893/3794 3254/2182/2141
f 2747/2183/2142 3254/2182/2141 2748/3893/3794
f 2755/2188/2147 3262/2189/2148 2756/3894/3795
f 3263/3895/3796 2756/3894/3795 3262/2189/2148
f 3271/2192/2151 3139/2193/2152 3273/3521/3444
f 3140/3896/3797 3273/3521/3444 3139/2193/2152
f 3281/4021/3915 3149/4173/4053 3272/2190/2149
f 3138/2191/2150 3272/2190/2149 3149/4173/4053
f 2508/1709/1670 2507/3715/3628 2497/3853/3754
f 2498/2430/2382 2497/3853/3754 2507/3715/3628
f 3357/2256/2215 3363/2538/2489 3312/2254/2213
f 3337/4023/3917 3312/2254/2213 3363/2538/2489
f 3346/2780/2720 3347/2541/2492 3323/2217/2176
f 3320/2543/2494 3323/2217/2176 3347/2541/2492
f 3360/3529/3452 3070/4126/4013 3358/3763/3674
f 3053/4024/3918 3358/3763/3674 3070/4126/4013
f 2869/4025/3919 3351/3764/3675 2868/4127/4014
f 3350/3531/3454 2868/4127/4014 3351/3764/3675
f 1504/4128/4015 1477/4026/3920 3324/2203/2162
f 3321/2536/2487 3324/2203/2162 1477/4026/3920
f 3397/2810/2748 3451/4129/4016 3475/3170/3100
f 3482/3168/3098 3475/3170/3100 3451/4129/4016
f 3466/2798/2736 3467/2559/2510 3417/4130/4017
f 3418/4027/3921 3417/4130/4017 3467/2559/2510
f 3386/3158/3088 3372/2791/2731 3402/3552/3475
f 3401/3553/3476 3402/3552/3475 3372/2791/2731
f 1460/4028/3922 3374/4029/3923 1487/4131/4018
f 3377/3771/3680 1487/4131/4018 3374/4029/3923
f 2060/4132/4019 2059/4030/3924 3407/3548/3471
f 3406/3547/3470 3407/3548/3471 2059/4030/3924
f 3392/4174/4054 3383/2312/2265 1676/4175/4055
f 1543/2313/2266 1676/4175/4055 3383/2312/2265
f 2875/4033/3927 3455/3770/3679 2874/4133/4020
f 3454/3543/3466 2874/4133/4020 3455/3770/3679
f 2890/4134/4021 3029/3916/3817 3470/3544/3467
f 3474/1711/1672 3470/3544/3467 3029/3916/3817
f 2207/4036/3930 3430/4037/3931 2206/4135/4022
f 3429/4136/4023 2206/4135/4022 3430/4037/3931
f 3486/2255/2214 3489/4038/3932 3487/2257/2216
f 3490/4176/4056 3487/2257/2216 3489/4038/3932
f 3499/3923/2516 3497/3922/3820 2069/4177/2518
f 2090/4140/4024 2069/4177/2518 3497/3922/3820
f 3518/4141/4025 3029/4171/4051 3204/3878/3779
f 3202/3879/3780 3204/3878/3779 3029/4171/4051
f 1812/1669/1630 1814/3046/2976 2679/3019/2950
f 3538/4043/3935 2679/3019/2950 1814/3046/2976
f 3543/3920/3819 3311/4143/3936 3309/4044/3936
f 3310/4178/4057 3309/4044/3936 3311/4143/3936
f 1623/4046/3937 3298/4045/3937 1632/4179/4058
f 3297/4180/4058 1632/4179/4058 3298/4045/3937
f 3548/2275/2230 3535/4145/1689 3533/4049/1692
f 3534/4181/1689 3533/4049/1692 3535/4145/1689
f 3560/1733/1693 3550/4052/3941 1692/1734/1694
f 1691/4182/4059 1692/1734/1694 3550/4052/3941
f 3556/3930/3826 3555/2281/2236 1679/3931/3827
f 1678/2279/2234 1679/3931/3827 3555/2281/2236
f 3575/4056/3945 1911/4057/3946 3574/4183/4031
f 1910/4184/2835 3574/4183/4031 1911/4057/3946
f 3590/4151/4032 3591/4058/3947 1998/2909/2840
f 2000/4059/3948 1998/2909/2840 3591/4058/3947
f 2027/1916/1875 3606/4152/4033 1989/1918/1877
f 3607/4060/3949 1989/1918/1877 3606/4152/4033
f 3599/4153/4034 3598/4061/3950 3647/4154/4035
f 3646/4062/3951 3647/4154/4035 3598/4061/3950
f 3578/4155/4036 3577/4063/3952 3630/4156/4037
f 3629/4064/3953 3630/4156/4037 3577/4063/3952
f 3561/4185/4060 3613/4186/4060 3562/4157/4038
f 3614/4158/4038 3562/4157/4038 3613/4186/4060
f 3436/2842/2774 2480/3225/3152 3661/2609/2551
f 3664/4065/3954 3661/2609/2551 2480/3225/3152
f 3673/3803/3705 3674/3605/3522 3398/2611/2553
f 3368/3224/3151 3398/2611/2553 3674/3605/3522
f 3677/2616/2558 3438/2844/2776 3680/4066/3955
f 2484/4187/4061 3680/4066/3955 3438/2844/2776
f 3590/4161/4041 3589/4069/3957 3686/4162/4042
f 3681/4068/3957 3686/4162/4042 3589/4069/3957
f 2513/3762/3673 2782/2529/2481 3697/4163/4043
f 3698/3948/3844 3697/4163/4043 2782/2529/2481
f 2477/4188/4062 2031/1648/1609 2478/1816/1776
f 2364/1647/1608 2478/1816/1776 2031/1648/1609
f 1404/4083/3970 1413/4164/4044 1403/2850/2782
f 1412/2849/2781 1403/2850/2782 1413/4164/4044
f 1473/2628/2569 1446/2853/2785 1474/1834/1794
f 1447/3621/3536 1474/1834/1794 1446/2853/2785
f 1453/2626/2567 1489/2627/2568 1452/3256/3183
f 1488/2854/2786 1452/3256/3183 1489/2627/2568
f 1473/2628/2569 1500/2629/2570 1472/2852/2784
f 1499/2855/2787 1472/2852/2784 1500/2629/2570
f 1557/3259/3186 1558/3619/3534 1542/3260/3187
f 1544/3620/3535 1542/3260/3187 1558/3619/3534
f 1508/1602/1563 1507/1628/1589 1575/1603/1564
f 1566/1627/1588 1575/1603/1564 1507/1628/1589
f 1589/2332/2285 1590/1857/1817 1478/2631/2572
f 1434/1856/1816 1478/2631/2572 1590/1857/1817
f 1578/2633/2574 1600/2334/2287 1442/4189/4063
f 1587/2859/2791 1442/4189/4063 1600/2334/2287
f 1614/2634/2575 1613/2863/2795 1383/2635/2576
f 1382/3639/3552 1383/2635/2576 1613/2863/2795
f 1526/3270/3197 1627/1606/1567 1525/3272/3199
f 1628/1605/1566 1525/3272/3199 1627/1606/1567
f 1439/2637/2578 1638/2638/2579 1438/3241/3168
f 1637/2867/2799 1438/3241/3168 1638/2638/2579
f 1520/2641/2582 1648/2642/2583 1519/2868/2800
f 1647/2869/2801 1519/2868/2800 1648/2642/2583
f 1662/2870/2802 1661/1623/1584 1570/3629/3544
f 1569/1621/1582 1570/3629/3544 1661/1623/1584
f 1372/4073/3961 1665/4190/4064 1371/3635/3548
f 1663/4191/4065 1371/3635/3548 1665/4190/4064
f 1658/4192/4066 1683/4193/4066 1536/2873/2805
f 1682/2875/2806 1536/2873/2805 1683/4193/4066
f 1431/3826/3727 1422/4165/4045 1699/2879/2810
f 1698/2878/2809 1699/2879/2810 1422/4165/4045
f 1708/2649/2589 1540/2650/2590 1709/2882/2813
f 1549/3249/3176 1709/2882/2813 1540/2650/2590
f 1714/2884/2815 1696/1886/1845 1611/4194/4067
f 1380/1884/1843 1611/4194/4067 1696/1886/1845
f 1387/3626/3541 1603/3627/3542 1730/4195/4068
f 1729/2885/2816 1730/4195/4068 1603/3627/3542
f 1825/2886/2817 1826/3967/3862 1755/2888/2819
f 1757/2465/2417 1755/2888/2819 1826/3967/3862
f 1789/2470/2422 1787/2889/2820 1842/3968/3863
f 1841/2891/2822 1842/3968/3863 1787/2889/2820
f 1819/2892/2823 1860/2894/2825 1820/3641/3554
f 1861/1653/1614 1820/3641/3554 1860/2894/2825
f 1835/2896/2827 1876/2898/2829 1836/3643/3556
f 1877/4196/4069 1836/3643/3556 1876/2898/2829
f 1893/4197/4070 1852/3645/3558 1892/2900/2831
f 1851/2901/2832 1892/2900/2831 1852/3645/3558
f 1968/4198/2837 1910/4184/2835 1969/4199/4071
f 1911/4057/3946 1969/4199/4071 1910/4184/2835
f 2001/4200/4072 1999/2907/2838 2000/4059/3948
f 1998/2909/2840 2000/4059/3948 1999/2907/2838
f 2021/2912/2843 2020/2913/2844 1994/4201/4073
f 1995/3595/3514 1994/4201/4073 2020/2913/2844
f 2079/1964/1923 2080/1966/1925 2100/2915/2846
f 2101/4202/4074 2100/2915/2846 2080/1966/1925
f 2100/2915/2846 2101/4202/4074 2117/2917/2848
f 2118/3656/3569 2117/2917/2848 2101/4202/4074
f 2163/2918/2849 2164/1643/1604 2112/3654/3567
f 2113/1645/1606 2112/3654/3567 2164/1643/1604
f 2120/2373/2325 2121/1923/1882 2171/2921/2852
f 2172/2674/2614 2171/2921/2852 2121/1923/1882
f 2147/2919/2850 2146/2920/2851 2181/2926/2857
f 2180/2925/2856 2181/2926/2857 2146/2920/2851
f 2154/2922/2853 2155/2677/2617 2188/2927/2858
f 2189/2678/2618 2188/2927/2858 2155/2677/2617
f 2231/2935/2866 2232/2936/2867 2265/2930/2861
f 2266/2931/2862 2265/2930/2861 2232/2936/2867
f 2273/2932/2863 2274/2681/2621 2239/2937/2868
f 2240/2682/2622 2239/2937/2868 2274/2681/2621
f 2214/4203/4075 2215/3984/3879 2282/2933/2864
f 2283/2934/2865 2282/2933/2864 2215/3984/3879
f 2290/2938/2869 2291/2685/2625 2222/4204/4076
f 2223/2686/2626 2222/4204/4076 2291/2685/2625
f 2214/4203/4075 2299/2939/2870 2215/3984/3879
f 2300/2941/2872 2215/3984/3879 2299/2939/2870
f 2222/4204/4076 2223/2686/2626 2307/2943/2874
f 2308/2688/2628 2307/2943/2874 2223/2686/2626
f 2332/2385/2337 2078/2690/2630 2331/2947/2878
f 2077/4205/4077 2331/2947/2878 2078/2690/2630
f 2340/1970/1929 2086/1971/1930 2339/2950/2881
f 2085/4096/3983 2339/2950/2881 2086/1971/1930
f 2349/2393/2345 2254/2692/2632 2348/2955/2886
f 2255/4206/4078 2348/2955/2886 2254/2692/2632
f 2357/2961/2892 2247/4207/4079 2358/2395/2347
f 2246/2693/2633 2358/2395/2347 2247/4207/4079
f 2365/1986/1945 2033/2051/2010 2366/1984/1943
f 2034/2049/2008 2366/1984/1943 2033/2051/2010
f 2382/1989/1948 2381/1988/1947 2050/2056/2015
f 2049/2057/2016 2050/2056/2015 2381/1988/1947
f 2377/2963/2894 2378/4208/4080 2399/2016/1975
f 2400/4209/4081 2399/2016/1975 2378/4208/4080
f 2409/1994/1953 2430/1995/1954 2408/2029/1988
f 2429/2964/2895 2408/2029/1988 2430/1995/1954
f 2441/2967/2898 2435/3849/3750 2395/2969/2900
f 2394/3671/3584 2395/2969/2900 2435/3849/3750
f 2454/2971/2902 2455/2411/2363 1870/3297/3220
f 1871/2704/2644 1870/3297/3220 2455/2411/2363
f 1878/2658/2598 2462/2973/2904 1879/2361/2313
f 2463/2412/2364 1879/2361/2313 2462/2973/2904
f 1887/2705/2645 1886/3298/3221 2471/2415/2367
f 2470/2975/2906 2471/2415/2367 1886/3298/3221
f 2488/1765/1725 2489/1777/1737 2481/2420/2372
f 2483/2419/2371 2481/2420/2372 2489/1777/1737
f 2506/2032/1991 2505/2977/2908 2499/2033/1992
f 2500/2979/2910 2499/2033/1992 2505/2977/2908
f 2403/1990/1949 2404/1991/1950 2525/2982/2913
f 2526/4210/4082 2525/2982/2913 2404/1991/1950
f 1857/2710/2650 2559/2711/2651 1858/4211/4083
f 2558/2983/2914 1858/4211/4083 2559/2711/2651
f 2542/2712/2652 2567/2713/2653 2541/4169/4049
f 2566/2984/2915 2541/4169/4049 2567/2713/2653
f 2433/1657/1618 2434/4106/3993 2419/3394/3317
f 2420/3395/3318 2419/3394/3317 2434/4106/3993
f 2494/1754/1714 2581/4212/4084 2412/1755/1715
f 2579/4213/4085 2412/1755/1715 2581/4212/4084
f 2590/2987/2918 1949/2416/2368 2591/2432/2384
f 1948/2717/2657 2591/2432/2384 1949/2416/2368
f 1940/2718/2658 2599/2434/2386 1941/2414/2366
f 2598/2992/2923 1941/2414/2366 2599/2434/2386
f 2607/2439/2391 2606/2996/2927 1932/2719/2659
f 1933/2409/2361 1932/2719/2659 2606/2996/2927
f 2030/1646/1607 2615/3001/2932 2032/2720/2660
f 2616/2440/2392 2032/2720/2660 2615/3001/2932
f 2624/2443/2395 2040/2721/2661 2623/3005/2936
f 2039/4103/3990 2623/3005/2936 2040/2721/2661
f 2631/3010/2941 2632/2448/2400 2047/4214/4086
f 2048/2722/2662 2047/4214/4086 2632/2448/2400
f 1926/1651/1612 1927/2450/2402 2638/2428/2380
f 2637/1658/1619 2638/2428/2380 1927/2450/2402
f 1748/3012/2943 1750/3710/3623 2647/3014/2945
f 2648/3856/3757 2647/3014/2945 1750/3710/3623
f 1782/3712/3625 2664/3858/3759 1780/3015/2946
f 2663/3016/2947 1780/3015/2946 2664/3858/3759
f 2681/4215/4087 2641/3425/3348 2680/2729/2669
f 2640/2728/2668 2680/2729/2669 2641/3425/3348
f 2656/3022/2953 2657/3429/3352 2696/3023/2954
f 2697/4216/4088 2696/3023/2954 2657/3429/3352
f 2713/4217/4089 2712/3026/2957 2673/3433/3356
f 2672/3028/2959 2673/3433/3356 2712/3026/2957
f 2777/3031/2962 2490/3030/2961 2778/4218/4090
f 2484/4219/4061 2778/4218/4090 2490/3030/2961
f 1740/2738/2678 1734/3427/3350 2800/2739/2679
f 2797/3034/2964 2800/2739/2679 1734/3427/3350
f 2807/3037/2967 2808/2740/2680 1754/2451/2403
f 1756/2061/2020 1754/2451/2403 2808/2740/2680
f 1772/2741/2681 1770/3698/3611 2816/2742/2682
f 2815/3038/2968 2816/2742/2682 1770/3698/3611
f 1786/2453/2405 2823/3041/2971 1788/2064/2023
f 2824/2743/2683 1788/2064/2023 2823/3041/2971
f 1804/2744/2684 1802/3699/3612 2832/2745/2685
f 2831/3042/2972 2832/2745/2685 1802/3699/3612
f 2846/4220/4091 2842/4072/3960 2535/1794/1754
f 2841/1795/1755 2535/1794/1754 2842/4072/3960
f 2965/2513/2465 2947/2483/2435 2964/3047/2977
f 2946/3048/2978 2964/3047/2977 2947/2483/2435
f 2975/2481/2433 2903/2486/2438 2974/3052/2982
f 2902/2485/2437 2974/3052/2982 2903/2486/2438
f 2910/2488/2440 2982/3055/2985 2911/2489/2441
f 2983/2482/2434 2911/2489/2441 2982/3055/2985
f 2919/4221/4092 2991/3058/2988 2920/2747/2687
f 2992/2484/2436 2920/2747/2687 2991/3058/2988
f 2927/2127/2086 2999/3063/2993 2928/2129/2088
f 3000/2487/2439 2928/2129/2088 2999/3063/2993
f 3013/3066/2996 2923/3065/2995 3014/3085/3015
f 2924/3723/3636 3014/3085/3015 2923/3065/2995
f 3030/3068/2998 2967/2476/2428 3031/4002/3897
f 2896/2746/2686 3031/4002/3897 2967/2476/2428
f 3085/4003/3898 3076/4004/3899 3086/4011/3906
f 3077/3069/2999 3086/4011/3906 3076/4004/3899
f 3071/2750/2690 3063/4005/3900 3104/2498/2450
f 3103/3074/3004 3104/2498/2450 3063/4005/3900
f 3112/3078/3008 3125/3474/3397 3113/4006/3901
f 3126/4222/4093 3113/4006/3901 3125/3474/3397
f 3156/2502/2454 2860/2754/2694 3155/3080/3010
f 2859/4223/4094 3155/3080/3010 2860/2754/2694
f 2867/4224/4095 3163/3084/3014 2868/2755/2695
f 3164/2506/2458 2868/2755/2695 3163/3084/3014
f 3024/1679/1640 3022/2514/2466 3172/3086/3016
f 3170/3087/3017 3172/3086/3016 3022/2514/2466
f 3180/3091/3021 3181/3090/3020 3123/3076/3006
f 3136/3473/3396 3123/3076/3006 3181/3090/3020
f 3189/3095/3025 2884/4225/4096 3190/2758/2698
f 2883/2759/2699 3190/2758/2698 2884/4225/4096
f 3197/3097/3027 2876/4226/4097 3198/2760/2700
f 2875/2761/2701 3198/2760/2700 2876/4226/4097
f 3022/2514/2466 3213/2167/2126 3170/3087/3017
f 3171/1700/1661 3170/3087/3017 3213/2167/2126
f 3039/2172/2131 3220/2173/2132 3100/3471/3394
f 3219/3099/3029 3100/3471/3394 3220/2173/2132
f 3227/3101/3031 3209/4227/4098 3228/3100/3030
f 3038/4228/4099 3228/3100/3030 3209/4227/4098
f 2729/2764/2704 2728/4229/4100 3236/2765/2705
f 3235/3102/3032 3236/2765/2705 2728/4229/4100
f 3243/3105/3035 3244/2766/2706 2736/4230/4101
f 2737/2767/2707 2736/4230/4101 3244/2766/2706
f 3251/3110/3040 3252/2768/2708 2744/4231/4102
f 2745/2769/2709 2744/4231/4102 3252/2768/2708
f 3260/2770/2710 2753/2771/2711 3259/3111/3041
f 2752/4232/4103 3259/3111/3041 2753/2771/2711
f 3268/2773/2713 2761/2772/2712 3267/3116/3046
f 2760/4233/4104 3267/3116/3046 2761/2772/2712
f 3277/3117/3047 3144/4234/4105 3278/2526/2478
f 3145/2774/2714 3278/2526/2478 3144/4234/4105
f 3283/3527/3450 3286/3121/3051 3148/3898/3799
f 3212/4235/4106 3148/3898/3799 3286/3121/3051
f 1632/4179/4058 3297/4180/4058 1628/3187/3117
f 3295/3186/3116 1628/3187/3117 3297/4180/4058
f 3341/4236/4107 3332/3542/3465 3340/3128/3058
f 3325/3129/3059 3340/3128/3058 3332/3542/3465
f 3313/3134/3064 1405/3135/3065 3337/4023/3917
f 1731/4237/4108 3337/4023/3917 1405/3135/3065
f 2863/4238/4109 3345/2206/2165 2862/3136/3066
f 3344/2204/2163 2862/3136/3066 3345/2206/2165
f 1441/4239/4110 3317/3530/3453 1640/3139/3069
f 3335/3141/3071 1640/3139/3069 3317/3530/3453
f 3315/3142/3072 1423/3144/3074 3314/3132/3062
f 1414/3133/3063 3314/3132/3062 1423/3144/3074
f 3461/4240/4111 3425/2801/2739 3460/3146/3076
f 3426/2561/2512 3460/3146/3076 3425/2801/2739
f 3367/3606/3523 3396/4031/3925 3394/2241/2200
f 3450/3148/3078 3394/2241/2200 3396/4031/3925
f 3414/3156/3086 3413/3150/3080 3390/4241/4112
f 3380/3152/3082 3390/4241/4112 3413/3150/3080
f 2066/3155/3085 2065/4242/4113 3413/3150/3080
f 3412/3151/3081 3413/3150/3080 2065/4242/4113
f 3386/3158/3088 1578/3159/3089 3372/2791/2731
f 1442/2790/2730 3372/2791/2731 1578/3159/3089
f 2312/4243/4114 3433/3904/3805 2317/3160/3090
f 3435/3161/3091 2317/3160/3090 3433/3904/3805
f 2884/3164/3094 2885/4244/4115 3464/2223/2182
f 3465/2225/2184 3464/2223/2182 2885/4244/4115
f 2201/4245/4116 3424/2787/2727 2200/3167/3097
f 3423/2546/2497 2200/3167/3097 3424/2787/2727
f 3451/4129/4016 3397/2810/2748 2845/4246/4117
f 1814/2809/2747 2845/4246/4117 3397/2810/2748
f 3494/3172/3102 3487/2257/2216 3495/4247/4118
f 3490/4176/4056 3495/4247/4118 3487/2257/2216
f 3514/3173/3103 3506/4248/3689 3513/3174/3104
f 3503/4249/3688 3513/3174/3104 3506/4248/3689
f 3530/2812/2749 3397/2810/2748 3531/3177/3107
f 3475/3170/3100 3531/3177/3107 3397/2810/2748
f 3308/2815/2750 3309/2199/2158 2318/2813/2750
f 2320/2201/2160 2318/2813/2750 3309/2199/2158
f 3522/4250/4119 3025/4251/4119 3521/2817/2752
f 3021/2818/2752 3521/2817/2752 3025/4251/4119
f 1692/4252/2758 1691/3823/3724 1533/4253/2757
f 1597/3821/3723 1533/4253/2757 1691/3823/3724
f 1674/4254/4120 1673/2827/2759 3552/3192/3120
f 3553/2828/2760 3552/3192/3120 1673/2827/2759
f 2494/4255/4121 2773/4256/4122 2581/3195/3123
f 2772/3196/3124 2581/3195/3123 2773/4256/4122
f 1905/3647/3560 1904/3202/3130 3569/4257/4123
f 3568/3200/3128 3569/4257/4123 1904/3202/3130
f 3585/4258/4124 1921/3649/3562 3584/3203/3131
f 1920/3204/3132 3584/3203/3131 1921/3649/3562
f 3600/3208/3136 3601/4259/4125 2007/3210/3138
f 1984/4094/3981 2007/3210/3138 3601/4259/4125
f 3604/4260/4126 3652/4261/4127 3605/3211/3139
f 3653/3212/3140 3605/3211/3139 3652/4261/4127
f 3583/4262/4128 3635/4263/4129 3584/3215/3143
f 3636/3216/3144 3584/3215/3143 3635/4263/4129
f 3568/3220/3148 3567/4264/4130 3620/3222/3148
f 3619/4265/4131 3620/3222/3148 3567/4264/4130
f 3369/2607/2549 3666/3223/3150 1416/4159/4039
f 3667/4266/4132 1416/4159/4039 3666/3223/3150
f 3610/4267/4133 3683/4268/4134 3611/3228/3155
f 3684/3229/3156 3611/3228/3155 3683/4268/4134
f 2533/3913/3814 3442/2784/2724 3692/3233/3160
f 3689/3232/3159 3692/3233/3160 3442/2784/2724
f 3696/4269/4135 2795/3709/3622 3695/3234/3161
f 2786/3707/3620 3695/3234/3161 2795/3709/3622
f 3477/2321/2274 3441/2783/2723 3701/2320/2273
f 3453/3236/3163 3701/2320/2273 3441/2783/2723
f 1400/3963/3858 1401/3295/3218 1409/2322/2275
f 1410/1820/1780 1409/2322/2275 1401/3295/3218
f 1444/1843/1803 1471/4270/4136 1443/2630/2571
f 1470/2858/2790 1443/2630/2571 1471/4270/4136
f 1485/1874/1833 1440/1875/1834 1484/4271/4137
f 1439/2637/2578 1484/4271/4137 1440/1875/1834
f 1499/2855/2787 1454/1830/1790 1498/4272/4138
f 1453/2626/2567 1498/4272/4138 1454/1830/1790
f 1510/3252/3179 1551/3617/3532 1511/2856/2788
f 1553/2857/2789 1511/2856/2788 1551/3617/3532
f 1584/3622/3537 1511/2856/2788 1585/3636/3549
f 1512/1876/1835 1585/3636/3549 1511/2856/2788
f 1597/4273/4139 1532/3819/3721 1598/2861/2793
f 1564/1626/1587 1598/2861/2793 1532/3819/3721
f 1613/2863/2795 1391/2864/2796 1612/4274/4140
f 1390/4275/4141 1612/4274/4140 1391/2864/2796
f 1525/3272/3199 1628/1605/1566 1523/3953/3849
f 1629/4276/4142 1523/3953/3849 1628/1605/1566
f 1637/2867/2799 1519/2868/2800 1636/4277/4143
f 1518/4278/4144 1636/4277/4143 1519/2868/2800
f 1647/2869/2801 1528/1609/1570 1646/4279/4145
f 1527/1611/1572 1646/4279/4145 1528/1609/1570
f 1568/1604/1565 1535/4280/4146 1660/1629/1590
f 1659/4281/4147 1660/1629/1590 1535/4280/4146
f 1662/4282/4148 1570/4283/4149 1679/4284/4150
f 1680/4285/4151 1679/4284/4150 1570/4283/4149
f 1698/2878/2809 1697/4286/4152 1423/2876/2807
f 1414/4287/4153 1423/2876/2807 1697/4286/4152
f 1707/4288/4154 1700/2647/2587 1504/4289/4155
f 1477/4290/4156 1504/4289/4155 1700/2647/2587
f 1388/4291/4157 1610/2883/2814 1693/4292/4158
f 1714/2884/2815 1693/4292/4158 1610/2883/2814
f 1694/3281/3204 1721/4293/4159 1370/3279/1674
f 1664/4294/3815 1370/3279/1674 1721/4293/4159
f 1728/1883/1842 1404/4083/3970 1727/3638/3551
f 1403/2850/2782 1727/3638/3551 1404/4083/3970
f 1822/2359/2311 1823/1897/1856 1749/3441/3364
f 1751/4295/4160 1749/3441/3364 1823/1897/1856
f 1781/3449/3372 1838/2360/2312 1783/4296/4161
f 1839/1900/1859 1783/4296/4161 1838/2360/2312
f 1857/2710/2650 1858/4211/4083 1816/3964/3859
f 1817/3829/3730 1816/3964/3859 1858/4211/4083
f 1833/3830/3731 1832/3965/3860 1874/3850/3751
f 1873/2003/1962 1874/3850/3751 1832/3965/3860
f 1849/3831/3732 1848/3966/3861 1890/3852/3753
f 1889/2008/1967 1890/3852/3753 1848/3966/3861
f 1966/4297/4162 1965/4298/4163 1908/2284/2239
f 1907/2594/2539 1908/2284/2239 1965/4298/4163
f 1982/4299/4164 1981/4300/4165 1924/2288/2243
f 1923/2597/2542 1924/2288/2243 1981/4300/4165
f 1994/4201/4073 1995/3595/3514 2016/4301/4166
f 2017/3795/3700 2016/4301/4166 1995/3595/3514
f 2076/4302/4167 2077/4205/4077 2097/4303/4168
f 2098/4304/4169 2097/4303/4168 2077/4205/4077
f 2097/4303/4168 2098/4304/4169 2114/1925/1884
f 2115/1926/1885 2114/1925/1884 2098/4304/4169
f 2163/2918/2849 2162/4305/4170 2146/2920/2851
f 2145/4306/4171 2146/2920/2851 2162/4305/4170
f 2170/4307/4172 2171/2921/2852 2153/4308/4173
f 2154/2922/2853 2153/4308/4173 2171/2921/2852
f 2128/4309/4174 2129/2923/2854 2179/4310/4175
f 2180/2925/2856 2179/4310/4175 2129/2923/2854
f 2187/4311/4176 2188/2927/2858 2136/4312/4177
f 2137/2928/2859 2136/4312/4177 2188/2927/2858
f 2264/4313/4178 2265/2930/2861 2128/4309/4174
f 2129/2923/2854 2128/4309/4174 2265/2930/2861
f 2136/4312/4177 2137/2928/2859 2272/4314/4179
f 2273/2932/2863 2272/4314/4179 2137/2928/2859
f 2281/4315/4180 2282/2933/2864 2230/4316/4181
f 2231/2935/2866 2230/4316/4181 2282/2933/2864
f 2238/4317/4182 2239/2937/2868 2289/4318/4183
f 2290/2938/2869 2289/4318/4183 2239/2937/2868
f 2248/2940/2871 2299/2939/2870 2247/4207/4079
f 2298/4319/4184 2247/4207/4079 2299/2939/2870
f 2306/4320/4185 2307/2943/2874 2255/4206/4078
f 2256/2944/2875 2255/4206/4078 2307/2943/2874
f 2322/1642/1603 2294/1641/1602 2319/1639/1600
f 2243/1637/1598 2319/1639/1600 2294/1641/1602
f 2059/2948/2879 2330/2949/2880 2053/2382/2334
f 2325/2383/2335 2053/2382/2334 2330/2949/2880
f 2338/2951/2882 2337/3665/3578 2067/2953/2884
f 2066/4321/4186 2067/2953/2884 2337/3665/3578
f 2347/2957/2888 2346/3666/3579 2205/2956/2887
f 2206/4322/4187 2205/2956/2887 2346/3666/3579
f 2198/4323/4188 2356/4324/4189 2197/2958/2889
f 2355/2959/2890 2197/2958/2889 2356/4324/4189
f 2317/4325/4190 2362/3668/3581 2312/3367/3290
f 2361/3366/3289 2312/3367/3290 2362/3668/3581
f 2379/2698/2638 2378/4208/4080 2047/4214/4086
f 2046/4326/4191 2047/4214/4086 2378/4208/4080
f 2397/2707/2647 2396/2968/2899 2375/3368/3291
f 2374/3369/3292 2375/3368/3291 2396/2968/2899
f 2429/2964/2895 2415/2965/2896 2428/4107/3994
f 2414/3848/3749 2428/4107/3994 2415/2965/2896
f 2392/3371/3294 2437/3375/3298 2391/3847/3748
f 2438/4327/4192 2391/3847/3748 2437/3375/3298
f 1930/2046/2005 1931/2047/2006 2452/3672/3585
f 2453/2970/2901 2452/3672/3585 1931/2047/2006
f 2460/3675/3588 1938/2040/1999 2461/2972/2903
f 1939/2042/2001 2461/2972/2903 1938/2040/1999
f 2468/3678/3591 1946/2039/1998 2469/2974/2905
f 1947/2037/1996 2469/2974/2905 1946/2039/1998
f 2476/3679/3592 1954/4170/4050 2477/4188/4062
f 2031/1648/1609 2477/4188/4062 1954/4170/4050
f 2502/4328/4193 2503/3985/3880 2389/4104/3991
f 2388/1985/1944 2389/4104/3991 2503/3985/3880
f 2523/2425/2377 2522/2424/2376 2401/2699/2639
f 2400/4209/4081 2401/2699/2639 2522/2424/2376
f 2558/2983/2914 2542/2712/2652 2557/3987/3882
f 2541/4169/4049 2557/3987/3882 2542/2712/2652
f 2566/2984/2915 2525/2982/2913 2565/4329/4194
f 2526/4210/4082 2565/4329/4194 2525/2982/2913
f 2419/3394/3317 2571/2709/2649 2433/1657/1618
f 2572/1655/1616 2433/1657/1618 2571/2709/2649
f 2579/4213/4085 2447/2012/1971 2580/2985/2916
f 2448/2986/2917 2580/2985/2916 2447/2012/1971
f 2589/2989/2920 1979/2990/2921 2588/3686/3599
f 1980/4330/4195 2588/3686/3599 1979/2990/2921
f 2596/3688/3601 2597/2991/2922 1972/4331/4196
f 1971/2993/2924 1972/4331/4196 2597/2991/2922
f 1964/4332/4197 2604/3690/3603 1963/2997/2928
f 2605/2995/2926 1963/2997/2928 2604/3690/3603
f 1955/4333/4198 1956/4334/4199 2613/3695/3608
f 2612/3691/3604 2613/3695/3608 1956/4334/4199
f 2621/3692/3605 2013/4335/4200 2622/3003/2934
f 1992/3004/2935 2622/3003/2934 2013/4335/4200
f 2028/4336/4201 2026/3007/2938 2629/3693/3606
f 2630/3009/2940 2629/3693/3606 2026/3007/2938
f 2586/3988/3883 1983/3989/3884 2614/2999/2930
f 1999/3000/2931 2614/2999/2930 1983/3989/3884
f 1742/2085/2044 1744/2084/2043 2644/2069/2028
f 2645/2071/2030 2644/2069/2028 1744/2084/2043
f 2660/2075/2034 1774/2092/2051 2661/2074/2033
f 1776/2091/2050 2661/2074/2033 1774/2092/2051
f 1806/2099/2058 1808/2098/2057 2676/2076/2035
f 2677/2077/2036 2676/2076/2035 1808/2098/2057
f 2693/4337/4202 2653/4108/3995 2694/4338/4203
f 2654/3996/3891 2694/4338/4203 2653/4108/3995
f 2710/4339/4204 2709/4340/4205 2670/3997/3892
f 2669/4109/3996 2670/3997/3892 2709/4340/4205
f 2768/4341/4206 2764/3702/3615 2113/4342/4206
f 2096/3704/3617 2113/4342/4206 2764/3702/3615
f 1736/1779/1739 2798/4343/4207 1738/1780/1740
f 2799/4344/4208 1738/1780/1740 2798/4343/4207
f 1751/4295/4160 1753/2887/2818 2806/4345/4209
f 2807/3037/2967 2806/4345/4209 1753/2887/2818
f 2815/3038/2968 2814/4346/4210 1769/3040/2970
f 1767/4085/3972 1769/3040/2970 2814/4346/4210
f 2822/4347/4211 1783/4296/4161 2823/3041/2971
f 1785/2890/2821 2823/3041/2971 1783/4296/4161
f 2830/4348/4212 1799/4086/3973 2831/3042/2972
f 1801/3044/2974 2831/3042/2972 1799/4086/3973
f 2838/2568/2519 2529/4114/4001 2843/2264/2223
f 2787/3706/3619 2843/2264/2223 2529/4114/4001
f 2854/4349/4213 2855/4350/4214 2839/3452/3375
f 2531/3714/3627 2839/3452/3375 2855/4350/4214
f 2943/3455/3378 2961/3490/3413 2944/4351/4215
f 2962/4352/4216 2944/4351/4215 2961/3490/3413
f 2937/3053/2983 2973/3054/2984 2936/4115/4002
f 2972/3718/3631 2936/4115/4002 2973/3054/2984
f 2945/3050/2980 2981/3056/2986 2944/4351/4215
f 2980/3721/3634 2944/4351/4215 2981/3056/2986
f 2900/3059/2989 2990/3060/2990 2899/3719/3632
f 2989/3722/3635 2899/3719/3632 2990/3060/2990
f 2997/3724/3637 2907/3720/3633 2998/3061/2991
f 2908/3062/2992 2998/3061/2991 2907/3720/3633
f 3010/3477/3400 2920/2747/2687 3011/3475/3398
f 2921/2120/2079 3011/3475/3398 2920/2747/2687
f 3052/2152/2111 3069/3072/3002 3051/3726/3639
f 3068/3070/3000 3051/3726/3639 3069/3072/3002
f 3099/3727/3640 3101/3098/3028 3074/2496/2448
f 3083/2497/2449 3074/2496/2448 3101/3098/3028
f 3120/3871/3772 3111/3882/3783 3119/4008/3903
f 3036/2762/2702 3119/4008/3903 3111/3882/3783
f 3153/3728/3641 3004/4001/3896 3154/3082/3012
f 3005/3081/3011 3154/3082/3012 3004/4001/3896
f 3161/3733/3646 3012/3067/2997 3162/3083/3013
f 3013/3066/2996 3162/3083/3013 3012/3067/2997
f 3169/3734/3647 3172/3086/3016 2873/3736/3649
f 3025/3088/3018 2873/3736/3649 3172/3086/3016
f 3180/3091/3021 3178/3744/3657 3124/3093/3023
f 3044/3743/3656 3124/3093/3023 3178/3744/3657
f 2954/4116/4003 3188/4353/4217 2955/3094/3024
f 3189/3095/3025 2955/3094/3024 3188/4353/4217
f 2962/4352/4216 3196/4354/4218 2963/3049/2979
f 3197/3097/3027 2963/3049/2979 3196/4354/4218
f 3210/4355/4219 3121/3869/3770 3211/4356/4220
f 3134/3868/3769 3211/4356/4220 3121/3869/3770
f 3084/3494/3417 3218/3495/3418 3101/3098/3028
f 3219/3099/3029 3101/3098/3028 3218/3495/3418
f 3080/1702/1663 3224/4121/4008 3208/1703/1664
f 3227/3101/3031 3208/1703/1664 3224/4121/4008
f 3235/3102/3032 3234/4357/4221 2685/3104/3034
f 2684/4358/4222 2685/3104/3034 3234/4357/4221
f 3243/3105/3035 3242/4359/4223 2693/3107/3037
f 2692/4360/4224 2693/3107/3037 3242/4359/4223
f 3251/3110/3040 3250/4361/4225 2701/3108/3038
f 2700/4362/4226 2701/3108/3038 3250/4361/4225
f 3258/4363/4227 2708/4364/4228 3259/3111/3041
f 2709/3112/3042 3259/3111/3041 2708/4364/4228
f 2717/3115/3045 3267/3116/3046 2716/4365/4229
f 3266/4366/4230 2716/4365/4229 3267/3116/3046
f 3276/3119/3049 3130/3120/3050 3275/3756/3669
f 3129/4367/4231 3275/3756/3669 3130/3120/3050
f 3181/4368/4232 3284/3760/3671 3136/4020/3914
f 3281/4021/3915 3136/4020/3914 3284/3760/3671
f 2512/1666/1627 2249/2942/2873 3292/4122/4009
f 2356/4324/4189 3292/4122/4009 2249/2942/2873
f 3356/3532/3455 3338/3534/3457 3329/4369/4233
f 3328/4370/4234 3329/4369/4233 3338/3534/3457
f 3353/3539/3462 3354/3537/3460 3327/4371/4235
f 3333/4372/4236 3327/4371/4235 3354/3537/3460
f 2860/4373/4237 3342/2777/2717 2859/4374/4238
f 3341/4236/4107 2859/4374/4238 3342/2777/2717
f 1531/4375/4239 1650/4376/4240 3327/4371/4235
f 3336/4377/4241 3327/4371/4235 1650/4376/4240
f 3331/4378/4242 3329/4369/4233 1563/4379/4243
f 1550/4380/4244 1563/4379/4243 3329/4369/4233
f 3428/2251/2210 3429/4136/4023 3458/3560/3483
f 3457/3562/3485 3458/3560/3483 3429/4136/4023
f 3387/2555/2506 3445/3558/3481 3366/2795/2735
f 3446/3775/3684 3366/2795/2735 3445/3558/3481
f 3410/2553/2504 3376/3907/3808 3411/2793/2733
f 3371/3551/3474 3411/2793/2733 3376/3907/3808
f 3381/2803/2741 1524/4381/4245 3388/2804/2742
f 1631/4382/2528 3388/2804/2742 1524/4381/4245
f 1533/2825/2757 1565/4383/4246 3382/2549/2500
f 3385/2227/2186 3382/2549/2500 1565/4383/4246
f 3364/4384/4247 3391/4385/4248 1378/4386/3851
f 1672/4387/3853 1378/4386/3851 3391/4385/4248
f 2881/4388/4249 2882/4389/4250 3461/4240/4111
f 3462/2786/2726 3461/4240/4111 2882/4389/4250
f 2193/4390/4251 3416/2224/2183 2194/4391/4252
f 3417/4130/4017 2194/4391/4252 3416/2224/2183
f 3480/2218/2177 3483/2220/2179 3089/4392/4253
f 3229/4393/4254 3089/4392/4253 3483/2220/2179
f 3293/3127/3057 3124/4394/4255 3494/4395/3102
f 3044/4396/2718 3494/4395/3102 3124/4394/4255
f 3510/3782/3690 3511/4397/4256 3507/3571/3494
f 3508/4398/4257 3507/3571/3494 3511/4397/4256
f 3091/2272/2229 3523/2273/2229 2894/2820/2754
f 3520/2819/2753 2894/2820/2754 3523/2273/2229
f 3538/3783/3691 1814/4399/2747 3525/2570/2521
f 3532/2571/2522 3525/2570/2521 1814/4399/2747
f 1624/4400/4258 3300/4401/4258 1625/4048/3939
f 3299/4047/3938 1625/4048/3939 3300/4401/4258
f 3522/1726/1686 3545/3579/1689 3299/1727/1687
f 3298/3578/3498 3299/1727/1687 3545/3579/1689
f 1676/4402/4055 1543/4403/2266 1675/3276/3203
f 1608/3278/3203 1675/3276/3203 1543/4403/2266
f 3550/4052/3941 3552/3192/3120 1691/4182/4059
f 1690/3193/3121 1691/4182/4059 3552/3192/3120
f 3565/4404/4259 3566/4405/4260 1901/3970/3865
f 1902/3833/3734 1901/3970/3865 3566/4405/4260
f 3582/4406/4261 1918/3834/3735 3581/4407/4262
f 1917/3971/3866 3581/4407/4262 1918/3834/3735
f 3597/4408/4263 3598/4409/4264 2012/3305/3228
f 1993/3651/3564 2012/3305/3228 3598/4409/4264
f 3607/4410/4265 3655/4411/4266 3608/2845/2777
f 3656/2846/2778 3608/2845/2777 3655/4411/4266
f 3638/4412/4267 3639/4413/4268 3586/4414/4269
f 3587/4415/4270 3586/4414/4269 3639/4413/4268
f 3571/4416/4271 3570/4417/4272 3623/4418/4273
f 3622/4419/4274 3623/4418/4273 3570/4417/4272
f 3660/4420/4275 3659/4421/4276 2494/4255/4121
f 2773/4256/4122 2494/4255/4121 3659/4421/4276
f 3370/2307/2260 1425/2306/2259 3670/3802/3704
f 3671/4422/4277 3670/3802/3704 1425/2306/2259
f 3479/2545/2496 3690/4423/4278 3082/4424/4279
f 3691/4425/4280 3082/4424/4279 3690/4423/4278
f 1811/3613/3528 1813/1798/1758 2836/1667/1628
f 2837/1668/1629 2836/1667/1628 1813/1798/1758
f 1401/3295/3218 1402/2851/2783 1410/1820/1780
f 1411/1821/1781 1410/1820/1780 1402/2851/2783
f 1445/1841/1801 1472/2852/2784 1444/1843/1803
f 1471/4270/4136 1444/1843/1803 1472/2852/2784
f 1467/3245/3172 1485/1874/1833 1466/3247/3174
f 1484/4271/4137 1466/3247/3174 1485/1874/1833
f 1472/2852/2784 1499/2855/2787 1471/4270/4136
f 1498/4272/4138 1471/4270/4136 1499/2855/2787
f 1553/2857/2789 1539/3248/3175 1554/1877/1836
f 1540/2650/2590 1554/1877/1836 1539/3248/3175
f 1558/3619/3534 1426/3809/3711 1573/1599/1560
f 1427/1597/1558 1573/1599/1560 1426/3809/3711
f 1587/2859/2791 1588/2860/2792 1442/4189/4063
f 1469/3624/3539 1442/4189/4063 1588/2860/2792
f 1565/4426/4281 1598/2861/2793 1505/2632/2573
f 1599/2333/2286 1505/2632/2573 1598/2861/2793
f 1382/3639/3552 1613/2863/2795 1381/3637/3550
f 1612/4274/4140 1381/3637/3550 1613/2863/2795
f 1523/3953/3849 1629/4276/4142 1596/2337/2290
f 1630/2865/2797 1596/2337/2290 1629/4276/4142
f 1438/3241/3168 1637/2867/2799 1437/3243/3170
f 1636/4277/4143 1437/3243/3170 1637/2867/2799
f 1519/2868/2800 1647/2869/2801 1518/4278/4144
f 1646/4279/4145 1518/4278/4144 1647/2869/2801
f 1660/1629/1590 1659/4281/4147 1571/1619/1580
f 1572/4427/4282 1571/1619/1580 1659/4281/4147
f 1570/4283/4149 1655/2872/2804 1680/4285/4151
f 1681/2874/2804 1680/4285/4151 1655/2872/2804
f 1422/4165/4045 1413/4164/4044 1698/2878/2809
f 1697/4286/4152 1698/2878/2809 1413/4164/4044
f 1700/2647/2587 1707/4288/4154 1476/2624/2565
f 1503/4076/3964 1476/2624/2565 1707/4288/4154
f 1693/4292/4158 1714/2884/2815 1389/4428/4283
f 1611/4194/4067 1389/4428/4283 1714/2884/2815
f 1371/3635/3548 1663/4191/4065 1694/3281/3204
f 1721/4293/4159 1694/3281/3204 1663/4191/4065
f 1603/3627/3542 1386/2652/2592 1729/2885/2816
f 1723/2348/2300 1729/2885/2816 1386/2652/2592
f 1823/1897/1856 1824/1898/1857 1751/4295/4160
f 1753/2887/2818 1751/4295/4160 1824/1898/1857
f 1783/4296/4161 1839/1900/1859 1785/2890/2821
f 1840/1899/1858 1785/2890/2821 1839/1900/1859
f 1818/2893/2824 1817/3829/3730 1859/2895/2826
f 1858/4211/4083 1859/2895/2826 1817/3829/3730
f 1834/2897/2828 1833/3830/3731 1875/2899/2830
f 1874/3850/3751 1875/2899/2830 1833/3830/3731
f 1850/2903/2834 1849/3831/3732 1891/2902/2833
f 1890/3852/3753 1891/2902/2833 1849/3831/3732
f 1967/2905/2836 1966/4297/4162 1909/2285/2240
f 1908/2284/2239 1909/2285/2240 1966/4297/4162
f 1983/2908/2839 1982/4299/4164 1925/2289/2244
f 1924/2288/2243 1925/2289/2244 1982/4299/4164
f 1988/1917/1876 1989/1918/1877 2019/2910/2841
f 2018/2911/2842 2019/2910/2841 1989/1918/1877
f 2099/2914/2845 2098/4304/4169 2078/2690/2630
f 2077/4205/4077 2078/2690/2630 2098/4304/4169
f 2098/4304/4169 2099/2914/2845 2115/1926/1885
f 2116/2916/2847 2115/1926/1885 2099/2914/2845
f 2162/4305/4170 2163/2918/2849 2111/3312/3235
f 2112/3654/3567 2111/3312/3235 2163/2918/2849
f 2119/2671/2611 2120/2373/2325 2170/4307/4172
f 2171/2921/2852 2170/4307/4172 2120/2373/2325
f 2146/2920/2851 2145/4306/4171 2180/2925/2856
f 2179/4310/4175 2180/2925/2856 2145/4306/4171
f 2153/4308/4173 2154/2922/2853 2187/4311/4176
f 2188/2927/2858 2187/4311/4176 2154/2922/2853
f 2230/4316/4181 2231/2935/2866 2264/4313/4178
f 2265/2930/2861 2264/4313/4178 2231/2935/2866
f 2272/4314/4179 2273/2932/2863 2238/4317/4182
f 2239/2937/2868 2238/4317/4182 2273/2932/2863
f 2213/4429/4284 2214/4203/4075 2281/4315/4180
f 2282/2933/2864 2281/4315/4180 2214/4203/4075
f 2289/4318/4183 2290/2938/2869 2221/4430/4285
f 2222/4204/4076 2221/4430/4285 2290/2938/2869
f 2213/4429/4284 2298/4319/4184 2214/4203/4075
f 2299/2939/2870 2214/4203/4075 2298/4319/4184
f 2221/4430/4285 2222/4204/4076 2306/4320/4185
f 2307/2943/2874 2306/4320/4185 2222/4204/4076
f 2313/3661/3574 2323/3662/3575 2315/3345/3268
f 2321/3346/3269 2315/3345/3268 2323/3662/3575
f 2331/2947/2878 2077/4205/4077 2330/2949/2880
f 2076/4302/4167 2330/2949/2880 2077/4205/4077
f 2338/2951/2882 2339/2950/2881 2084/1920/1879
f 2085/4096/3983 2084/1920/1879 2339/2950/2881
f 2348/2955/2886 2255/4206/4078 2347/2957/2888
f 2256/2944/2875 2347/2957/2888 2255/4206/4078
f 2355/2959/2890 2248/2940/2871 2357/2961/2892
f 2247/4207/4079 2357/2961/2892 2248/2940/2871
f 2032/2720/2660 2363/2399/2351 2030/1646/1607
f 2364/1647/1608 2030/1646/1607 2363/2399/2351
f 2380/2401/2353 2379/2698/2638 2048/2722/2662
f 2047/4214/4086 2048/2722/2662 2379/2698/2638
f 2398/2017/1976 2397/2707/2647 2376/2962/2893
f 2375/3368/3291 2376/2962/2893 2397/2707/2647
f 2408/2029/1988 2429/2964/2895 2407/2031/1990
f 2428/4107/3994 2407/2031/1990 2429/2964/2895
f 2417/2403/2355 2438/4327/4192 2416/2404/2356
f 2437/3375/3298 2416/2404/2356 2438/4327/4192
f 2453/2970/2901 2454/2971/2902 1869/3296/3219
f 1870/3297/3220 1869/3296/3219 2454/2971/2902
f 1877/4196/4069 2461/2972/2903 1878/2658/2598
f 2462/2973/2904 1878/2658/2598 2461/2972/2903
f 1886/3298/3221 1885/3299/3222 2470/2975/2906
f 2469/2974/2905 2470/2975/2906 1885/3299/3222
f 1893/4197/4070 2477/4188/4062 1894/2661/2601
f 2478/1816/1776 1894/2661/2601 2477/4188/4062
f 2504/2978/2909 2503/3985/3880 2501/2980/2911
f 2502/4328/4193 2501/2980/2911 2503/3985/3880
f 2401/2699/2639 2402/2402/2354 2523/2425/2377
f 2524/2981/2912 2523/2425/2377 2402/2402/2354
f 1858/4211/4083 2558/2983/2914 1859/2895/2826
f 2557/3987/3882 1859/2895/2826 2558/2983/2914
f 2541/4169/4049 2566/2984/2915 2539/2021/1980
f 2565/4329/4194 2539/2021/1980 2566/2984/2915
f 2433/1657/1618 2412/1755/1715 2434/4106/3993
f 2413/4168/4048 2434/4106/3993 2412/1755/1715
f 2574/2030/1989 2407/2031/1990 2580/2985/2916
f 2413/4168/4048 2580/2985/2916 2407/2031/1990
f 1949/2416/2368 2590/2987/2918 1950/2417/2369
f 2589/2989/2920 1950/2417/2369 2590/2987/2918
f 1942/2413/2365 1941/2414/2366 2597/2991/2922
f 2598/2992/2923 2597/2991/2922 1941/2414/2366
f 2606/2996/2927 2605/2995/2926 1933/2409/2361
f 1934/2410/2362 1933/2409/2361 2605/2995/2926
f 2031/1648/1609 2614/2999/2930 2030/1646/1607
f 2615/3001/2932 2030/1646/1607 2614/2999/2930
f 2623/3005/2936 2039/4103/3990 2622/3003/2934
f 2038/1983/1942 2622/3003/2934 2039/4103/3990
f 2630/3009/2940 2631/3010/2941 2046/4326/4191
f 2047/4214/4086 2046/4326/4191 2631/3010/2941
f 2638/2428/2380 2637/1658/1619 2722/2427/2379
f 2449/1660/1621 2722/2427/2379 2637/1658/1619
f 2646/3013/2944 2645/2071/2030 1746/3011/2942
f 1744/2084/2043 1746/3011/2942 2645/2071/2030
f 2661/2074/2033 1776/2091/2050 2662/3018/2949
f 1778/3017/2948 2662/3018/2949 1776/2091/2050
f 1808/2098/2057 1810/3021/2952 2677/2077/2036
f 2678/3020/2951 2677/2077/2036 1810/3021/2952
f 2654/3996/3891 2655/3024/2955 2694/4338/4203
f 2695/3025/2956 2694/4338/4203 2655/3024/2955
f 2711/3027/2958 2710/4339/4204 2671/3029/2960
f 2670/3997/3892 2671/3029/2960 2710/4339/4204
f 2769/2592/2536 2768/4341/4206 2492/2590/2536
f 2113/4342/4206 2492/2590/2536 2768/4341/4206
f 2798/4343/4207 1733/3426/3349 2799/4344/4208
f 1737/3696/3609 2799/4344/4208 1733/3426/3349
f 1754/2451/2403 1752/2725/2665 2807/3037/2967
f 2806/4345/4209 2807/3037/2967 1752/2725/2665
f 1770/3698/3611 1768/3430/3353 2815/3038/2968
f 2814/4346/4210 2815/3038/2968 1768/3430/3353
f 1784/2726/2666 2822/4347/4211 1786/2453/2405
f 2823/3041/2971 1786/2453/2405 2822/4347/4211
f 1802/3699/3612 1800/3432/3355 2831/3042/2972
f 2830/4348/4212 2831/3042/2972 1800/3432/3355
f 2796/3708/3621 2844/2262/2221 2787/3706/3619
f 2843/2264/2223 2787/3706/3619 2844/2262/2221
f 2855/4350/4214 2854/4349/4213 2530/4431/4286
f 2838/4432/4287 2530/4431/4286 2854/4349/4213
f 2944/4351/4215 2962/4352/4216 2945/3050/2980
f 2963/3049/2979 2945/3050/2980 2962/4352/4216
f 2974/3052/2982 2902/2485/2437 2973/3054/2984
f 2901/3057/2987 2973/3054/2984 2902/2485/2437
f 2909/3064/2994 2981/3056/2986 2910/2488/2440
f 2982/3055/2985 2910/2488/2440 2981/3056/2986
f 2991/3058/2988 2919/4221/4092 2990/3060/2990
f 2918/3725/3638 2990/3060/2990 2919/4221/4092
f 2926/2491/2443 2998/3061/2991 2927/2127/2086
f 2999/3063/2993 2927/2127/2086 2998/3061/2991
f 3011/3475/3398 2921/2120/2079 3012/3067/2997
f 2922/2122/2081 3012/3067/2997 2921/2120/2079
f 3028/2131/2090 2949/2509/2461 3027/2130/2089
f 2931/2478/2430 3027/2130/2089 2949/2509/2461
f 3076/4004/3899 3067/2495/2447 3077/3069/2999
f 3068/3070/3000 3077/3069/2999 3067/2495/2447
f 3063/4005/3900 3046/1688/1649 3103/3074/3004
f 3102/1686/1647 3103/3074/3004 3046/1688/1649
f 3121/3869/3770 3037/4172/4052 3120/3871/3772
f 3111/3882/3783 3120/3871/3772 3037/4172/4052
f 3155/3080/3010 2859/4223/4094 3154/3082/3012
f 2858/4433/4288 3154/3082/3012 2859/4223/4094
f 2866/4434/4289 3162/3083/3013 2867/4224/4095
f 3163/3084/3014 2867/4224/4095 3162/3083/3013
f 3172/3086/3016 3169/3734/3647 3024/1679/1640
f 3020/1677/1638 3024/1679/1640 3169/3734/3647
f 3123/3076/3006 3043/3075/3005 3180/3091/3021
f 3178/3744/3657 3180/3091/3021 3043/3075/3005
f 3188/4353/4217 2885/4435/4290 3189/3095/3025
f 2884/4225/4096 3189/3095/3025 2885/4435/4290
f 3196/4354/4218 2877/4436/4291 3197/3097/3027
f 2876/4226/4097 3197/3097/3027 2877/4436/4291
f 3211/4356/4220 3135/4437/4292 3210/4355/4219
f 3122/4438/4293 3210/4355/4219 3135/4437/4292
f 3100/3471/3394 3219/3099/3029 3040/3472/3395
f 3218/3495/3418 3040/3472/3395 3219/3099/3029
f 3209/4227/4098 3227/3101/3031 3037/4172/4052
f 3224/4121/4008 3037/4172/4052 3227/3101/3031
f 2728/4229/4100 2727/4439/4294 3235/3102/3032
f 3234/4357/4221 3235/3102/3032 2727/4439/4294
f 2736/4230/4101 2735/4440/4295 3243/3105/3035
f 3242/4359/4223 3243/3105/3035 2735/4440/4295
f 3250/4361/4225 3251/3110/3040 2743/4441/4296
f 2744/4231/4102 2743/4441/4296 3251/3110/3040
f 3259/3111/3041 2752/4232/4103 3258/4363/4227
f 2751/4442/4297 3258/4363/4227 2752/4232/4103
f 2759/4443/4298 3266/4366/4230 2760/4233/4104
f 3267/3116/3046 2760/4233/4104 3266/4366/4230
f 3276/3119/3049 3143/4444/4299 3277/3117/3047
f 3144/4234/4105 3277/3117/3047 3143/4444/4299
f 3286/3121/3051 3280/2194/2153 3212/4235/4106
f 3147/2196/2155 3212/4235/4106 3280/2194/2153
f 3285/3125/3055 3137/4445/4300 3293/3127/3057
f 3124/4394/4255 3293/3127/3057 3137/4445/4300
f 3339/3130/3060 3330/3131/3061 3338/3534/3457
f 3328/4370/4234 3338/3534/3457 3330/3131/3061
f 3334/4446/3824 3333/4372/4236 3355/3766/3502
f 3354/3537/3460 3355/3766/3502 3333/4372/4236
f 2861/3137/3067 3343/2537/2488 2860/4373/4237
f 3342/2777/2717 2860/4373/4237 3343/2537/2488
f 1650/4376/4240 1522/3138/3068 3336/4377/4241
f 3326/3140/3070 3336/4377/4241 1522/3138/3068
f 3331/4378/4242 1563/4379/4243 3316/3143/3073
f 1432/3145/3075 3316/3143/3073 1563/4379/4243
f 3458/3560/3483 3459/3147/3077 3428/2251/2210
f 3427/2253/2212 3428/2251/2210 3459/3147/3077
f 3445/3558/3481 3387/2555/2506 3395/3149/3079
f 3365/2240/2199 3395/3149/3079 3387/2555/2506
f 3389/3153/3083 3412/3151/3081 3371/3551/3474
f 3411/2793/2733 3371/3551/3474 3412/3151/3081
f 2068/2566/2517 2067/3154/3084 3415/2564/2515
f 3414/3156/3086 3415/2564/2515 2067/3154/3084
f 3379/2229/2188 3385/2227/2186 1505/3157/3087
f 1565/4383/4246 1505/3157/3087 3385/2227/2186
f 2208/4035/3929 2209/3162/3092 3431/3769/3678
f 3432/3163/3093 3431/3769/3678 2209/3162/3092
f 2883/3165/3095 3463/2547/2498 2882/4389/4250
f 3462/2786/2726 2882/4389/4250 3463/2547/2498
f 2199/3166/3096 3422/2222/2181 2193/4390/4251
f 3416/2224/2183 2193/4390/4251 3422/2222/2181
f 3482/3168/3098 3480/2218/2177 3228/3169/3099
f 3089/4392/4253 3228/3169/3099 3480/2218/2177
f 3294/3126/3056 3293/3127/3057 3495/4447/4118
f 3494/4395/3102 3495/4447/4118 3293/3127/3057
f 3511/4397/4256 3512/4448/3105 3508/4398/4257
f 3509/4449/3106 3508/4398/4257 3512/4448/3105
f 2762/1719/1680 3270/1718/1679 3526/2572/2523
f 3525/2570/2521 3526/2572/2523 3270/1718/1679
f 3533/2822/2755 3388/2821/2742 3541/2581/2529
f 1631/2580/2528 3541/2581/2529 3388/2821/2742
f 3496/4450/3823 3300/4401/4258 1622/4451/3825
f 1624/4400/4258 1622/4451/3825 3300/4401/4258
f 3449/4452/4301 2778/4453/4090 3438/2844/2776
f 2484/4187/4061 3438/2844/2776 2778/4453/4090
f 1675/4051/3940 1674/4254/4120 3550/4052/3941
f 3552/3192/3120 3550/4052/3941 1674/4254/4120
f 2770/2593/2538 2491/2591/2537 2771/3198/3126
f 2493/3197/3125 2771/3198/3126 2491/2591/2537
f 3566/4405/4260 3567/3199/3127 1902/3833/3734
f 1903/3201/3129 1902/3833/3734 3567/3199/3127
f 3583/3205/3133 1919/3206/3134 3582/4406/4261
f 1918/3834/3735 3582/4406/4261 1919/3206/3134
f 3598/4409/4264 3599/3207/3135 1993/3651/3564
f 2009/3209/3137 1993/3651/3564 3599/3207/3135
f 3606/3213/3141 3654/3214/3142 3607/4410/4265
f 3655/4411/4266 3607/4410/4265 3654/3214/3142
f 3585/3217/3145 3637/3218/3146 3586/4414/4269
f 3638/4412/4267 3586/4414/4269 3637/3218/3146
f 3570/4417/4272 3569/3219/3147 3622/4419/4274
f 3621/3221/3149 3622/4419/4274 3569/3219/3147
f 2773/3932/3828 3659/4454/4302 2775/2830/2762
f 3657/4455/4303 2775/2830/2762 3659/4454/4302
f 3659/4454/4302 2774/4456/4302 3657/4455/4303
f 3666/3223/3150 3369/2607/2549 3665/2613/2555
f 3399/2608/2550 3665/2613/2555 3369/2607/2549
f 3672/3226/3153 3669/3227/3154 2482/4067/3956
f 3437/2615/2557 2482/4067/3956 3669/3227/3154
f 3612/3230/3157 3685/3231/3158 3561/4185/4060
f 3613/4186/4060 3561/4185/4060 3685/3231/3158
f 3478/2785/2725 3073/4457/4304 3690/4423/4278
f 3691/4425/4280 3690/4423/4278 3073/4457/4304
f 3695/3234/3161 2786/3707/3620 3694/3235/3162
f 2546/4113/4000 3694/3235/3162 2786/3707/3620
f 3206/1791/1751 3205/1811/1771 3072/3741/3654
f 3062/2136/2095 3072/3741/3654 3205/1811/1771
f 1406/3951/3847 1408/2621/2562 1415/3813/3715
f 1417/2622/2563 1415/3813/3715 1408/2621/2562
f 1474/1834/1794 1447/3621/3536 1475/1832/1792
f 1448/2623/2564 1475/1832/1792 1447/3621/3536
f 1490/1831/1791 1463/2327/2280 1489/2627/2568
f 1462/1824/1784 1489/2627/2568 1463/2327/2280
f 1501/1835/1795 1456/2329/2282 1500/2629/2570
f 1455/1828/1788 1500/2629/2570 1456/2329/2282
f 1424/3625/3540 1426/3809/3711 1557/3259/3186
f 1558/3619/3534 1557/3259/3186 1426/3809/3711
f 1479/1827/1787 1433/2325/2278 1589/2332/2285
f 1590/1857/1817 1589/2332/2285 1433/2325/2278
f 1579/2331/2284 1443/2630/2571 1600/2334/2287
f 1587/2859/2791 1600/2334/2287 1443/2630/2571
f 1615/1853/1813 1393/2336/2289 1614/2634/2575
f 1392/2862/2794 1614/2634/2575 1393/2336/2289
f 1639/2636/2577 1521/2639/2580 1638/2638/2579
f 1520/2641/2582 1638/2638/2579 1521/2639/2580
f 1649/2640/2581 1530/1613/1574 1648/2642/2583
f 1529/1612/1573 1648/2642/2583 1530/1613/1574
f 1372/4073/3961 1373/2643/2584 1665/4190/4064
f 1666/2644/2585 1665/4190/4064 1373/2643/2584
f 1683/4193/4066 1658/4192/4066 1684/2646/2586
f 1572/2645/2586 1684/2646/2586 1658/4192/4066
f 1700/2647/2587 1701/2648/2588 1477/4290/4156
f 1450/3288/3211 1477/4290/4156 1701/2648/2588
f 1555/2346/2298 1710/1879/1838 1541/2880/2811
f 1708/2649/2589 1541/2880/2811 1710/1879/1838
f 1531/3291/3214 1620/2347/2299 1716/2651/2591
f 1715/1880/1839 1716/2651/2591 1620/2347/2299
f 1397/1783/1743 1730/4195/4068 1604/1782/1742
f 1729/2885/2816 1604/1782/1742 1730/4195/4068
f 1826/3967/3862 1827/2654/2594 1757/2465/2417
f 1759/2466/2418 1757/2465/2417 1827/2654/2594
f 1791/2469/2421 1789/2470/2422 1843/2655/2595
f 1842/3968/3863 1843/2655/2595 1789/2470/2422
f 1821/2656/2596 1820/3641/3554 1862/1652/1613
f 1861/1653/1614 1862/1652/1613 1820/3641/3554
f 1836/3643/3556 1877/4196/4069 1837/2657/2597
f 1878/2658/2598 1837/2657/2597 1877/4196/4069
f 1894/2661/2601 1853/2662/2602 1893/4197/4070
f 1852/3645/3558 1893/4197/4070 1853/2662/2602
f 1969/4199/4071 1911/4057/3946 1970/2664/2604
f 1912/2663/2603 1970/2664/2604 1911/4057/3946
f 2000/4059/3948 1990/1911/1870 2001/4200/4072
f 1991/1913/1872 2001/4200/4072 1990/1911/1870
f 1985/4092/3979 1984/4094/3981 2023/2668/2608
f 2022/2667/2607 2023/2668/2608 1984/4094/3981
f 2080/1966/1925 2081/2669/2609 2101/4202/4074
f 2102/2670/2610 2101/4202/4074 2081/2669/2609
f 2101/4202/4074 2102/2670/2610 2118/3656/3569
f 2119/2671/2611 2118/3656/3569 2102/2670/2610
f 2148/1932/1891 2143/2676/2616 2165/1927/1886
f 2160/2673/2613 2165/1927/1886 2143/2676/2616
f 2172/2674/2614 2173/1929/1888 2155/2677/2617
f 2156/1937/1896 2155/2677/2617 2173/1929/1888
f 2177/2675/2615 2182/1934/1893 2125/3975/3870
f 2131/2374/2326 2125/3975/3870 2182/1934/1893
f 2189/2678/2618 2190/1936/1895 2138/2929/2860
f 2139/2376/2328 2138/2929/2860 2190/1936/1895
f 2125/3975/3870 2131/2374/2326 2261/2679/2619
f 2267/1940/1899 2261/2679/2619 2131/2374/2326
f 2138/2929/2860 2139/2376/2328 2274/2681/2621
f 2275/1944/1903 2274/2681/2621 2139/2376/2328
f 2228/2680/2620 2233/1942/1901 2278/2683/2623
f 2284/1948/1907 2278/2683/2623 2233/1942/1901
f 2240/2682/2622 2241/1946/1905 2291/2685/2625
f 2292/1952/1911 2291/2685/2625 2241/1946/1905
f 2296/2687/2627 2301/1956/1915 2245/1979/1938
f 2250/2378/2330 2245/1979/1938 2301/1956/1915
f 2308/2688/2628 2309/1958/1917 2257/2945/2876
f 2258/2380/2332 2257/2945/2876 2309/1958/1917
f 2331/2947/2878 2060/2946/2877 2332/2385/2337
f 2061/2387/2339 2332/2385/2337 2060/2946/2877
f 2068/2952/2883 2069/4101/3988 2339/2950/2881
f 2340/1970/1929 2339/2950/2881 2069/4101/3988
f 2203/2392/2344 2349/2393/2345 2204/2954/2885
f 2348/2955/2886 2204/2954/2885 2349/2393/2345
f 2196/2960/2891 2357/2961/2892 2195/2394/2346
f 2358/2395/2347 2195/2394/2346 2357/2961/2892
f 2366/1984/1943 2034/2049/2008 2367/2694/2634
f 2035/2695/2635 2367/2694/2634 2034/2049/2008
f 2383/2696/2636 2382/1989/1948 2051/2697/2637
f 2050/2056/2015 2051/2697/2637 2382/1989/1948
f 2378/4208/4080 2379/2698/2638 2400/4209/4081
f 2401/2699/2639 2400/4209/4081 2379/2698/2638
f 2432/2701/2641 2418/3680/3593 2431/1993/1952
f 2417/2403/2355 2431/1993/1952 2418/3680/3593
f 2420/3395/3318 2414/3848/3749 2441/2967/2898
f 2435/3849/3750 2441/2967/2898 2414/3848/3749
f 1932/2719/2659 1933/2409/2361 2454/2971/2902
f 2455/2411/2363 2454/2971/2902 1933/2409/2361
f 2463/2412/2364 2462/2973/2904 1941/2414/2366
f 1940/2718/2658 1941/2414/2366 2462/2973/2904
f 2470/2975/2906 1948/2717/2657 2471/2415/2367
f 1949/2416/2368 2471/2415/2367 1948/2717/2657
f 2489/1777/1737 2490/1788/1748 2483/2419/2371
f 2485/2976/2907 2483/2419/2371 2490/1788/1748
f 2215/3984/3879 2300/2941/2872 2497/3853/3754
f 2508/1709/1670 2497/3853/3754 2300/2941/2872
f 2404/1991/1950 2405/4105/3992 2526/4210/4082
f 2527/2716/2656 2526/4210/4082 2405/4105/3992
f 2560/2423/2375 2544/2024/1983 2559/2711/2651
f 2543/2026/1985 2559/2711/2651 2544/2024/1983
f 2568/2027/1986 2523/2425/2377 2567/2713/2653
f 2524/2981/2912 2567/2713/2653 2523/2425/2377
f 2527/2716/2656 2405/4105/3992 2573/2715/2655
f 2406/3854/3755 2573/2715/2655 2405/4105/3992
f 2581/4212/4084 2493/2010/1969 2579/4213/4085
f 2447/2012/1971 2579/4213/4085 2493/2010/1969
f 2591/2432/2384 1977/2433/2385 2590/2987/2918
f 1978/2988/2919 2590/2987/2918 1977/2433/2385
f 2598/2992/2923 2599/2434/2386 1970/2994/2925
f 1969/2435/2387 1970/2994/2925 2599/2434/2386
f 1961/2438/2390 1962/2998/2929 2607/2439/2391
f 2606/2996/2927 2607/2439/2391 1962/2998/2929
f 2615/3001/2932 2001/3002/2933 2616/2440/2392
f 1991/2441/2393 2616/2440/2392 2001/3002/2933
f 2623/3005/2936 2008/3006/2937 2624/2443/2395
f 2006/2444/2396 2624/2443/2395 2008/3006/2937
f 1988/3008/2939 2019/2446/2398 2631/3010/2941
f 2632/2448/2400 2631/3010/2941 2019/2446/2398
f 2721/1663/1624 2722/2427/2379 1863/2358/2310
f 1864/1895/1854 1863/2358/2310 2722/2427/2379
f 2649/2724/2664 2648/3856/3757 1752/2725/2665
f 1750/3710/3623 1752/2725/2665 2648/3856/3757
f 2665/2727/2667 2664/3858/3759 1784/2726/2666
f 1782/3712/3625 1784/2726/2666 2664/3858/3759
f 2641/3425/3348 2681/4215/4087 2642/3697/3610
f 2682/4458/4305 2642/3697/3610 2681/4215/4087
f 2657/3429/3352 2658/2731/2671 2697/4216/4088
f 2698/2730/2670 2697/4216/4088 2658/2731/2671
f 2714/2732/2672 2713/4217/4089 2674/2733/2673
f 2673/3433/3356 2674/2733/2673 2713/4217/4089
f 2780/2736/2676 2763/2737/2677 2779/2807/2745
f 2519/4459/4306 2779/2807/2745 2763/2737/2677
f 2801/2087/2046 2800/2739/2679 1741/2464/2416
f 1739/3035/2965 1741/2464/2416 2800/2739/2679
f 1755/2888/2819 1757/2465/2417 2808/2740/2680
f 2809/2088/2047 2808/2740/2680 1757/2465/2417
f 2817/2094/2053 2816/2742/2682 1773/2468/2420
f 1771/3039/2969 1773/2468/2420 2816/2742/2682
f 2824/2743/2683 1787/2889/2820 2825/2097/2056
f 1789/2470/2422 2825/2097/2056 1787/2889/2820
f 2833/2101/2060 2832/2745/2685 1805/2472/2424
f 1803/3043/2973 1805/2472/2424 2832/2745/2685
f 2949/2509/2461 2950/2510/2462 2931/2478/2430
f 2932/2477/2429 2931/2478/2430 2950/2510/2462
f 2947/2483/2435 2965/2513/2465 2948/1675/1636
f 2966/1676/1637 2948/1675/1636 2965/2513/2465
f 2939/2480/2432 2975/2481/2433 2938/3051/2981
f 2974/3052/2982 2938/3051/2981 2975/2481/2433
f 2982/3055/2985 2946/3048/2978 2983/2482/2434
f 2947/2483/2435 2983/2482/2434 2946/3048/2978
f 2991/3058/2988 2901/3057/2987 2992/2484/2436
f 2902/2485/2437 2992/2484/2436 2901/3057/2987
f 2999/3063/2993 2909/3064/2994 3000/2487/2439
f 2910/2488/2440 3000/2487/2439 2909/3064/2994
f 2925/2748/2688 3015/2505/2457 2924/3723/3636
f 3014/3085/3015 2924/3723/3636 3015/2505/2457
f 3031/4002/3897 2896/2746/2686 3032/2749/2689
f 2985/2118/2077 3032/2749/2689 2896/2746/2686
f 3086/4011/3906 3077/3069/2999 3087/4012/3907
f 3078/3071/3001 3087/4012/3907 3077/3069/2999
f 3104/2498/2450 3103/3074/3004 3074/2496/2448
f 3065/3073/3003 3074/2496/2448 3103/3074/3004
f 3113/4006/3901 3126/4222/4093 3114/2752/2692
f 3127/2753/2693 3114/2752/2692 3126/4222/4093
f 3007/2503/2455 3156/2502/2454 3006/3079/3009
f 3155/3080/3010 3006/3079/3009 3156/2502/2454
f 3163/3084/3014 3014/3085/3015 3164/2506/2458
f 3015/2505/2457 3164/2506/2458 3014/3085/3015
f 3152/2756/2696 2856/3730/3643 3173/2757/2697
f 3035/4119/4006 3173/2757/2697 2856/3730/3643
f 2956/3096/3026 3190/2758/2698 2957/2511/2463
f 3191/2158/2117 2957/2511/2463 3190/2758/2698
f 2964/3047/2977 3198/2760/2700 2965/2513/2465
f 3199/2162/2121 2965/2513/2465 3198/2760/2700
f 3201/2169/2128 3023/1674/1635 3200/2164/2123
f 2966/1676/1637 3200/2164/2123 3023/1674/1635
f 3222/2763/2703 3081/2751/2691 3221/2171/2130
f 3105/2499/2451 3221/2171/2130 3081/2751/2691
f 3237/2177/2136 3236/2765/2705 2687/2516/2468
f 2686/3103/3033 2687/2516/2468 3236/2765/2705
f 3245/2178/2137 3244/2766/2706 2695/2518/2470
f 2694/3106/3036 2695/2518/2470 3244/2766/2706
f 2702/3109/3039 2703/2519/2471 3252/2768/2708
f 3253/2184/2143 3252/2768/2708 2703/2519/2471
f 3260/2770/2710 2710/3113/3043 3261/2187/2146
f 2711/2521/2473 3261/2187/2146 2710/3113/3043
f 3268/2773/2713 2718/3114/3044 3269/1720/1681
f 2719/2524/2476 3269/1720/1681 2718/3114/3044
f 3278/2526/2478 3132/2527/2479 3277/3117/3047
f 3131/3118/3048 3277/3117/3047 3132/2527/2479
f 3135/3525/3448 3211/3123/3053 3283/3527/3450
f 3286/3121/3051 3283/3527/3450 3211/3123/3053
f 2124/4460/4307 3303/4461/4308 2175/2575/2526
f 3304/2577/2526 2175/2575/2526 3303/4461/4308
f 3342/2777/2717 3318/2776/2716 3341/4236/4107
f 3332/3542/3465 3341/4236/4107 3318/2776/2716
f 1379/4137/1678 3312/2254/2213 1731/4237/4108
f 3337/4023/3917 1731/4237/4108 3312/2254/2213
f 2864/2779/2719 3346/2780/2720 2863/4238/4109
f 3345/2206/2165 2863/4238/4109 3346/2780/2720
f 1486/2781/2721 3322/2782/2722 1441/4239/4110
f 3317/3530/3453 1441/4239/4110 3322/2782/2722
f 3462/2786/2726 3424/2787/2727 3461/4240/4111
f 3425/2801/2739 3461/4240/4111 3424/2787/2727
f 3383/2312/2265 3392/4174/4054 3438/2844/2776
f 3449/4452/4301 3438/2844/2776 3392/4174/4054
f 3390/4241/4112 3381/2803/2741 3414/3156/3086
f 3415/2564/2515 3414/3156/3086 3381/2803/2741
f 2064/2792/2732 3411/2793/2733 2065/4242/4113
f 3412/3151/3081 2065/4242/4113 3411/2793/2733
f 1396/2794/2734 3366/2795/2735 1378/4386/3851
f 3364/4384/4247 1378/4386/3851 3366/2795/2735
f 2312/4243/4114 2314/2259/2218 3433/3904/3805
f 3434/2258/2217 3433/3904/3805 2314/2259/2218
f 2886/2799/2737 3466/2798/2736 2885/4244/4115
f 3465/2225/2184 2885/4244/4115 3466/2798/2736
f 2202/2800/2738 3425/2801/2739 2201/4245/4116
f 3424/2787/2727 2201/4245/4116 3425/2801/2739
f 3444/2219/2178 3451/4129/4016 2538/2802/2740
f 2845/4246/4117 2538/2802/2740 3451/4129/4016
f 3481/2796/2532 3473/2557/2508 3500/2260/2219
f 3434/2258/2217 3500/2260/2219 3473/2557/2508
f 2518/4462/3928 3517/2805/2743 2519/4459/4306
f 2779/2807/2745 2519/4459/4306 3517/2805/2743
f 3530/2812/2749 3528/3179/3109 3532/2811/2522
f 3529/4463/2524 3532/2811/2522 3528/3179/3109
f 3303/4461/4308 2124/4460/4307 3302/3183/3113
f 2107/3182/3112 3302/3183/3113 2124/4460/4307
f 3296/3184/3114 3498/2579/2527 1629/3185/3115
f 1630/2578/2527 1629/3185/3115 3498/2579/2527
f 3448/2789/2729 3405/2548/2499 2767/4464/4309
f 2058/4465/4310 2767/4464/4309 3405/2548/2499
f 3553/2828/2760 3554/2280/2235 1689/3194/3122
f 1688/2589/2535 1689/3194/3122 3554/2280/2235
f 3551/1748/1708 3559/1738/1698 2768/4148/4029
f 2764/1740/1700 2768/4148/4029 3559/1738/1698
f 1906/2831/2763 1905/3647/3560 3570/2832/2764
f 3569/4257/4123 3570/2832/2764 1905/3647/3560
f 3586/2833/2765 1922/2834/2766 3585/4258/4124
f 1921/3649/3562 3585/4258/4124 1922/2834/2766
f 3602/2835/2767 2022/2667/2607 3601/4259/4125
f 1984/4094/3981 3601/4259/4125 2022/2667/2607
f 3603/2836/2768 3651/2837/2769 3604/4260/4126
f 3652/4261/4127 3604/4260/4126 3651/2837/2769
f 3582/2838/2770 3634/2839/2771 3583/4262/4128
f 3635/4263/4129 3583/4262/4128 3634/2839/2771
f 3567/4264/4130 3566/2840/2772 3619/4265/4131
f 3618/2841/2773 3619/4265/4131 3566/2840/2772
f 1407/3944/3840 3667/4266/4132 3368/3224/3151
f 3666/3223/3150 3368/3224/3151 3667/4266/4132
f 3609/2847/2779 3682/2848/2779 3610/4267/4133
f 3683/4268/4134 3610/4267/4133 3682/2848/2779
f 2794/3438/3361 3696/4269/4135 2785/2081/2040
f 3695/3234/3161 2785/2081/2040 3696/4269/4135
f 1398/2349/2301 1399/2350/2302 1406/3951/3847
f 1408/2621/2562 1406/3951/3847 1399/2350/2302
f 1430/3950/3846 1429/2330/2283 1421/4075/3963
f 1420/1823/1783 1421/4075/3963 1429/2330/2283
f 1484/4271/4137 1439/2637/2578 1483/3240/3167
f 1438/3241/3168 1483/3240/3167 1439/2637/2578
f 1498/4272/4138 1453/2626/2567 1497/3255/3182
f 1452/3256/3183 1497/3255/3182 1453/2626/2567
f 1552/1618/1579 1551/3617/3532 1509/3251/3178
f 1510/3252/3179 1509/3251/3178 1551/3617/3532
f 1575/1603/1564 1576/4466/4311 1568/1604/1565
f 1535/4280/4146 1568/1604/1565 1576/4466/4311
f 1583/3254/3181 1510/3252/3179 1584/3622/3537
f 1511/2856/2788 1584/3622/3537 1510/3252/3179
f 1470/2858/2790 1497/3255/3182 1588/2860/2792
f 1594/3257/3184 1588/2860/2792 1497/3255/3182
f 1612/4274/4140 1390/4275/4141 1611/4194/4067
f 1389/4428/4283 1611/4194/4067 1390/4275/4141
f 1626/1610/1571 1528/1609/1570 1621/1614/1575
f 1529/1612/1573 1621/1614/1575 1528/1609/1570
f 1636/4277/4143 1518/4278/4144 1635/3265/3192
f 1517/3266/3193 1635/3265/3192 1518/4278/4144
f 1646/4279/4145 1527/1611/1572 1645/3269/3196
f 1526/3270/3197 1645/3269/3196 1527/1611/1572
f 1657/1615/1576 1658/4467/4312 1567/1616/1577
f 1536/3274/3201 1567/1616/1577 1658/4467/4312
f 1678/4468/4313 1677/3630/3545 1545/4469/4314
f 1574/3632/3545 1545/4469/4314 1677/3630/3545
f 1697/4286/4152 1695/2351/2303 1414/4287/4153
f 1405/2352/2304 1414/4287/4153 1695/2351/2303
f 1706/3284/3207 1707/4288/4154 1459/3286/3209
f 1504/4289/4155 1459/3286/3209 1707/4288/4154
f 1586/3289/3212 1713/3287/3210 1513/2345/2297
f 1711/1878/1837 1513/2345/2297 1713/3287/3210
f 1522/4081/3968 1650/3290/3213 1718/4082/3969
f 1720/3292/3215 1718/4082/3969 1650/3290/3213
f 1727/3638/3551 1403/2850/2782 1726/3294/3217
f 1402/2851/2783 1726/3294/3217 1403/2850/2782
f 1747/3440/3363 1745/3640/3553 1821/2656/2596
f 1820/3641/3554 1821/2656/2596 1745/3640/3553
f 1777/3642/3555 1836/3643/3556 1779/3447/3370
f 1837/2657/2597 1779/3447/3370 1836/3643/3556
f 1811/3613/3528 1809/3644/3557 1853/2662/2602
f 1852/3645/3558 1853/2662/2602 1809/3644/3557
f 1871/2704/2644 1872/2002/1961 1830/1888/1847
f 1831/4084/3971 1830/1888/1847 1872/2002/1961
f 1847/4087/3974 1846/1893/1852 1888/2006/1965
f 1887/2705/2645 1888/2006/1965 1846/1893/1852
f 1964/4470/4315 1963/3646/3559 1906/2831/2763
f 1905/3647/3560 1906/2831/2763 1963/3646/3559
f 1980/4471/4316 1979/3648/3561 1922/2834/2766
f 1921/3649/3562 1922/2834/2766 1979/3648/3561
f 1897/2363/2315 1955/2362/2314 2015/4472/4317
f 2014/4473/4318 2015/4472/4317 1955/2362/2314
f 2096/4474/4319 2075/3663/3576 2095/3652/3565
f 2074/3653/3566 2095/3652/3565 2075/3663/3576
f 2113/1645/1606 2096/4474/4319 2112/3654/3567
f 2095/3652/3565 2112/3654/3567 2096/4474/4319
f 2162/4305/4170 2161/3313/3236 2145/4306/4171
f 2144/3315/3238 2145/4306/4171 2161/3313/3236
f 2169/3318/3241 2170/4307/4172 2152/3320/3243
f 2153/4308/4173 2152/3320/3243 2170/4307/4172
f 2127/3322/3245 2128/4309/4174 2178/3324/3247
f 2179/4310/4175 2178/3324/3247 2128/4309/4174
f 2186/3326/3249 2187/4311/4176 2135/3328/3251
f 2136/4312/4177 2135/3328/3251 2187/4311/4176
f 2263/3330/3253 2264/4313/4178 2127/3322/3245
f 2128/4309/4174 2127/3322/3245 2264/4313/4178
f 2135/3328/3251 2136/4312/4177 2271/3332/3255
f 2272/4314/4179 2271/3332/3255 2136/4312/4177
f 2280/3334/3257 2281/4315/4180 2229/3336/3259
f 2230/4316/4181 2229/3336/3259 2281/4315/4180
f 2237/3338/3261 2238/4317/4182 2288/3340/3263
f 2289/4318/4183 2288/3340/3263 2238/4317/4182
f 2246/2693/2633 2247/4207/4079 2297/3342/3265
f 2298/4319/4184 2297/3342/3265 2247/4207/4079
f 2254/2692/2632 2305/3344/3267 2255/4206/4078
f 2306/4320/4185 2255/4206/4078 2305/3344/3267
f 2319/1639/1600 2321/3346/3269 2322/1642/1603
f 2323/3662/3575 2322/1642/1603 2321/3346/3269
f 2329/3664/3577 2058/4475/4320 2328/3348/3271
f 2057/3349/3272 2328/3348/3271 2058/4475/4320
f 2336/3354/3277 2065/3355/3278 2337/3665/3578
f 2066/4321/4186 2337/3665/3578 2065/3355/3278
f 2345/3357/3280 2207/3356/3279 2346/3666/3579
f 2206/4322/4187 2346/3666/3579 2207/3356/3279
f 2193/4102/3989 2354/1978/1937 2199/3360/3283
f 2353/3361/3284 2199/3360/3283 2354/1978/1937
f 2209/3980/3875 2343/3667/3580 2317/4325/4190
f 2362/3668/3581 2317/4325/4190 2343/3667/3580
f 2377/2963/2894 2376/2962/2893 2045/3694/3607
f 2044/3669/3582 2045/3694/3607 2376/2962/2893
f 2395/2969/2900 2394/3671/3584 2373/3846/3747
f 2372/3670/3583 2373/3846/3747 2394/3671/3584
f 2164/1643/1604 2147/2919/2850 2426/2013/1972
f 2427/3983/3878 2426/2013/1972 2147/2919/2850
f 2391/3847/3748 2438/4327/4192 2390/3982/3877
f 2439/4476/4321 2390/3982/3877 2438/4327/4192
f 1929/3377/3300 1930/2046/2005 2451/3376/3299
f 2452/3672/3585 2451/3376/3299 1930/2046/2005
f 2460/3675/3588 2459/3378/3301 1938/2040/1999
f 1937/3380/3303 1938/2040/1999 2459/3378/3301
f 2468/3678/3591 2467/3382/3305 1946/2039/1998
f 1945/3384/3307 1946/2039/1998 2467/3382/3305
f 2475/3388/3311 1953/3389/3312 2476/3679/3592
f 1954/4170/4050 2476/3679/3592 1953/3389/3312
f 2501/2980/2911 2502/4328/4193 2418/3680/3593
f 2439/4476/4321 2418/3680/3593 2502/4328/4193
f 2517/3391/3314 2521/3390/3313 2387/1987/1946
f 2385/2400/2352 2387/1987/1946 2521/3390/3313
f 2520/3681/3594 2553/3807/3709 1895/2659/2599
f 2554/3986/3881 1895/2659/2599 2553/3807/3709
f 2565/4329/4194 2526/4210/4082 2564/2714/2654
f 2527/2716/2656 2564/2714/2654 2526/4210/4082
f 2509/2015/1974 2511/2014/1973 2563/2708/2648
f 2562/3683/3596 2563/2708/2648 2511/2014/1973
f 2445/1999/1958 2577/3396/3319 2444/2406/2358
f 2576/3684/3597 2444/2406/2358 2577/3396/3319
f 2588/3686/3599 1980/4330/4195 2587/3397/3320
f 1981/3398/3321 2587/3397/3320 1980/4330/4195
f 2595/3401/3324 2596/3688/3601 1973/3402/3325
f 1972/4331/4196 1973/3402/3325 2596/3688/3601
f 1965/3407/3330 2603/3408/3331 1964/4332/4197
f 2604/3690/3603 1964/4332/4197 2603/3408/3331
f 2611/3411/3334 2612/3691/3604 1957/3409/3332
f 1956/4334/4199 1957/3409/3332 2612/3691/3604
f 2620/3415/3338 2011/3416/3339 2621/3692/3605
f 2013/4335/4200 2621/3692/3605 2011/3416/3339
f 2629/3693/3606 2628/3420/3343 2028/4336/4201
f 1997/3418/3341 2028/4336/4201 2628/3420/3343
f 2613/3695/3608 2636/3421/3344 1955/4333/4198
f 2014/3423/3346 1955/4333/4198 2636/3421/3344
f 1734/3427/3350 1740/2738/2678 2640/2728/2668
f 2643/2455/2407 2640/2728/2668 1740/2738/2678
f 1772/2741/2681 2659/2458/2410 1770/3698/3611
f 2658/2731/2671 1770/3698/3611 2659/2458/2410
f 1802/3699/3612 1804/2744/2684 2674/2733/2673
f 2675/2459/2411 2674/2733/2673 1804/2744/2684
f 2691/3700/3613 2651/2060/2019 2692/4477/4322
f 2652/2062/2021 2692/4477/4322 2651/2060/2019
f 2708/4478/4323 2707/3701/3614 2668/2067/2026
f 2667/2066/2025 2668/2067/2026 2707/3701/3614
f 2765/3703/3616 2766/4479/4324 2075/3705/3618
f 2329/4480/4325 2075/3705/3618 2766/4479/4324
f 2797/3034/2964 2798/4343/4207 1735/3036/2966
f 1736/1779/1739 1735/3036/2966 2798/4343/4207
f 1749/3441/3364 1751/4295/4160 2805/3443/3366
f 2806/4345/4209 2805/3443/3366 1751/4295/4160
f 2814/4346/4210 2813/3445/3368 1767/4085/3972
f 1765/1890/1849 1767/4085/3972 2813/3445/3368
f 2821/3448/3371 1781/3449/3372 2822/4347/4211
f 1783/4296/4161 2822/4347/4211 1781/3449/3372
f 2830/4348/4212 2829/3450/3373 1799/4086/3973
f 1797/1891/1850 1799/4086/3973 2829/3450/3373
f 2841/1795/1755 2536/2020/1979 2840/1796/1756
f 2534/2018/1977 2840/1796/1756 2536/2020/1979
f 2839/3452/3375 2532/2473/2425 2854/4349/4213
f 2850/2102/2061 2854/4349/4213 2532/2473/2425
f 2960/3488/3411 2942/3457/3380 2959/3716/3629
f 2941/3717/3630 2959/3716/3629 2942/3457/3380
f 2936/4115/4002 2972/3718/3631 2935/2105/2064
f 2971/3453/3376 2935/2105/2064 2972/3718/3631
f 2944/4351/4215 2980/3721/3634 2943/3455/3378
f 2979/3456/3379 2943/3455/3378 2980/3721/3634
f 2899/3719/3632 2989/3722/3635 2898/3459/3382
f 2988/3460/3383 2898/3459/3382 2989/3722/3635
f 2996/3463/3386 2906/3462/3385 2997/3724/3637
f 2907/3720/3633 2997/3724/3637 2906/3462/3385
f 2919/4221/4092 3009/4010/3905 2918/3725/3638
f 3008/2504/2456 2918/3725/3638 3009/4010/3905
f 3033/2493/2445 3034/2494/2446 3059/3467/3390
f 3060/2150/2109 3059/3467/3390 3034/2494/2446
f 3074/2496/2448 3065/3073/3003 3099/3727/3640
f 3097/3468/3391 3099/3727/3640 3065/3073/3003
f 3117/2141/2100 3118/4117/4004 3039/2172/2131
f 3106/2170/2129 3039/2172/2131 3118/4117/4004
f 3152/2756/2696 3003/2492/2444 3153/3728/3641
f 3004/4001/3896 3153/3728/3641 3003/2492/2444
f 3012/3067/2997 3161/3733/3646 3011/3475/3398
f 3160/3476/3399 3011/3475/3398 3161/3733/3646
f 3019/3481/3404 3020/1677/1638 3168/3480/3403
f 3169/3734/3647 3168/3480/3403 3020/1677/1638
f 3179/3497/3420 3177/3482/3405 3088/3499/3422
f 3079/3484/3407 3088/3499/3422 3177/3482/3405
f 2953/2104/2063 3187/3487/3410 2954/4116/4003
f 3188/4353/4217 2954/4116/4003 3187/3487/3410
f 3196/4354/4218 2962/4352/4216 3195/3491/3414
f 2961/3490/3413 3195/3491/3414 2962/4352/4216
f 3121/3869/3770 3210/4355/4219 3037/4172/4052
f 3209/4227/4098 3037/4172/4052 3210/4355/4219
f 3217/3493/3416 3095/3492/3415 3215/4120/4007
f 3085/4003/3898 3215/4120/4007 3095/3492/3415
f 3216/3881/3782 3087/4012/3907 3226/3496/3419
f 3179/3497/3420 3226/3496/3419 3087/4012/3907
f 3234/4357/4221 3233/3500/3423 2684/4358/4222
f 2683/3502/3425 2684/4358/4222 3233/3500/3423
f 3242/4359/4223 3241/3504/3427 2692/4360/4224
f 2691/3506/3429 2692/4360/4224 3241/3504/3427
f 3250/4361/4225 3249/3508/3431 2700/4362/4226
f 2699/3510/3433 2700/4362/4226 3249/3508/3431
f 3257/3514/3437 2707/3515/3438 3258/4363/4227
f 2708/4364/4228 3258/4363/4227 2707/3515/3438
f 3265/3518/3441 2715/3519/3442 3266/4366/4230
f 2716/4365/4229 3266/4366/4230 2715/3519/3442
f 3128/3522/3445 3274/3523/3446 3129/4367/4231
f 3275/3756/3669 3129/4367/4231 3274/3523/3446
f 3284/3760/3671 3181/4368/4232 3285/3758/3055
f 3137/4481/4300 3285/3758/3055 3181/4368/4232
f 2356/4324/4189 2198/4323/4188 3292/4122/4009
f 3291/4482/4326 3292/4122/4009 2198/4323/4188
f 3331/4378/4242 3316/3143/3073 3359/3899/3800
f 3358/3763/3674 3359/3899/3800 3316/3143/3073
f 3352/3902/3803 3336/4377/4241 3351/3764/3675
f 3326/3140/3070 3351/3764/3675 3336/4377/4241
f 2858/4483/4327 3340/3128/3058 2857/3765/3676
f 3339/3130/3060 2857/3765/3676 3340/3128/3058
f 3333/4372/4236 3334/4446/3824 1620/4484/4328
f 1622/4485/3825 1620/4484/4328 3334/4446/3824
f 3328/4370/4234 3330/3131/3061 1541/4486/4329
f 1555/3768/3677 1541/4486/4329 3330/3131/3061
f 3456/3911/3812 3430/4037/3931 3455/3770/3679
f 3431/3769/3678 3455/3770/3679 3430/4037/3931
f 3447/4487/4330 3391/4385/4248 3484/4488/4331
f 3364/4384/4247 3484/4488/4331 3391/4385/4248
f 3408/2237/2196 3377/3771/3680 3409/2236/2195
f 3374/4029/3923 3409/2236/2195 3377/3771/3680
f 1515/3772/3681 1651/4489/4332 3380/3152/3082
f 3390/4241/4112 3380/3152/3082 1651/4489/4332
f 3403/2228/2187 2056/3773/3682 3404/2226/2185
f 2057/4490/4333 3404/2226/2185 2056/3773/3682
f 2682/3774/3683 3232/4491/3785 3446/3775/3684
f 3484/4488/4331 3446/3775/3684 3232/4491/3785
f 2880/4492/4334 3460/3146/3076 2879/3776/3685
f 3459/3147/3077 2879/3776/3685 3460/3146/3076
f 3419/3777/3686 2196/3778/3687 3418/4027/3921
f 2195/4493/4335 3418/4027/3921 2196/3778/3687
f 3478/2785/2725 3477/2321/2274 3073/4457/4304
f 3064/2319/2272 3073/4457/4304 3477/2321/2274
f 3507/3571/3494 3508/4398/4257 3440/3237/3164
f 3476/2620/2561 3440/3237/3164 3508/4398/4257
f 3513/3174/3104 3518/4494/4336 3509/3176/3106
f 3047/4495/2560 3509/3176/3106 3518/4494/4336
f 3531/3177/3107 3540/4496/3495 3527/3178/3108
f 3539/4497/3818 3527/3178/3108 3540/4496/3495
f 3545/3579/1689 3522/1726/1686 3546/3188/1691
f 3521/3189/1692 3546/3188/1691 3522/1726/1686
f 3522/1726/1686 3300/1728/1688 3524/3786/3693
f 3496/3787/1689 3524/3786/3693 3300/1728/1688
f 3549/2276/2231 3559/1738/1698 2777/4147/4028
f 2776/2829/2761 2777/4147/4028 3559/1738/1698
f 3564/4498/4337 1900/4089/3976 3563/3791/3696
f 1899/1906/1865 3563/3791/3696 1900/4089/3976
f 1915/1907/1866 3579/3792/3697 1916/4090/3977
f 3580/4499/4338 1916/4090/3977 3579/3792/3697
f 2010/3304/3227 1986/2665/2605 3596/4500/4339
f 3595/3793/3698 3596/4500/4339 1986/2665/2605
f 3612/4501/4340 2015/4472/4317 3611/3794/3699
f 2017/3795/3700 3611/3794/3699 2015/4472/4317
f 3594/3796/3701 3593/2617/2559 3642/3797/3702
f 3641/2618/2559 3642/3797/3702 3593/2617/2559
f 3572/4502/4341 3624/4503/4341 3573/3798/3703
f 3625/3799/3703 3573/3798/3703 3624/4503/4341
f 3670/3802/3704 3669/3227/3154 3370/2307/2260
f 3436/2842/2774 3370/2307/2260 3669/3227/3154
f 1738/4032/3926 3396/4031/3925 3676/3804/3706
f 3673/3803/3705 3676/3804/3706 3396/4031/3925
f 3479/2545/2496 3443/2544/2495 3690/4423/4278
f 3689/3232/3159 3690/4423/4278 3443/2544/2495
f 2842/4072/3960 2846/4220/4091 3693/1799/1759
f 2538/4504/4342 3693/1799/1759 2846/4220/4091
f 1399/2350/2302 1400/3963/3858 1408/2621/2562
f 1409/2322/2275 1408/2621/2562 1400/3963/3858
f 1422/4165/4045 1431/3826/3727 1421/4075/3963
f 1430/3950/3846 1421/4075/3963 1431/3826/3727
f 1466/3247/3174 1484/4271/4137 1465/3615/3530
f 1483/3240/3167 1465/3615/3530 1484/4271/4137
f 1471/4270/4136 1498/4272/4138 1470/2858/2790
f 1497/3255/3182 1470/2858/2790 1498/4272/4138
f 1551/3617/3532 1538/3618/3533 1553/2857/2789
f 1539/3248/3175 1553/2857/2789 1538/3618/3533
f 1566/1627/1588 1534/3954/3850 1575/1603/1564
f 1576/4466/4311 1575/1603/1564 1534/3954/3850
f 1448/2623/2564 1584/3622/3537 1449/2625/2566
f 1585/3636/3549 1449/2625/2566 1584/3622/3537
f 1533/4505/4343 1597/4273/4139 1565/4426/4281
f 1598/2861/2793 1565/4426/4281 1597/4273/4139
f 1381/3637/3550 1612/4274/4140 1380/1884/1843
f 1611/4194/4067 1380/1884/1843 1612/4274/4140
f 1627/1606/1567 1526/3270/3197 1626/1610/1571
f 1527/1611/1572 1626/1610/1571 1526/3270/3197
f 1437/3243/3170 1636/4277/4143 1436/3628/3543
f 1635/3265/3192 1436/3628/3543 1636/4277/4143
f 1518/4278/4144 1646/4279/4145 1517/3266/3193
f 1645/3269/3196 1517/3266/3193 1646/4279/4145
f 1571/1619/1580 1572/4427/4282 1657/1615/1576
f 1658/4467/4312 1657/1615/1576 1572/4427/4282
f 1545/4469/4314 1662/4282/4148 1678/4468/4313
f 1679/4284/4150 1678/4468/4313 1662/4282/4148
f 1413/4164/4044 1404/4083/3970 1697/4286/4152
f 1695/2351/2303 1697/4286/4152 1404/4083/3970
f 1458/3616/3531 1503/4076/3964 1706/3284/3207
f 1707/4288/4154 1706/3284/3207 1503/4076/3964
f 1585/3636/3549 1512/1876/1835 1713/3287/3210
f 1711/1878/1837 1713/3287/3210 1512/1876/1835
f 1718/4082/3969 1720/3292/3215 1521/2639/2580
f 1649/2640/2581 1521/2639/2580 1720/3292/3215
f 1380/1884/1843 1728/1883/1842 1381/3637/3550
f 1727/3638/3551 1381/3637/3550 1728/1883/1842
f 1821/2656/2596 1822/2359/2311 1747/3440/3363
f 1749/3441/3364 1747/3440/3363 1822/2359/2311
f 1779/3447/3370 1837/2657/2597 1781/3449/3372
f 1838/2360/2312 1781/3449/3372 1837/2657/2597
f 1856/1762/1722 1857/2710/2650 1815/1770/1730
f 1816/3964/3859 1815/1770/1730 1857/2710/2650
f 1872/2002/1961 1873/2003/1962 1831/4084/3971
f 1832/3965/3860 1831/4084/3971 1873/2003/1962
f 1848/3966/3861 1847/4087/3974 1889/2008/1967
f 1888/2006/1965 1889/2008/1967 1847/4087/3974
f 1965/4298/4163 1964/4470/4315 1907/2594/2539
f 1906/2831/2763 1907/2594/2539 1964/4470/4315
f 1981/4300/4165 1980/4471/4316 1923/2597/2542
f 1922/2834/2766 1923/2597/2542 1980/4471/4316
f 2016/4301/4166 2017/3795/3700 2014/4473/4318
f 2015/4472/4317 2014/4473/4318 2017/3795/3700
f 2070/2689/2629 2076/4302/4167 2091/3974/3869
f 2097/4303/4168 2091/3974/3869 2076/4302/4167
f 2114/1925/1884 2108/2672/2612 2097/4303/4168
f 2091/3974/3869 2097/4303/4168 2108/2672/2612
f 2161/3313/3236 2162/4305/4170 2110/3311/3234
f 2111/3312/3235 2110/3311/3234 2162/4305/4170
f 2118/3656/3569 2119/2671/2611 2169/3318/3241
f 2170/4307/4172 2169/3318/3241 2119/2671/2611
f 2178/3324/3247 2179/4310/4175 2144/3315/3238
f 2145/4306/4171 2144/3315/3238 2179/4310/4175
f 2152/3320/3243 2153/4308/4173 2186/3326/3249
f 2187/4311/4176 2186/3326/3249 2153/4308/4173
f 2229/3336/3259 2230/4316/4181 2263/3330/3253
f 2264/4313/4178 2263/3330/3253 2230/4316/4181
f 2271/3332/3255 2272/4314/4179 2237/3338/3261
f 2238/4317/4182 2237/3338/3261 2272/4314/4179
f 2212/3658/3571 2213/4429/4284 2280/3334/3257
f 2281/4315/4180 2280/3334/3257 2213/4429/4284
f 2288/3340/3263 2289/4318/4183 2220/3660/3573
f 2221/4430/4285 2220/3660/3573 2289/4318/4183
f 2212/3658/3571 2297/3342/3265 2213/4429/4284
f 2298/4319/4184 2213/4429/4284 2297/3342/3265
f 2305/3344/3267 2220/3660/3573 2306/4320/4185
f 2221/4430/4285 2306/4320/4185 2220/3660/3573
f 2316/1635/1596 2311/1634/1595 2322/1642/1603
f 2226/1640/1601 2322/1642/1603 2311/1634/1595
f 2070/2689/2629 2325/2383/2335 2076/4302/4167
f 2330/2949/2880 2076/4302/4167 2325/2383/2335
f 2084/1920/1879 2083/1919/1878 2338/2951/2882
f 2337/3665/3578 2338/2951/2882 2083/1919/1878
f 2256/2944/2875 2257/2945/2876 2347/2957/2888
f 2346/3666/3579 2347/2957/2888 2257/2945/2876
f 2356/4324/4189 2249/2942/2873 2355/2959/2890
f 2248/2940/2871 2355/2959/2890 2249/2942/2873
f 2316/1635/1596 2313/3661/3574 2362/3668/3581
f 2361/3366/3289 2362/3668/3581 2313/3661/3574
f 2378/4208/4080 2377/2963/2894 2046/4326/4191
f 2045/3694/3607 2046/4326/4191 2377/2963/2894
f 2396/2968/2899 2395/2969/2900 2374/3369/3292
f 2373/3846/3747 2374/3369/3292 2395/2969/2900
f 2181/2926/2857 2421/2702/2642 2147/2919/2850
f 2427/3983/3878 2147/2919/2850 2421/2702/2642
f 2418/3680/3593 2439/4476/4321 2417/2403/2355
f 2438/4327/4192 2417/2403/2355 2439/4476/4321
f 2452/3672/3585 2453/2970/2901 1868/3674/3587
f 1869/3296/3219 1868/3674/3587 2453/2970/2901
f 1876/2898/2829 2460/3675/3588 1877/4196/4069
f 2461/2972/2903 1877/4196/4069 2460/3675/3588
f 1885/3299/3222 1884/3676/3589 2469/2974/2905
f 2468/3678/3591 2469/2974/2905 1884/3676/3589
f 1892/2900/2831 2476/3679/3592 1893/4197/4070
f 2477/4188/4062 1893/4197/4070 2476/3679/3592
f 2502/4328/4193 2389/4104/3991 2439/4476/4321
f 2390/3982/3877 2439/4476/4321 2389/4104/3991
f 2522/2424/2376 2511/2014/1973 2400/4209/4081
f 2399/2016/1975 2400/4209/4081 2511/2014/1973
f 2386/1815/1775 3702/3614/3529 2478/1816/1776
f 2520/3681/3594 2478/1816/1776 3702/3614/3529
f 2539/2021/1980 2565/4329/4194 2540/2022/1981
f 2564/2714/2654 2540/2022/1981 2565/4329/4194
f 2563/2708/2648 2571/2709/2649 2509/2015/1974
f 2496/2706/2646 2509/2015/1974 2571/2709/2649
f 2412/1755/1715 2579/4213/4085 2413/4168/4048
f 2580/2985/2916 2413/4168/4048 2579/4213/4085
f 1950/2417/2369 2589/2989/2920 1951/3685/3598
f 2588/3686/3599 1951/3685/3598 2589/2989/2920
f 1943/3687/3600 1942/2413/2365 2596/3688/3601
f 2597/2991/2922 2596/3688/3601 1942/2413/2365
f 1935/3689/3602 1934/2410/2362 2604/3690/3603
f 2605/2995/2926 2604/3690/3603 1934/2410/2362
f 1927/2450/2402 1926/1651/1612 2612/3691/3604
f 2613/3695/3608 2612/3691/3604 1926/1651/1612
f 2622/3003/2934 2038/1983/1942 2621/3692/3605
f 2037/1981/1940 2621/3692/3605 2038/1983/1942
f 2629/3693/3606 2630/3009/2940 2045/3694/3607
f 2046/4326/4191 2045/3694/3607 2630/3009/2940
f 1954/4170/4050 2586/3988/3883 2031/1648/1609
f 2614/2999/2930 2031/1648/1609 2586/3988/3883
f 1740/2738/2678 1742/2085/2044 2643/2455/2407
f 2644/2069/2028 2643/2455/2407 1742/2085/2044
f 1774/2092/2051 2660/2075/2034 1772/2741/2681
f 2659/2458/2410 1772/2741/2681 2660/2075/2034
f 1804/2744/2684 1806/2099/2058 2675/2459/2411
f 2676/2076/2035 2675/2459/2411 1806/2099/2058
f 2653/4108/3995 2693/4337/4202 2652/2062/2021
f 2692/4477/4322 2652/2062/2021 2693/4337/4202
f 2668/2067/2026 2669/4109/3996 2708/4478/4323
f 2709/4340/4205 2708/4478/4323 2669/4109/3996
f 2766/4479/4324 2767/4506/4309 2329/4480/4325
f 2058/4507/4310 2329/4480/4325 2767/4506/4309
f 1734/3427/3350 1733/3426/3349 2797/3034/2964
f 2798/4343/4207 2797/3034/2964 1733/3426/3349
f 1752/2725/2665 1750/3710/3623 2806/4345/4209
f 2805/3443/3366 2806/4345/4209 1750/3710/3623
f 2813/3445/3368 2814/4346/4210 1766/3428/3351
f 1768/3430/3353 1766/3428/3351 2814/4346/4210
f 1782/3712/3625 2821/3448/3371 1784/2726/2666
f 2822/4347/4211 1784/2726/2666 2821/3448/3371
f 1800/3432/3355 1798/3431/3354 2830/4348/4212
f 2829/3450/3373 2830/4348/4212 1798/3431/3354
f 2536/2020/1979 2841/1795/1755 2537/2421/2373
f 2842/4072/3960 2537/2421/2373 2841/1795/1755
f 2529/2103/2062 2838/4432/4287 2850/2102/2061
f 2854/4349/4213 2850/2102/2061 2838/4432/4287
f 2942/3457/3380 2960/3488/3411 2943/3455/3378
f 2961/3490/3413 2943/3455/3378 2960/3488/3411
f 2973/3054/2984 2901/3057/2987 2972/3718/3631
f 2900/3059/2989 2972/3718/3631 2901/3057/2987
f 2908/3062/2992 2980/3721/3634 2909/3064/2994
f 2981/3056/2986 2909/3064/2994 2980/3721/3634
f 2990/3060/2990 2918/3725/3638 2989/3722/3635
f 2917/3465/3388 2989/3722/3635 2918/3725/3638
f 2925/2748/2688 2997/3724/3637 2926/2491/2443
f 2998/3061/2991 2926/2491/2443 2997/3724/3637
f 3009/4010/3905 2919/4221/4092 3010/3477/3400
f 2920/2747/2687 3010/3477/3400 2919/4221/4092
f 3067/2495/2447 3050/1697/1658 3068/3070/3000
f 3051/3726/3639 3068/3070/3000 3050/1697/1658
f 3101/3098/3028 3099/3727/3640 3084/3494/3417
f 3075/2132/2091 3084/3494/3417 3099/3727/3640
f 3036/2762/2702 3106/2170/2129 3119/4008/3903
f 3118/4117/4004 3119/4008/3903 3106/2170/2129
f 2857/3729/3642 3153/3728/3641 2858/4433/4288
f 3154/3082/3012 2858/4433/4288 3153/3728/3641
f 2865/3732/3645 3161/3733/3646 2866/4434/4289
f 3162/3083/3013 2866/4434/4289 3161/3733/3646
f 3170/3087/3017 3171/1700/1661 3021/3089/3019
f 2894/1699/1660 3021/3089/3019 3171/1700/1661
f 3177/3482/3405 3179/3497/3420 3078/3071/3001
f 3087/4012/3907 3078/3071/3001 3179/3497/3420
f 3187/3487/3410 2886/3738/3651 3188/4353/4217
f 2885/4435/4290 3188/4353/4217 2886/3738/3651
f 3195/3491/3414 2878/3740/3653 3196/4354/4218
f 2877/4436/4291 3196/4354/4218 2878/3740/3653
f 3210/4355/4219 3122/4438/4293 3209/4227/4098
f 3038/4228/4099 3209/4227/4098 3122/4438/4293
f 3096/3742/3655 3217/3493/3416 3041/4007/3902
f 3215/4120/4007 3041/4007/3902 3217/3493/3416
f 3043/3075/3005 3216/3881/3782 3178/3744/3657
f 3226/3496/3419 3178/3744/3657 3216/3881/3782
f 2727/4439/4294 2726/3745/3658 3234/4357/4221
f 3233/3500/3423 3234/4357/4221 2726/3745/3658
f 2735/4440/4295 2734/3747/3660 3242/4359/4223
f 3241/3504/3427 3242/4359/4223 2734/3747/3660
f 3249/3508/3431 3250/4361/4225 2742/3750/3663
f 2743/4441/4296 2742/3750/3663 3250/4361/4225
f 3258/4363/4227 2751/4442/4297 3257/3514/3437
f 2750/3751/3664 3257/3514/3437 2751/4442/4297
f 2758/3754/3667 3265/3518/3441 2759/4443/4298
f 3266/4366/4230 2759/4443/4298 3265/3518/3441
f 3275/3756/3669 3142/3757/3670 3276/3119/3049
f 3143/4444/4299 3276/3119/3049 3142/3757/3670
f 3284/3760/3671 3182/3761/3672 3281/4021/3915
f 3149/4173/4053 3281/4021/3915 3182/3761/3672
f 2519/4123/4010 3292/4122/4009 2518/4508/4344
f 3291/4482/4326 2518/4508/4344 3292/4122/4009
f 3331/4378/4242 3359/3899/3800 3329/4369/4233
f 3356/3532/3455 3329/4369/4233 3359/3899/3800
f 3352/3902/3803 3353/3539/3462 3336/4377/4241
f 3327/4371/4235 3336/4377/4241 3353/3539/3462
f 2859/4374/4238 3341/4236/4107 2858/4483/4327
f 3340/3128/3058 2858/4483/4327 3341/4236/4107
f 1620/4484/4328 1531/4375/4239 3333/4372/4236
f 3327/4371/4235 3333/4372/4236 1531/4375/4239
f 3329/4369/4233 3328/4370/4234 1550/4380/4244
f 1541/4486/4329 1550/4380/4244 3328/4370/4234
f 3456/3911/3812 3457/3562/3485 3430/4037/3931
f 3429/4136/4023 3430/4037/3931 3457/3562/3485
f 3366/2795/2735 3446/3775/3684 3364/4384/4247
f 3484/4488/4331 3364/4384/4247 3446/3775/3684
f 3409/2236/2195 3374/4029/3923 3410/2553/2504
f 3376/3907/3808 3410/2553/2504 3374/4029/3923
f 1651/4489/4332 1524/4381/4245 3390/4241/4112
f 3381/2803/2741 3390/4241/4112 1524/4381/4245
f 3404/2226/2185 2057/4490/4333 3405/2548/2499
f 2058/4465/4310 3405/2548/2499 2057/4490/4333
f 3484/4488/4331 3232/4491/3785 3447/4487/4330
f 2725/4509/3787 3447/4487/4330 3232/4491/3785
f 2880/4492/4334 2881/4388/4249 3460/3146/3076
f 3461/4240/4111 3460/3146/3076 2881/4388/4249
f 3418/4027/3921 2195/4493/4335 3417/4130/4017
f 2194/4391/4252 3417/4130/4017 2195/4493/4335
f 3082/4424/4279 3229/4393/4254 3479/2545/2496
f 3483/2220/2179 3479/2545/2496 3229/4393/4254
f 3355/3583/3502 3492/3582/3501 3334/3928/3824
f 3493/3926/3822 3334/3928/3824 3492/3582/3501
f 3508/4398/4257 3509/4449/3106 3476/2620/2561
f 3047/2619/2560 3476/2620/2561 3509/4449/3106
f 3513/3174/3104 3503/4249/3688 3518/4494/4336
f 3029/4510/3817 3518/4494/4336 3503/4249/3688
f 3038/3171/3101 3540/4496/3495 3475/3170/3100
f 3531/3177/3107 3475/3170/3100 3540/4496/3495
f 3546/3188/1691 3547/1729/1689 3498/3784/1689
f 3541/4050/3694 3498/3784/1689 3547/1729/1689
f 3524/4511/3503 2873/4512/3504 3522/4250/4119
f 3025/4251/4119 3522/4250/4119 2873/4512/3504
f 3559/1738/1698 3549/2276/2231 2765/1739/1699
f 2766/2277/2232 2765/1739/1699 3549/2276/2231
f 3565/4404/4259 1901/3970/3865 3564/4498/4337
f 1900/4089/3976 3564/4498/4337 1901/3970/3865
f 3581/4407/4262 1917/3971/3866 3580/4499/4338
f 1916/4090/3977 3580/4499/4338 1917/3971/3866
f 3596/4500/4339 3597/4408/4263 2010/3304/3227
f 2012/3305/3228 2010/3304/3227 3597/4408/4263
f 3561/3589/3508 1897/2363/2315 3612/4501/4340
f 2015/4472/4317 3612/4501/4340 1897/2363/2315
f 3639/4413/4268 3640/4070/3959 3587/4415/4270
f 3588/4071/3959 3587/4415/4270 3640/4070/3959
f 3571/4416/4271 3623/4418/4273 3572/4502/4341
f 3624/4503/4341 3572/4502/4341 3623/4418/4273
f 3659/4421/4276 3660/4420/4275 2774/3940/3836
f 2495/3941/3837 2774/3940/3836 3660/4420/4275
f 3384/2614/2556 3670/3802/3704 1556/4160/4040
f 3671/4422/4277 1556/4160/4040 3670/3802/3704
f 3690/4423/4278 3689/3232/3159 3478/2785/2725
f 3442/2784/2724 3478/2785/2725 3689/3232/3159
f 2845/3045/2975 2837/1668/1629 2538/4504/4342
f 3693/1799/1759 2538/4504/4342 2837/1668/1629
f 3205/1811/1771 3203/1814/1774 3062/2136/2095
f 3045/1694/1655 3062/2136/2095 3203/1814/1774
f 2552/1817/1777 3702/3614/3529 2555/3392/3315
f 2521/3390/3313 2555/3392/3315 3702/3614/3529
f 3824/4513/4345 3818/4514/4345 3823/4515/4345
f 3822/4516/4345 3823/4515/4345 3818/4514/4345
f 3818/4514/4345 3811/4517/4345 3822/4516/4345
f 3821/4518/4345 3822/4516/4345 3811/4517/4345
f 3811/4517/4345 3812/4519/4345 3821/4518/4345
f 3820/4520/4345 3821/4518/4345 3812/4519/4345
f 3812/4519/4345 3813/4521/4345 3820/4520/4345
f 3819/4522/4345 3820/4520/4345 3813/4521/4345
f 3813/4521/4345 3814/4523/4345 3819/4522/4345
f 3817/4524/4345 3819/4522/4345 3814/4523/4345
f 3814/4523/4345 3815/4525/4345 3817/4524/4345
f 3816/4526/4345 3817/4524/4345 3815/4525/4345
f 3771/4527/4346 3772/4528/4347 3794/4529/4345
f 3793/4530/4345 3794/4529/4345 3772/4528/4347
f 3772/4528/4347 3773/4531/4345 3793/4530/4345
f 3792/4532/4348 3793/4530/4345 3773/4531/4345
f 3773/4531/4345 3774/4533/4345 3792/4532/4348
f 3791/4534/4345 3792/4532/4348 3774/4533/4345
f 3774/4533/4345 3775/4535/4345 3791/4534/4345
f 3790/4536/4345 3791/4534/4345 3775/4535/4345
f 3775/4535/4345 3776/4537/4345 3790/4536/4345
f 3789/4538/4345 3790/4536/4345 3776/4537/4345
f 3776/4537/4345 3777/4539/4345 3789/4538/4345
f 3788/4540/4345 3789/4538/4345 3777/4539/4345
f 3777/4539/4345 3778/4541/4345 3788/4540/4345
f 3787/4542/4345 3788/4540/4345 3778/4541/4345
f 3778/4541/4345 3779/4543/4345 3787/4542/4345
f 3786/4544/4345 3787/4542/4345 3779/4543/4345
f 3779/4543/4345 3780/4545/4345 3786/4544/4345
f 3785/4546/4345 3786/4544/4345 3780/4545/4345
f 3780/4545/4345 3781/4547/4347 3785/4546/4345
f 3784/4548/4345 3785/4546/4345 3781/4547/4347
f 3781/4547/4347 3782/4549/4345 3784/4548/4345
f 3783/4550/4345 3784/4548/4345 3782/4549/4345
f 3802/4551/4345 3803/4552/4345 3801/4553/4345
f 3800/4554/4345 3801/4553/4345 3803/4552/4345
f 3803/4552/4345 3804/4555/4345 3800/4554/4345
f 3799/4556/4345 3800/4554/4345 3804/4555/4345
f 3804/4555/4345 3805/4557/4345 3799/4556/4345
f 3798/4558/4345 3799/4556/4345 3805/4557/4345
f 3805/4557/4345 3806/4559/4345 3798/4558/4345
f 3797/4560/4345 3798/4558/4345 3806/4559/4345
f 3806/4559/4345 3807/4561/4345 3797/4560/4345
f 3796/4562/4345 3797/4560/4345 3807/4561/4345
f 3807/4561/4345 3808/4563/4345 3796/4562/4345
f 3795/4564/4345 3796/4562/4345 3808/4563/4345
f 3808/4563/4345 3809/4565/4345 3795/4564/4345
f 3810/4566/4345 3795/4564/4345 3809/4565/4345
f 3842/4567/4349 3741/4568/4350 3843/4569/4351
f 3742/4570/4352 3843/4569/4351 3741/4568/4350
f 3851/4571/4353 3704/4572/4354 3732/4573/4355
f 3731/4574/4356 3732/4573/4355 3704/4572/4354
f 3769/4575/4357 3770/4576/4358 3717/4577/4359
f 3716/4578/4360 3717/4577/4359 3770/4576/4358
f 3830/4579/4361 3829/4580/4362 3727/4581/4363
f 3726/4582/4364 3727/4581/4363 3829/4580/4362
f 3845/4583/4365 3744/4584/4366 3836/4585/4367
f 3745/4586/4368 3836/4585/4367 3744/4584/4366
f 3768/4587/4369 3715/4588/4370 3770/4576/4358
f 3716/4578/4360 3770/4576/4358 3715/4588/4370
f 3846/4589/4371 3734/4590/4372 3848/4591/4373
f 3735/4592/4374 3848/4591/4373 3734/4590/4372
f 3850/4593/4375 3849/4594/4376 3730/4595/4377
f 3729/4596/4378 3730/4595/4377 3849/4594/4376
f 3754/4597/4379 3705/4598/4380 3719/4599/4381
f 3718/4600/4382 3719/4599/4381 3705/4598/4380
f 3757/4601/4383 3756/4602/4384 3722/4603/4385
f 3721/4604/4386 3722/4603/4385 3756/4602/4384
f 3832/4605/4387 3839/4606/4388 3749/4607/4389
f 3748/4608/4390 3749/4607/4389 3839/4606/4388
f 3834/4609/4391 3833/4610/4392 3751/4611/4393
f 3750/4612/4394 3751/4611/4393 3833/4610/4392
f 3718/4600/4382 3713/4613/4395 3719/4599/4381
f 3712/4614/4396 3719/4599/4381 3713/4613/4395
f 3837/4615/4397 3746/4616/4398 3838/4617/4399
f 3747/4618/4400 3838/4617/4399 3746/4616/4398
f 3838/4617/4399 3747/4618/4400 3839/4606/4388
f 3748/4608/4390 3839/4606/4388 3747/4618/4400
f 3705/4598/4380 3769/4575/4357 3718/4600/4382
f 3717/4577/4359 3718/4600/4382 3769/4575/4357
f 3767/4619/4401 3766/4620/4402 3714/4621/4403
f 3713/4613/4395 3714/4621/4403 3766/4620/4402
f 3848/4591/4373 3735/4592/4374 3847/4622/4404
f 3736/4623/4405 3847/4622/4404 3735/4592/4374
f 3825/4624/4406 3737/4625/4407 3840/4626/4408
f 3738/4627/4409 3840/4626/4408 3737/4625/4407
f 3840/4626/4408 3738/4627/4409 3703/4628/4410
f 3739/4629/4411 3703/4628/4410 3738/4627/4409
f 3758/4630/4412 3757/4601/4383 3723/4631/4413
f 3722/4603/4385 3723/4631/4413 3757/4601/4383
f 3844/4632/4414 3743/4633/4415 3845/4583/4365
f 3744/4584/4366 3845/4583/4365 3743/4633/4415
f 3843/4569/4351 3742/4570/4352 3844/4632/4414
f 3743/4633/4415 3844/4632/4414 3742/4570/4352
f 3733/4634/4416 3732/4573/4355 3736/4623/4405
f 3737/4625/4407 3736/4623/4405 3732/4573/4355
f 3759/4635/4417 3706/4636/4418 3760/4637/4419
f 3707/4638/4420 3760/4637/4419 3706/4636/4418
f 3841/4639/4421 3740/4640/4422 3842/4567/4349
f 3741/4568/4350 3842/4567/4349 3740/4640/4422
f 3737/4625/4407 3732/4573/4355 3738/4627/4409
f 3731/4574/4356 3738/4627/4409 3732/4573/4355
f 3767/4619/4401 3714/4621/4403 3768/4587/4369
f 3715/4588/4370 3768/4587/4369 3714/4621/4403
f 3827/4641/4423 3826/4642/4424 3724/4643/4425
f 3753/4644/4426 3724/4643/4425 3826/4642/4424
f 3846/4589/4371 3852/4645/4427 3734/4590/4372
f 3733/4634/4416 3734/4590/4372 3852/4645/4427
f 3758/4630/4412 3723/4631/4413 3759/4635/4417
f 3706/4636/4418 3759/4635/4417 3723/4631/4413
f 3755/4646/4428 3754/4597/4379 3720/4647/4429
f 3719/4599/4381 3720/4647/4429 3754/4597/4379
f 3849/4594/4376 3831/4648/4430 3729/4596/4378
f 3728/4649/4431 3729/4596/4378 3831/4648/4430
f 3703/4628/4410 3739/4629/4411 3841/4639/4421
f 3740/4640/4422 3841/4639/4421 3739/4629/4411
f 3720/4647/4429 3719/4599/4381 3711/4650/4432
f 3712/4614/4396 3711/4650/4432 3719/4599/4381
f 3704/4572/4354 3850/4593/4375 3731/4574/4356
f 3730/4595/4377 3731/4574/4356 3850/4593/4375
f 3828/4651/4433 3827/4641/4423 3725/4652/4434
f 3724/4643/4425 3725/4652/4434 3827/4641/4423
f 3714/4621/4403 3713/4613/4395 3717/4577/4359
f 3718/4600/4382 3717/4577/4359 3713/4613/4395
f 3836/4585/4367 3745/4586/4368 3837/4615/4397
f 3746/4616/4398 3837/4615/4397 3745/4586/4368
f 3852/4645/4427 3851/4571/4353 3733/4634/4416
f 3732/4573/4355 3733/4634/4416 3851/4571/4353
f 3760/4637/4419 3707/4638/4420 3761/4653/4435
f 3708/4654/4436 3761/4653/4435 3707/4638/4420
f 3762/4655/4437 3761/4653/4435 3709/4656/4438
f 3708/4654/4436 3709/4656/4438 3761/4653/4435
f 3829/4580/4362 3828/4651/4433 3726/4582/4364
f 3725/4652/4434 3726/4582/4364 3828/4651/4433
f 3835/4657/4439 3834/4609/4391 3752/4658/4440
f 3751/4611/4393 3752/4658/4440 3834/4609/4391
f 3763/4659/4441 3762/4655/4437 3710/4660/4442
f 3709/4656/4438 3710/4660/4442 3762/4655/4437
f 3764/4661/4443 3763/4659/4441 3711/4650/4432
f 3710/4660/4442 3711/4650/4432 3763/4659/4441
f 3847/4622/4404 3736/4623/4405 3825/4624/4406
f 3737/4625/4407 3825/4624/4406 3736/4623/4405
f 3720/4647/4429 3711/4650/4432 3721/4604/4386
f 3722/4603/4385 3721/4604/4386 3711/4650/4432
f 3711/4650/4432 3710/4660/4442 3722/4603/4385
f 3723/4631/4413 3722/4603/4385 3710/4660/4442
f 3710/4660/4442 3709/4656/4438 3723/4631/4413
f 3706/4636/4418 3723/4631/4413 3709/4656/4438
f 3709/4656/4438 3708/4654/4436 3706/4636/4418
f 3707/4638/4420 3706/4636/4418 3708/4654/4436
f 3756/4602/4384 3755/4646/4428 3721/4604/4386
f 3720/4647/4429 3721/4604/4386 3755/4646/4428
f 3715/4588/4370 3714/4621/4403 3716/4578/4360
f 3717/4577/4359 3716/4578/4360 3714/4621/4403
f 3743/4633/4415 3742/4570/4352 3744/4584/4366
f 3745/4586/4368 3744/4584/4366 3742/4570/4352
f 3742/4570/4352 3741/4568/4350 3745/4586/4368
f 3746/4616/4398 3745/4586/4368 3741/4568/4350
f 3741/4568/4350 3740/4640/4422 3746/4616/4398
f 3747/4618/4400 3746/4616/4398 3740/4640/4422
f 3740/4640/4422 3739/4629/4411 3747/4618/4400
f 3748/4608/4390 3747/4618/4400 3739/4629/4411
f 3739/4629/4411 3738/4627/4409 3748/4608/4390
f 3749/4607/4389 3748/4608/4390 3738/4627/4409
f 3738/4627/4409 3731/4574/4356 3749/4607/4389
f 3750/4612/4394 3749/4607/4389 3731/4574/4356
f 3731/4574/4356 3730/4595/4377 3750/4612/4394
f 3751/4611/4393 3750/4612/4394 3730/4595/4377
f 3730/4595/4377 3729/4596/4378 3751/4611/4393
f 3752/4658/4440 3751/4611/4393 3729/4596/4378
f 3729/4596/4378 3728/4649/4431 3752/4658/4440
f 3753/4644/4426 3752/4658/4440 3728/4649/4431
f 3728/4649/4431 3727/4581/4363 3753/4644/4426
f 3724/4643/4425 3753/4644/4426 3727/4581/4363
f 3727/4581/4363 3726/4582/4364 3724/4643/4425
f 3725/4652/4434 3724/4643/4425 3726/4582/4364
f 3831/4648/4430 3830/4579/4361 3728/4649/4431
f 3727/4581/4363 3728/4649/4431 3830/4579/4361
f 3766/4620/4402 3765/4662/4444 3713/4613/4395
f 3712/4614/4396 3713/4613/4395 3765/4662/4444
f 3826/4642/4424 3835/4657/4439 3753/4644/4426
f 3752/4658/4440 3753/4644/4426 3835/4657/4439
f 3833/4610/4392 3832/4605/4387 3750/4612/4394
f 3749/4607/4389 3750/4612/4394 3832/4605/4387
f 3733/4634/4416 3736/4623/4405 3734/4590/4372
f 3735/4592/4374 3734/4590/4372 3736/4623/4405
f 3765/4662/4444 3764/4661/4443 3712/4614/4396
f 3711/4650/4432 3712/4614/4396 3764/4661/4443
s 0
f 899/4663/4445 902/4663/4445 898/4663/4445
f 932/4663/4446 933/4663/4446 927/4663/4446
f 900/4663/4447 902/4663/4447 899/4663/4447
f 902/4663/4448 896/4663/4448 897/4663/4448
f 902/4663/4449 897/4663/4449 898/4663/4449
f 901/4663/4450 902/4663/4450 900/4663/4450
f 940/4663/4451 935/4663/4451 936/4663/4451
f 894/4663/4452 895/4663/4452 965/4663/4452
f 893/4663/4453 894/4663/4453 965/4663/4453
f 947/4663/4454 948/4663/4454 949/4663/4454
f 892/4663/4455 893/4663/4455 891/4663/4455
f 961/4663/4456 962/4663/4456 944/4663/4456
f 965/4663/4457 895/4663/4457 964/4663/4457
f 910/4663/4458 911/4663/4458 909/4663/4458
f 904/4663/4459 964/4663/4459 903/4663/4459
f 921/4663/4460 922/4663/4460 915/4663/4460
f 908/4663/4461 911/4663/4461 912/4663/4461
f 905/4663/4462 962/4663/4462 904/4663/4462
f 938/4663/4463 939/4663/4463 940/4663/4463
f 923/4663/4464 924/4663/4464 905/4663/4464
f 906/4663/4465 907/4663/4465 922/4663/4465
f 913/4663/4466 914/4663/4466 908/4663/4466
f 946/4663/4467 949/4663/4467 950/4663/4467
f 945/4663/4468 952/4663/4468 953/4663/4468
f 905/4663/4469 906/4663/4469 923/4663/4469
f 922/4663/4470 923/4663/4470 906/4663/4470
f 922/4663/4471 907/4663/4471 914/4663/4471
f 916/4663/4472 917/4663/4472 921/4663/4472
f 915/4663/4473 922/4663/4473 914/4663/4473
f 914/4663/4474 907/4663/4474 908/4663/4474
f 962/4663/4475 924/4663/4475 943/4663/4475
f 965/4663/4476 966/4663/4476 891/4663/4476
f 956/4663/4477 958/4663/4477 959/4663/4477
f 908/4663/4478 912/4663/4478 913/4663/4478
f 918/4663/4479 921/4663/4479 917/4663/4479
f 955/4663/4480 956/4663/4480 959/4663/4480
f 955/4663/4481 959/4663/4481 954/4663/4481
f 919/4663/4482 920/4663/4482 918/4663/4482
f 954/4663/4483 959/4663/4483 953/4663/4483
f 918/4663/4484 920/4663/4484 921/4663/4484
f 960/4663/4485 945/4663/4485 953/4663/4485
f 924/4663/4486 925/4663/4486 942/4663/4486
f 929/4663/4487 931/4663/4487 927/4663/4487
f 936/4663/4488 937/4663/4488 938/4663/4488
f 962/4663/4489 943/4663/4489 944/4663/4489
f 962/4663/4490 963/4663/4490 904/4663/4490
f 903/4663/4491 895/4663/4491 896/4663/4491
f 952/4663/4492 945/4663/4492 946/4663/4492
f 961/4663/4493 944/4663/4493 945/4663/4493
f 963/4663/4494 964/4663/4494 904/4663/4494
f 927/4663/4495 933/4663/4495 926/4663/4495
f 902/4663/4496 903/4663/4496 896/4663/4496
f 951/4663/4497 952/4663/4497 946/4663/4497
f 950/4663/4498 951/4663/4498 946/4663/4498
f 956/4663/4499 957/4663/4499 958/4663/4499
f 960/4663/4500 961/4663/4500 945/4663/4500
f 946/4663/4501 947/4663/4501 949/4663/4501
f 943/4663/4502 924/4663/4502 942/4663/4502
f 942/4663/4503 925/4663/4503 941/4663/4503
f 911/4663/4504 908/4663/4504 909/4663/4504
f 895/4663/4505 903/4663/4505 964/4663/4505
f 925/4663/4506 926/4663/4506 941/4663/4506
f 930/4663/4507 931/4663/4507 929/4663/4507
f 934/4663/4508 941/4663/4508 926/4663/4508
f 940/4663/4509 941/4663/4509 934/4663/4509
f 931/4663/4510 932/4663/4510 927/4663/4510
f 940/4663/4511 934/4663/4511 935/4663/4511
f 928/4663/4512 929/4663/4512 927/4663/4512
f 924/4663/4513 962/4663/4513 905/4663/4513
f 933/4663/4514 934/4663/4514 926/4663/4514
f 936/4663/4515 938/4663/4515 940/4663/4515
f 959/4663/4516 960/4663/4516 953/4663/4516
f 893/4663/4517 965/4663/4517 891/4663/4517
f 916/4663/4518 921/4663/4518 915/4663/4518
