{
  "Colors": [ [ 0.500653565, 0.7490196, 0.3764706, 0.0 ], [ 1.0, 0.875, 0.25, 0.0 ], [ 1.0, 0.250980377, 0.250980377, 0.0 ], [ 0.7490196, 0.3764706, 0.686928153, 0.0 ], [ 0.5006535, 0.3764706, 0.7490196, 0.0 ], [ 0.3764706, 0.5627451, 0.7490196, 0.0 ]
  ],
  "ColorMethod": 1,
  "GeneratorType": 4,
  "GeneratorParameters": {
    "type": 2,
    "sides": 4,
    "height": 0.9744699,
    "capheight": 0.9744699
  },
  "Vertices": null,
  "Faces": null,
  "FaceRoles": null,
  "VertexRoles": null,
  "FaceTags": null,
  "Operations": []
}
